sha	parents	author_time	committer_time	refs	in_h0	scope	type	modules	diff_evidence	review_depth	current_mapping	conclusion	finding_ids	verification	subject
8b156fca59f0337a6afc6d722941666fcf143080	5780f6165373d8a8cfdba79b3bee63c576afd746 1e48386f35a56c703ed8558fc83125511dd5eec8	2026-09-27T14:17:58+08:00	2026-09-27T14:17:58+08:00	chore/publish dev origin/dev	yes	H0 reachable	merge/integration	Inkeys/IdtMain.cpp;Inkeys/Inkeys/Drawing/Draw3/Draw3.DrawingController.cpp;Inkeys/Inkeys/Drawing/Draw3/Draw3.HiddenWindowTest.cpp;Inkeys/Inkeys/Drawing/Draw3/Draw3.Host.cpp;Inkeys/Inkeys/Drawing/Draw3/Draw3.SpeedEraser.cpp;Inkeys/Inkeys/Drawing/Draw3/Draw3.SpeedEraser.h;Inkeys/Inkeys/UI/Setting/Setting.cpp;Inkeys/src/i18n/en-US.jsonc	p1:64files:cf234e03e154558a | p2:0files:e3b0c44298fc1c14 | uniq=64 +3102/-735 | @@ -282,0 +283,2 @@;@@ -277,0 +278 @@	two-parent full patch indexed; remerge-diff empty	Inkeys/IdtMain.cpp;Inkeys/Inkeys/Drawing/Draw3/Draw3.DrawingController.cpp;Inkeys/Inkeys/Drawing/Draw3/Draw3.HiddenWindowTest.cpp;Inkeys/Inkeys/Drawing/Draw3/Draw3.Host.cpp;Inkeys/Inkeys/Drawing/Draw3/Draw3.SpeedEraser.cpp	合并自身无独立冲突解决；分支内容在各 SHA 单审		git --remerge-diff static check; runtime not run	Merge pull request #219 from Alan-CRL/bugfix/eraser
1e48386f35a56c703ed8558fc83125511dd5eec8	22706ee45b74bb5e01c93b04179ef94fa136b5b0	2026-09-27T14:16:18+08:00	2026-09-27T14:16:18+08:00	bugfix/eraser chore/publish dev origin/bugfix/eraser origin/dev	yes	H0 reachable	ordinary/documentation/task-state	docs/Trellis	p1:61files:d2b5e3d39943cff4 | uniq=61 +1479/-1123 | @@ -1,12 +0,0 @@;@@ -1,73 +0,0 @@	brief full patch/path/security-token scan	metadata only	仅 Trellis 文档/任务记录，未改产品代码；本项无确认产品缺陷		static diff only; runtime not applicable	chore(trellis): archive speed eraser task before canary
22706ee45b74bb5e01c93b04179ef94fa136b5b0	aea346c8972003b280fcfa1737003b468c369dd6 5780f6165373d8a8cfdba79b3bee63c576afd746	2026-09-27T13:33:39+08:00	2026-09-27T13:33:39+08:00	bugfix/eraser chore/publish dev origin/bugfix/eraser origin/dev	yes	H0 reachable	merge/integration	Inkeys/IdtConfiguration.cpp;Inkeys/IdtConfiguration.h;Inkeys/IdtI18nKeys.g.h;Inkeys/IdtMain.cpp;Inkeys/IdtPlug-in.cpp;Inkeys/IdtPlug-in.h;Inkeys/IdtState.cpp;Inkeys/IdtState.h	p1:172files:33e4a9ab9ecdf167 | p2:39files:34832e7183fccd96 | uniq=195 +15604/-1174 | @@ -49,0 +50,5 @@;@@ -155,0 +156,2 @@	two-parent full patch indexed; remerge-diff empty	Inkeys/IdtConfiguration.cpp;Inkeys/IdtConfiguration.h;Inkeys/IdtI18nKeys.g.h;Inkeys/IdtMain.cpp;Inkeys/IdtPlug-in.cpp	合并自身无独立冲突解决；分支内容在各 SHA 单审		git --remerge-diff static check; runtime not run	Merge dev into bugfix/eraser
5780f6165373d8a8cfdba79b3bee63c576afd746	3b09d46eb1fb95cc61609614f61c4bc26348b241 21624873e8a7f6611eadc554c72033b3c7a91fab	2026-09-27T12:29:11+08:00	2026-09-27T12:29:11+08:00	bugfix/eraser chore/publish dev origin/bugfix/eraser origin/dev	yes	H0 reachable	merge/integration	Inkeys/IdtMain.cpp;Inkeys/Inkeys.vcxproj;Inkeys/Inkeys.vcxproj.filters;Inkeys/Inkeys/UI/Bar/Bar.FramePacing.cppm;Inkeys/Inkeys/UI/Bar/Bar.RenderLoop.cpp;Inkeys/Inkeys/UI/Bar/Bar.Rendering.cpp;Inkeys/Inkeys/UI/Bar/Bar.Scene.cpp;Inkeys/Inkeys/UI/PageControl/PageControl.cpp	p1:54files:96dd2033aa546c60 | p2:0files:e3b0c44298fc1c14 | uniq=54 +3950/-67 | @@ -12,0 +13 @@;@@ -766,0 +767,59 @@	two-parent full patch indexed; remerge-diff empty	Inkeys/IdtMain.cpp;Inkeys/Inkeys.vcxproj;Inkeys/Inkeys.vcxproj.filters;Inkeys/Inkeys/UI/Bar/Bar.FramePacing.cppm;Inkeys/Inkeys/UI/Bar/Bar.RenderLoop.cpp	合并自身无独立冲突解决；分支内容在各 SHA 单审		git --remerge-diff static check; runtime not run	Merge pull request #218 from Alan-CRL/bugfix/animation
21624873e8a7f6611eadc554c72033b3c7a91fab	72b8b39955660c6f678eb3f7e53ec92dbf6087b4 3b09d46eb1fb95cc61609614f61c4bc26348b241	2026-09-27T11:38:10+08:00	2026-09-27T11:38:10+08:00	bugfix/animation bugfix/eraser chore/publish dev origin/bugfix/eraser origin/dev	yes	H0 reachable	merge/integration	Inkeys/IdtConfiguration.cpp;Inkeys/IdtConfiguration.h;Inkeys/IdtMain.cpp;Inkeys/IdtPlug-in.cpp;Inkeys/IdtPlug-in.h;Inkeys/IdtState.cpp;Inkeys/IdtState.h;Inkeys/Inkeys.vcxproj	p1:106files:8b9bea345be30d91 | p2:54files:96dd2033aa546c60 | uniq=148 +11627/-1033 | @@ -49,0 +50,5 @@;@@ -155,0 +156,2 @@	two-parent full patch indexed; remerge-diff empty	Inkeys/IdtConfiguration.cpp;Inkeys/IdtConfiguration.h;Inkeys/IdtMain.cpp;Inkeys/IdtPlug-in.cpp;Inkeys/IdtPlug-in.h	合并自身无独立冲突解决；分支内容在各 SHA 单审		git --remerge-diff static check; runtime not run	Merge origin/dev into bugfix/animation
3b09d46eb1fb95cc61609614f61c4bc26348b241	232a907bd2bfdeb15d1c0fcf6bb436cd0db79720 14774e4b49aaaa620feae3cdf245ee05920fd1e4	2026-09-27T11:14:27+08:00	2026-09-27T11:14:27+08:00	bugfix/animation bugfix/eraser chore/publish dev origin/bugfix/eraser origin/dev	yes	H0 reachable	merge/integration	Inkeys/IdtConfiguration.cpp;Inkeys/IdtConfiguration.h;Inkeys/IdtMain.cpp;Inkeys/IdtPlug-in.cpp;Inkeys/IdtPlug-in.h;Inkeys/IdtState.cpp;Inkeys/IdtState.h;Inkeys/Inkeys.vcxproj	p1:106files:136c7e4df1ec8799 | p2:0files:e3b0c44298fc1c14 | uniq=106 +7679/-964 | @@ -49,0 +50,5 @@;@@ -155,0 +156,2 @@	two-parent full patch indexed; remerge-diff empty	Inkeys/IdtConfiguration.cpp;Inkeys/IdtConfiguration.h;Inkeys/IdtMain.cpp;Inkeys/IdtPlug-in.cpp;Inkeys/IdtPlug-in.h	合并自身无独立冲突解决；分支内容在各 SHA 单审		git --remerge-diff static check; runtime not run	Merge pull request #217 from Alan-CRL/bugfix/pptui
14774e4b49aaaa620feae3cdf245ee05920fd1e4	a3d1ed74ebfa154f03658d19724530e1347adf84 232a907bd2bfdeb15d1c0fcf6bb436cd0db79720	2026-09-27T10:59:05+08:00	2026-09-27T10:59:05+08:00	bugfix/animation bugfix/eraser bugfix/pptui chore/publish dev origin/bugfix/eraser origin/dev	yes	H0 reachable	merge/integration	Inkeys/IdtI18nKeys.g.h;Inkeys/IdtMain.cpp;Inkeys/Inkeys/Drawing/Draw3/Draw3.Bridge.h;Inkeys/Inkeys/Drawing/Draw3/Draw3.Diagnostics.cpp;Inkeys/Inkeys/Drawing/Draw3/Draw3.Diagnostics.cppm;Inkeys/Inkeys/Drawing/Draw3/Draw3.DrawingController.cpp;Inkeys/Inkeys/Drawing/Draw3/Draw3.DrawingController.cppm;Inkeys/Inkeys/Drawing/Draw3/Draw3.HiddenWindowTest.cpp	p1:41files:85848ee8e10f6307 | p2:106files:136c7e4df1ec8799 | uniq=128 +9457/-1022 | @@ -51 +51 @@;@@ -67 +67 @@	two-parent full patch indexed; remerge-diff empty	Inkeys/IdtI18nKeys.g.h;Inkeys/IdtMain.cpp;Inkeys/Inkeys/Drawing/Draw3/Draw3.Bridge.h;Inkeys/Inkeys/Drawing/Draw3/Draw3.Diagnostics.cpp;Inkeys/Inkeys/Drawing/Draw3/Draw3.Diagnostics.cppm	合并自身无独立冲突解决；分支内容在各 SHA 单审		git --remerge-diff static check; runtime not run	Merge origin/dev into bugfix/pptui
a3d1ed74ebfa154f03658d19724530e1347adf84	f6ade9395796d9c90ff963bb7471d9a10904aca5	2026-09-27T10:35:53+08:00	2026-09-27T10:35:53+08:00	bugfix/animation bugfix/eraser bugfix/pptui chore/publish dev origin/bugfix/eraser origin/dev	yes	H0 reachable	ordinary/documentation/task-state	docs/Trellis	p1:2files:afef14db7e76b213 | uniq=2 +40/-1 | @@ -11,2 +11,2 @@;@@ -22 +22 @@	brief full patch/path/security-token scan	metadata only	仅 Trellis 文档/任务记录，未改产品代码；本项无确认产品缺陷		static diff only; runtime not applicable	chore: record journal
f6ade9395796d9c90ff963bb7471d9a10904aca5	d7b9ec12a8dda8f314fffe7575b9b828d75455d4	2026-09-27T10:35:06+08:00	2026-09-27T10:35:06+08:00	bugfix/animation bugfix/eraser bugfix/pptui chore/publish dev origin/bugfix/eraser origin/dev	yes	H0 reachable	ordinary/documentation/task-state	docs/Trellis	p1:44files:26a77eba7b2b5a44 | uniq=44 +993/-678 | @@ -1,17 +0,0 @@;@@ -1,48 +0,0 @@	brief full patch/path/security-token scan	metadata only	仅 Trellis 文档/任务记录，未改产品代码；本项无确认产品缺陷		static diff only; runtime not applicable	chore(task): archive 09-25-ppt-ui3-scene-and-page-sync
d7b9ec12a8dda8f314fffe7575b9b828d75455d4	1cd45e575c6beb678c2ebfd7ccb61a95d040007a	2026-09-27T10:28:03+08:00	2026-09-27T10:28:03+08:00	bugfix/animation bugfix/eraser bugfix/pptui chore/publish dev origin/bugfix/eraser origin/dev	yes	H0 reachable	ordinary/product-code/assets	Inkeys/IdtState.cpp	p1:2files:5330f93254bce98d | uniq=2 +35/-11 | @@ -15 +15 @@;@@ -66 +66 @@ | code_change=IdtState.cpp:+std::uint64_t modeRevision = 0;;IdtState.cpp:+bool modeSelection = false;;IdtState.cpp:+std::scoped_lock modeLock(stateModeTransitionMutex);	full diff + current caller/callee/failure-path static review	mode revision snapshot/guard; stale visibility retries	静态当前调用链已审：旧 mode revision 被阻止提交；未见本项新确认问题		static only; relevant headless/GUI execution not independently run	fix(ppt): reject stale drawpad visibility after mode changes
1cd45e575c6beb678c2ebfd7ccb61a95d040007a	900ab31fc1730f691c072d24d6ca968bea284bed	2026-09-27T09:57:04+08:00	2026-09-27T09:57:04+08:00	bugfix/animation bugfix/eraser bugfix/pptui chore/publish dev origin/bugfix/eraser origin/dev	yes	H0 reachable	ordinary/product-code/assets	Inkeys/IdtConfiguration.h;Inkeys/IdtPlug-in.cpp;Inkeys/IdtState.cpp;Inkeys/IdtState.h;Inkeys/Inkeys/UI/Setting/Setting.cpp;Inkeys/PptCOM.dll;Inkeys/PptCOM.tlb;PptCOM.Tests/SlideShowSessionTests.cs	p1:11files:7d4eedb9ec89a5c7 | uniq=11 +317/-84 | @@ -101,0 +102,48 @@;@@ -159,0 +160,3 @@ | code_change=IdtConfiguration.h:+inline constexpr bool kPptLoadingPageEnabled = false;;IdtPlug-in.cpp:-int GetPptSlideShowAnnotationTool();IdtPlug-in.cpp:+int GetPptSlideShowAnnotationTool(const IPptCOMServerPtr& pptCom)	full diff + current caller/callee/failure-path static review	PPT annotation tool via revision-guarded IdtState entry; concurrent Bar writer remains	当前跨入口竞争 AUD-B1-003；本提交引入 PPT 端锁内笔型写	AUD-B1-003	static only; relevant headless/GUI execution not independently run	fix(ppt): disable loading page and restore annotation takeover
900ab31fc1730f691c072d24d6ca968bea284bed	69d780fb046d096f4c81b7961d3a7907ce7ab594	2026-09-26T14:54:21+08:00	2026-09-26T14:54:21+08:00	bugfix/animation bugfix/eraser bugfix/pptui chore/publish dev origin/bugfix/eraser origin/dev	yes	H0 reachable	ordinary/product-code/assets	Inkeys/IdtConfiguration.cpp;Inkeys/IdtState.cpp;Inkeys/PptSettingsPersistence.h	p1:6files:ba719f7bdacf5713 | uniq=6 +53/-24 | @@ -46 +46 @@;@@ -2,0 +3,2 @@ | code_change=IdtConfiguration.cpp:-return pptSettingsJournal.TakeRetry();;IdtConfiguration.cpp:+return pptSettingsJournal.Retry();;IdtState.cpp:+std::atomic_uint64_t draw3ExitSelectionModeRevision = 0;	full diff + current caller/callee/failure-path static review	WriteJournal retry remains pending until Complete; exit-selection handoff revision	静态当前调用链已审：retry 与 revision 边界；未见本项新确认问题		static only; relevant headless/GUI execution not independently run	fix(ppt): retain settings retry and scope exit handoff
69d780fb046d096f4c81b7961d3a7907ce7ab594	910de60f14e79d23b0c8e4da59ebe82693b056d9	2026-09-26T00:23:41+08:00	2026-09-26T00:23:41+08:00	bugfix/animation bugfix/eraser bugfix/pptui chore/publish dev origin/bugfix/eraser origin/dev	yes	H0 reachable	ordinary/documentation/task-state	docs/Trellis	p1:3files:1f687de4d7a7dae2 | uniq=3 +73/-2 | @@ -24 +24 @@;@@ -11,2 +11,2 @@	brief full patch/path/security-token scan	metadata only	仅 Trellis 文档/任务记录，未改产品代码；本项无确认产品缺陷		static diff only; runtime not applicable	docs(trellis): record PPT UI3 regression repair
910de60f14e79d23b0c8e4da59ebe82693b056d9	2aeca374ea4c863eafe851ea41b52ca21018dd14	2026-09-26T00:17:16+08:00	2026-09-26T00:17:16+08:00	bugfix/animation bugfix/eraser bugfix/pptui chore/publish dev origin/bugfix/eraser origin/dev	yes	H0 reachable	ordinary/product-code/assets	Inkeys/IdtMain.cpp;Inkeys/Inkeys/Drawing/Draw3/Draw3.HiddenWindowTest.cpp;Inkeys/Inkeys/Drawing/Draw3/Draw3.Host.cpp;Inkeys/Inkeys/UI/PageControl/PageControl.cpp;Inkeys/Inkeys/UI/PageControl/PageControl.cppm;Inkeys/Inkeys/Window/Window.cpp;InkeysHeadlessTests/page_control_tests.cpp	"p1:17files:3e1dcb8d0a7cbbe8 | uniq=17 +1096/-65 | @@ -327 +327 @@;@@ -365,0 +366 @@ | code_change=IdtMain.cpp:+L""--page-control-hidden-test"", -1, TRUE) == CSTR_EQUAL);IdtMain.cpp:+return Inkeys::UI::PageControl::RunHiddenWindowTests();;IdtMain.cpp:+if (lpCmdLine && CompareStringOrdinal(lpCmdLine, -1,"	full patch + H0 current caller/callee/failure-path static review	H0 PPT descriptor/end-screen target→Bridge revision→Draw3 slot/page load→PageControl successful commit→Ack target; COM session and WriteJournal failure paths	静态审查未确认本项新缺陷；真机/GUI 路径仍未验证		static only; targeted tests located, not independently run	fix(ppt): restore selection ink and large page controls
2aeca374ea4c863eafe851ea41b52ca21018dd14	adfe7fb27490c51052fc1de5b9c714a1527fb605	2026-09-25T20:04:21+08:00	2026-09-25T20:04:21+08:00	bugfix/animation bugfix/eraser bugfix/pptui chore/publish dev origin/bugfix/eraser origin/dev	yes	H0 reachable	ordinary/documentation/task-state	docs/Trellis	p1:3files:a2b86d084f425e13 | uniq=3 +72/-2 | @@ -24 +24 @@;@@ -11 +11 @@	brief full patch/path/security-token scan	metadata only	仅 Trellis 文档/任务记录，未改产品代码；本项无确认产品缺陷		static diff only; runtime not applicable	docs(trellis): record PPT exit and end screen repair
adfe7fb27490c51052fc1de5b9c714a1527fb605	9d432cd6c68bc7e1c04933702e3dc85ef4e6e669	2026-09-25T20:02:33+08:00	2026-09-25T20:02:33+08:00	bugfix/animation bugfix/eraser bugfix/pptui chore/publish dev origin/bugfix/eraser origin/dev	yes	H0 reachable	ordinary/product-code/assets	Inkeys/IdtPlug-in.cpp;Inkeys/IdtState.cpp;Inkeys/IdtState.h;Inkeys/Inkeys/Business/PptSession.cpp;Inkeys/Inkeys/Drawing/Draw3/Draw3.Bridge.cpp;Inkeys/Inkeys/Drawing/Draw3/Draw3.Bridge.h;Inkeys/Inkeys/Drawing/Draw3/Draw3.DrawingController.cpp;Inkeys/Inkeys/Drawing/Draw3/Draw3.HiddenWindowTest.cpp	p1:42files:560d92dd89d42a88 | uniq=42 +1466/-201 | @@ -357,0 +358,2 @@;@@ -416 +416 @@ | code_change=IdtPlug-in.cpp:-|| page <= 0 || expectedPptUiTarget->pageIndex != static_cast<std::uint32_t>(page - 1);IdtPlug-in.cpp:+|| (expectedPptUiTarget->pageKind ==;IdtPlug-in.cpp:+Inkeys::Drawing::Draw3::Bridge::PresentationPageKind::EndScreen	full patch + H0 current caller/callee/failure-path static review	H0 PPT descriptor/end-screen target→Bridge revision→Draw3 slot/page load→PageControl successful commit→Ack target; COM session and WriteJournal failure paths	静态审查未确认本项新缺陷；真机/GUI 路径仍未验证		static only; targeted tests located, not independently run	fix(ppt): restore desktop input and persist end screen ink
9d432cd6c68bc7e1c04933702e3dc85ef4e6e669	10ea1e0d6f5a2f60071d3474670f551683385ee2	2026-09-25T17:40:22+08:00	2026-09-25T17:40:22+08:00	bugfix/animation bugfix/eraser bugfix/pptui chore/publish dev origin/bugfix/eraser origin/dev	yes	H0 reachable	ordinary/product-code/assets	Inkeys/PptCOM.dll;PptCOM.Tests/Program.cs;PptCOM/PresentationDescriptor.cs	p1:8files:41880cd509854bf8 | uniq=8 +123/-1 | @@ -49,0 +50,5 @@;@@ -51 +51,2 @@ | code_change=PresentationDescriptor.cs:+private readonly Func<object, int?> typedSlideShowHwnd;;PresentationDescriptor.cs:+public MarshalLateBoundComAccessor() : this(ReadTypedSlideShowHwnd) { };PresentationDescriptor.cs:+internal MarshalLateBoundComAccessor(Func<object, int?> typedSlideShowHwnd)	full diff + current caller/callee/failure-path static review	PowerPoint typed HWND accessor; COM HRESULT propagated, dispatch fallback non-PIA	静态当前调用链已审；未见本项新确认问题		static only; relevant headless/GUI execution not independently run	fix(ppt): read slideshow HWND through PowerPoint type interface
10ea1e0d6f5a2f60071d3474670f551683385ee2	94e07b2599adab9de4286aa5fb7526e2c1c681f6	2026-09-25T14:07:20+08:00	2026-09-25T14:07:20+08:00	bugfix/animation bugfix/eraser bugfix/pptui chore/publish dev origin/bugfix/eraser origin/dev	yes	H0 reachable	ordinary/product-code/assets	Inkeys/IdtConfiguration.cpp;Inkeys/IdtConfiguration.h;Inkeys/IdtPlug-in.cpp;Inkeys/IdtPlug-in.h;Inkeys/IdtState.cpp;Inkeys/Inkeys.vcxproj;Inkeys/Inkeys.vcxproj.filters;Inkeys/Inkeys/Business/PptSession.cpp	p1:82files:c06bb993e16c8618 | uniq=82 +4512/-679 | @@ -155,0 +156,2 @@;@@ -5 +5 @@ | code_change=IdtConfiguration.cpp:-string CapturePptComSettingJson();IdtConfiguration.cpp:+namespace;IdtConfiguration.cpp:+std::mutex pptSettingsMutex;	full patch + H0 current caller/callee/failure-path static review	H0 PPT descriptor/end-screen target→Bridge revision→Draw3 slot/page load→PageControl successful commit→Ack target; COM session and WriteJournal failure paths	当前代码确认 AUD-B1-003：PPT 新锁内笔型写与 Bar 裸写形成跨线程竞争	AUD-B1-003	static only; targeted tests located, not independently run	fix(ppt): synchronize UI3 layout, slideshow scenes and page transactions
72b8b39955660c6f678eb3f7e53ec92dbf6087b4	1124f57b9d631e13257b80178b43392775bfec7e 232a907bd2bfdeb15d1c0fcf6bb436cd0db79720	2026-09-27T10:53:48+08:00	2026-09-27T10:53:48+08:00	bugfix/animation bugfix/eraser chore/publish dev origin/bugfix/eraser origin/dev	yes	H0 reachable	merge/integration	Inkeys/IdtI18nKeys.g.h;Inkeys/IdtMain.cpp;Inkeys/Inkeys/Drawing/Draw3/Draw3.Bridge.h;Inkeys/Inkeys/Drawing/Draw3/Draw3.Diagnostics.cpp;Inkeys/Inkeys/Drawing/Draw3/Draw3.Diagnostics.cppm;Inkeys/Inkeys/Drawing/Draw3/Draw3.DrawingController.cpp;Inkeys/Inkeys/Drawing/Draw3/Draw3.DrawingController.cppm;Inkeys/Inkeys/Drawing/Draw3/Draw3.HiddenWindowTest.cpp	p1:41files:9849af55dbc51de2 | p2:54files:58b2e74df817309c | uniq=92 +5724/-125 | @@ -51 +51 @@;@@ -67 +67 @@	two-parent full patch indexed; remerge-diff empty	Inkeys/IdtI18nKeys.g.h;Inkeys/IdtMain.cpp;Inkeys/Inkeys/Drawing/Draw3/Draw3.Bridge.h;Inkeys/Inkeys/Drawing/Draw3/Draw3.Diagnostics.cpp;Inkeys/Inkeys/Drawing/Draw3/Draw3.Diagnostics.cppm	合并自身无独立冲突解决；分支内容在各 SHA 单审		git --remerge-diff static check; runtime not run	Merge origin/dev into bugfix/animation
232a907bd2bfdeb15d1c0fcf6bb436cd0db79720	94e07b2599adab9de4286aa5fb7526e2c1c681f6 f0560ecd099ed7c24e79e9f7b727a167575a55f0	2026-09-26T13:20:03+08:00	2026-09-26T13:20:03+08:00	bugfix/animation bugfix/eraser bugfix/pptui chore/publish dev origin/bugfix/eraser origin/dev	yes	H0 reachable	merge/integration	Inkeys/IdtI18nKeys.g.h;Inkeys/IdtMain.cpp;Inkeys/Inkeys/Drawing/Draw3/Draw3.Bridge.h;Inkeys/Inkeys/Drawing/Draw3/Draw3.Diagnostics.cpp;Inkeys/Inkeys/Drawing/Draw3/Draw3.Diagnostics.cppm;Inkeys/Inkeys/Drawing/Draw3/Draw3.DrawingController.cpp;Inkeys/Inkeys/Drawing/Draw3/Draw3.DrawingController.cppm;Inkeys/Inkeys/Drawing/Draw3/Draw3.HiddenWindowTest.cpp	p1:41files:40eb16e8768281f3 | p2:0files:e3b0c44298fc1c14 | uniq=41 +1770/-57 | @@ -51 +51 @@;@@ -67 +67 @@	two-parent full patch indexed; remerge-diff empty	Inkeys/IdtI18nKeys.g.h;Inkeys/IdtMain.cpp;Inkeys/Inkeys/Drawing/Draw3/Draw3.Bridge.h;Inkeys/Inkeys/Drawing/Draw3/Draw3.Diagnostics.cpp;Inkeys/Inkeys/Drawing/Draw3/Draw3.Diagnostics.cppm	合并自身无独立冲突解决；分支内容在各 SHA 单审		git --remerge-diff static check; runtime not run	Merge pull request #216 from Alan-CRL/feature/cursor
f0560ecd099ed7c24e79e9f7b727a167575a55f0	1db025e98283bedefbc009ae80d8141720cb6a74	2026-09-25T21:17:21+08:00	2026-09-25T21:17:21+08:00	bugfix/animation bugfix/eraser bugfix/pptui chore/publish dev feature/cursor origin/bugfix/eraser origin/dev	yes	H0 reachable	ordinary/product-code/assets	Inkeys/Inkeys/Drawing/Draw3/Draw3.WindowControl.cpp	p1:1files:eeb2938b6c317f12 | uniq=1 +2/-1 | @@ -1751 +1751,2 @@ | code_change=Draw3.WindowControl.cpp:-if (CursorOwner() ==;Draw3.WindowControl.cpp:+if (cursorOwner_.load(std::memory_order_acquire) ==	full diff + current caller/callee/failure-path static review	pointer leave clears persisted mouse cursor owner	静态当前调用链已审；真实触控尚未验证		static only; relevant headless/GUI execution not independently run	fix: clear persistent mouse owner on pointer leave
1db025e98283bedefbc009ae80d8141720cb6a74	f88c6058a710026bf2f4d8939029b31b8649e189	2026-09-25T00:07:10+08:00	2026-09-25T00:07:10+08:00	bugfix/animation bugfix/eraser bugfix/pptui chore/publish dev feature/cursor origin/bugfix/eraser origin/dev	yes	H0 reachable	ordinary/documentation/task-state	docs/Trellis	p1:2files:1880e23ad79a2281 | uniq=2 +38/-1 | @@ -11,2 +11,2 @@;@@ -22 +22 @@	brief full patch/path/security-token scan	metadata only	仅 Trellis 文档/任务记录，未改产品代码；本项无确认产品缺陷		static diff only; runtime not applicable	chore: record journal
f88c6058a710026bf2f4d8939029b31b8649e189	31c48f4e47e88bda21adf122703583db45c50299	2026-09-25T00:06:41+08:00	2026-09-25T00:06:41+08:00	bugfix/animation bugfix/eraser bugfix/pptui chore/publish dev feature/cursor origin/bugfix/eraser origin/dev	yes	H0 reachable	ordinary/documentation/task-state	docs/Trellis	p1:18files:1df879000f9575d9 | uniq=18 +509/-439 | @@ -1,2 +0,0 @@;@@ -1,44 +0,0 @@	brief full patch/path/security-token scan	metadata only	仅 Trellis 文档/任务记录，未改产品代码；本项无确认产品缺陷		static diff only; runtime not applicable	chore(task): archive 09-23-touch-eraser-cursor
31c48f4e47e88bda21adf122703583db45c50299	428860b56d7b5ae807e9e571f850571d7236f496	2026-09-25T00:05:31+08:00	2026-09-25T00:05:31+08:00	bugfix/animation bugfix/eraser bugfix/pptui chore/publish dev feature/cursor origin/bugfix/eraser origin/dev	yes	H0 reachable	ordinary/product-code/assets	Inkeys/Inkeys/Drawing/Draw3/Draw3.Diagnostics.cpp;Inkeys/Inkeys/Drawing/Draw3/Draw3.Diagnostics.cppm;Inkeys/Inkeys/Drawing/Draw3/Draw3.PenCursor.cpp;Inkeys/Inkeys/Drawing/Draw3/Draw3.PenCursor.cppm;Inkeys/Inkeys/Drawing/Draw3/Draw3.WindowControl.cpp;Inkeys/Inkeys/Drawing/Draw3/Draw3.WindowControl.cppm;Inkeys/Inkeys/UI/Bar/Bar.Interaction.cpp;InkeysHeadlessTests/draw3_contact_tests.cpp	"p1:15files:08bff479457d8996 | uniq=15 +784/-35 | @@ -35 +35,3 @@;@@ -53 +55 @@ | code_change=Draw3.Diagnostics.cpp:-RecordCursorDiagnostic(""enabled capacity=%zu"", kCursorDiagnosticCapacity);;Draw3.Diagnostics.cpp:+RecordCursorDiagnostic(""enabled schema=2 capacity=%zu rawMode=observe-existing-registration"", kCurso;Draw3.Diagnostics.cpp:+const DWORD previousError = GetLastError();"	full patch + H0 current shared-contract static review	Draw3.WindowControl/PenCursor 当前 mouse-source/barrier 路径与 headless contact 断言	静态审查未确认本项新缺陷；真实 GUI/设备行为未验证		static only; existing tests located, not independently run	fix: prevent system mouse moves from reclaiming touch cursors
428860b56d7b5ae807e9e571f850571d7236f496	5fdd4a67aee3bff3b642323a290489101984c639	2026-09-24T20:10:08+08:00	2026-09-24T20:10:08+08:00	bugfix/animation bugfix/eraser bugfix/pptui chore/publish dev feature/cursor origin/bugfix/eraser origin/dev	yes	H0 reachable	ordinary/product-code/assets	Inkeys/IdtI18nKeys.g.h;Inkeys/IdtMain.cpp;Inkeys/Inkeys/Drawing/Draw3/Draw3.Diagnostics.cpp;Inkeys/Inkeys/Drawing/Draw3/Draw3.Diagnostics.cppm;Inkeys/Inkeys/Drawing/Draw3/Draw3.DrawingController.cpp;Inkeys/Inkeys/Drawing/Draw3/Draw3.PenCursor.cpp;Inkeys/Inkeys/Drawing/Draw3/Draw3.PenCursor.cppm;Inkeys/Inkeys/Drawing/Draw3/Draw3.WindowControl.cpp	p1:21files:dbb5be73640117ca | uniq=21 +519/-14 | @@ -34,0 +35 @@;@@ -40,0 +42 @@ | code_change=IdtMain.cpp:+bool cursorConsoleOutputEnabled = false;;IdtMain.cpp:-if (draw3ConsoleOutputEnabled || touchAreaConsoleOutputEnabled);IdtMain.cpp:+cursorConsoleOutputEnabled =	full patch + H0 current shared-contract static review	Draw3.WindowControl/PenCursor 当前 mouse-source/barrier 路径与 headless contact 断言	静态审查未确认本项新缺陷；真实 GUI/设备行为未验证		static only; existing tests located, not independently run	fix: trace and filter residual touch eraser cursor
5fdd4a67aee3bff3b642323a290489101984c639	6c67ae2455d64791434f76891d588d5a24e314d5	2026-09-23T22:12:34+08:00	2026-09-23T22:12:34+08:00	bugfix/animation bugfix/eraser bugfix/pptui chore/publish dev feature/cursor origin/bugfix/eraser origin/dev	yes	H0 reachable	ordinary/product-code/assets	Inkeys/Inkeys/Drawing/Draw3/Draw3.PenCursor.cpp;Inkeys/Inkeys/Drawing/Draw3/Draw3.PenCursor.cppm;Inkeys/Inkeys/Drawing/Draw3/Draw3.WindowControl.cpp;Inkeys/Inkeys/Drawing/Draw3/Draw3.WindowControl.cppm;InkeysHeadlessTests/draw3_contact_tests.cpp	p1:13files:9cc1882c055afea8 | uniq=13 +289/-18 | @@ -20,0 +21,36 @@;@@ -0,0 +1,2 @@ | code_change=Draw3.PenCursor.cpp:-return false;;Draw3.PenCursor.cpp:+return true;;Draw3.PenCursor.cpp:+DrawingCursorPointerAuthority ResolveDrawingCursorVisualAuthority(	full patch + H0 current shared-contract static review	Draw3.WindowControl/PenCursor 当前 mouse-source/barrier 路径与 headless contact 断言	静态审查未确认本项新缺陷；真实 GUI/设备行为未验证		static only; existing tests located, not independently run	fix: 隐藏触摸橡皮擦后的残留光标
6c67ae2455d64791434f76891d588d5a24e314d5	7cdcb595e209aebf1f0a964e89ff1548bd406709	2026-09-23T20:13:49+08:00	2026-09-23T20:13:49+08:00	bugfix/animation bugfix/eraser bugfix/pptui chore/publish dev feature/cursor origin/bugfix/eraser origin/dev	yes	H0 reachable	ordinary/product-code/assets	Inkeys/Inkeys/UI/Bar/Bar.Button.cpp;Inkeys/Inkeys/UI/Bar/Bar.EraserAttribute.cpp;Inkeys/Inkeys/UI/Bar/Bar.Main.cppm;Inkeys/Inkeys/UI/Bar/Bar.ToggleClickCoalescer.cppm;InkeysHeadlessTests/toggle_click_coalescer_tests.cpp	p1:6files:0066ae87e8671ef0 | uniq=6 +21/-4 | @@ -51 +51 @@;@@ -69,0 +70 @@ | code_change=Bar.Button.cpp:+barUISet.eraserAttribute.RememberEntryFromSelection(;Bar.Button.cpp:+stateMode.StateModeSelect == StateModeSelectEnum::IdtSelection &&;Bar.Button.cpp:+Inkeys::UI::Bar::CurrentPageHasContent());	full patch + H0 current shared-contract static review	Bar.EraserAttribute::Execute→PublishProductCommand Clear→ChangeStateModeTo* 与 coalescer 测试	静态审查未确认本项新缺陷；真实 GUI/设备行为未验证		static only; existing tests located, not independently run	fix: 橡皮清空后恢复进入前的选择模式
7cdcb595e209aebf1f0a964e89ff1548bd406709	cd663825f53c57993762924858db816d61b0069e	2026-09-23T20:06:17+08:00	2026-09-23T20:06:17+08:00	bugfix/animation bugfix/eraser bugfix/pptui chore/publish dev feature/cursor origin/bugfix/eraser origin/dev	yes	H0 reachable	ordinary/product-code/assets	Inkeys/Inkeys/UI/Bar/Bar.EraserAttribute.cpp;Inkeys/Inkeys/UI/Bar/Bar.Main.cppm;Inkeys/Inkeys/UI/Bar/Bar.ToggleClickCoalescer.cppm;InkeysHeadlessTests/toggle_click_coalescer_tests.cpp	p1:5files:534642fc19531c15 | uniq=5 +24/-125 | @@ -51 +51 @@;@@ -69,2 +69,2 @@ | code_change=Bar.EraserAttribute.cpp:-if(!pressedClearDoubleClickContinuation_ &&;Bar.EraserAttribute.cpp:-ShouldFinalizeEraserAttributeClear(clearAcceptedForDoubleClick_,GetTickCount64(),clearSingleClickDea;Bar.EraserAttribute.cpp:-FinalizePendingClear(owner);	full patch + H0 current shared-contract static review	Bar.EraserAttribute::Execute→PublishProductCommand Clear→ChangeStateModeTo* 与 coalescer 测试	静态审查未确认本项新缺陷；真实 GUI/设备行为未验证		static only; existing tests located, not independently run	fix: 橡皮属性清空后立即恢复模式并刷新主栏
cd663825f53c57993762924858db816d61b0069e	f4184d9a8310589b11e75bc51ab7401d6d834460	2026-09-22T17:22:52+08:00	2026-09-22T17:22:52+08:00	bugfix/animation bugfix/eraser bugfix/pptui chore/publish dev feature/cursor origin/bugfix/eraser origin/dev	yes	H0 reachable	ordinary/product-code/assets	Inkeys/Inkeys/UI/Bar/Bar.EraserAttribute.Test.cpp;Inkeys/Inkeys/UI/Bar/Bar.EraserAttribute.cpp;Inkeys/Inkeys/UI/Bar/Bar.Main.cppm;Inkeys/Inkeys/UI/Bar/Bar.ToggleClickCoalescer.cppm;InkeysHeadlessTests/toggle_click_coalescer_tests.cpp	"p1:6files:0f144dbb0cf8fe4a | uniq=6 +66/-38 | @@ -51 +51 @@;@@ -67 +67 @@ | code_change=Bar.EraserAttribute.Test.cpp:-click(0);expect(owner.barState.eraserAttribute,""empty clear is disabled without closing or changing ;Bar.EraserAttribute.Test.cpp:+click(0);expect(owner.barState.eraserAttribute,""rejected empty clear stays open without changing too;Bar.EraserAttribute.cpp:+if(!pressedClearDoubleClickContinuation_ &&"	full patch + H0 current shared-contract static review	Bar.EraserAttribute::Execute→PublishProductCommand Clear→ChangeStateModeTo* 与 coalescer 测试	静态审查未确认本项新缺陷；真实 GUI/设备行为未验证		static only; existing tests located, not independently run	fix: 支持橡皮属性清空双击等待
f4184d9a8310589b11e75bc51ab7401d6d834460	94e07b2599adab9de4286aa5fb7526e2c1c681f6	2026-09-22T17:01:24+08:00	2026-09-22T17:01:24+08:00	bugfix/animation bugfix/eraser bugfix/pptui chore/publish dev feature/cursor origin/bugfix/eraser origin/dev	yes	H0 reachable	ordinary/product-code/assets	Inkeys/Inkeys/Drawing/Draw3/Draw3.Bridge.h;Inkeys/Inkeys/Drawing/Draw3/Draw3.DrawingController.cpp;Inkeys/Inkeys/Drawing/Draw3/Draw3.DrawingController.cppm;Inkeys/Inkeys/Drawing/Draw3/Draw3.HiddenWindowTest.cpp;Inkeys/Inkeys/Drawing/Draw3/Draw3.Host.cpp;Inkeys/Inkeys/Drawing/Draw3/Draw3.Host.h;Inkeys/Inkeys/UI/Bar/Bar.EraserAttribute.cpp;Inkeys/Inkeys/UI/Bar/Bar.Main.cppm	p1:11files:d29d5b1f3d2da6ac | uniq=11 +242/-27 | @@ -51 +51 @@;@@ -68,0 +69,2 @@ | code_change=Draw3.Bridge.h:+enum class CompletedStrokeKind : std::uint8_t;Draw3.Bridge.h:+None,;Draw3.Bridge.h:+Drawing,	full patch + H0 current shared-contract static review	Bar.EraserAttribute::Execute→PublishProductCommand Clear→ChangeStateModeTo* 与 coalescer 测试	静态审查未确认本项新缺陷；真实 GUI/设备行为未验证		static only; existing tests located, not independently run	fix: 恢复橡皮清空后的最近绘制模式
1124f57b9d631e13257b80178b43392775bfec7e	94e07b2599adab9de4286aa5fb7526e2c1c681f6	2026-09-23T09:51:34+08:00	2026-09-23T09:51:34+08:00	bugfix/animation bugfix/eraser chore/publish dev origin/bugfix/eraser origin/dev	yes	H0 reachable	ordinary/product-code/assets	Inkeys/IdtMain.cpp;Inkeys/Inkeys.vcxproj;Inkeys/Inkeys.vcxproj.filters;Inkeys/Inkeys/UI/Bar/Bar.FramePacing.cppm;Inkeys/Inkeys/UI/Bar/Bar.RenderLoop.cpp;Inkeys/Inkeys/UI/Bar/Bar.Rendering.cpp;Inkeys/Inkeys/UI/Bar/Bar.Scene.cpp;Inkeys/Inkeys/UI/PageControl/PageControl.cpp	"p1:54files:d5e5c7f4b8a16139 | uniq=54 +3958/-68 | @@ -12,0 +13 @@;@@ -763,0 +764,59 @@ | code_change=IdtMain.cpp:+const auto diagnosticsPool = spdlog::thread_pool();;IdtMain.cpp:+auto diagnosticsLogger = std::make_shared<spdlog::async_logger>(;IdtMain.cpp:+""UI3Diagnostics"", IDTLoggerFileSink, diagnosticsPool, spdlog::async_overflow_policy::discard_new);"	full patch + H0 current caller/callee/failure-path static review	H0 RenderPipeline.Diagnostics accumulator callback/attempt/commit/idle/retry split, throttled async sink	静态审查未确认本项新缺陷；真机/GUI 路径仍未验证		static only; targeted tests located, not independently run	fix(ui3): reduce animation redraws and add stutter diagnostics
aea346c8972003b280fcfa1737003b468c369dd6	c777b8dd9701c47c24b6fc8000bbd4c656e3011c	2026-09-27T12:30:27+08:00	2026-09-27T12:30:27+08:00	bugfix/eraser chore/publish dev origin/bugfix/eraser origin/dev	yes	H0 reachable	ordinary/product-code/assets	Inkeys/Inkeys/Drawing/Draw3/Draw3.HiddenWindowTest.cpp;Inkeys/Inkeys/Drawing/Draw3/Draw3.Host.cpp;Inkeys/Inkeys/Drawing/Draw3/Draw3.SpeedEraser.cpp;Inkeys/Inkeys/Drawing/Draw3/Draw3.SpeedEraser.h;InkeysHeadlessTests/speed_eraser_tests.cpp	"p1:11files:8d2156f3a980a6cb | uniq=11 +313/-14 | @@ -126,0 +127 @@;@@ -136,0 +138 @@ | code_change=Draw3.HiddenWindowTest.cpp:-std::fprintf(stderr,""[AreaProbe] %s mode=%u dip=%g cursor=%g floor=%g ref=%g active=%d age=%g reason;Draw3.HiddenWindowTest.cpp:+std::fprintf(stderr,""[AreaProbe] %s mode=%u dip=%g cursor=%g floor=%g ref=%g firstRef=%g refDip=%gx%;Draw3.HiddenWindowTest.cpp:-d.contactArea.referenceFloorDip,d.contactArea.active,d.idleSeconds,static_cast<int>(d.contactArea.re"	full patch + H0 current shared-contract static review	H0 Draw3.SpeedEraser ResolveConfig/ResolveInput, contact-area metadata gate, UpdatePosition/Advance/reconnect; speed_eraser_tests and hidden input cases	静态审查未确认本项新缺陷；真实输入/视觉行为未验证		static only; tests located, not independently run	fix(draw3): recover stable touch area after reference mismatch
c777b8dd9701c47c24b6fc8000bbd4c656e3011c	e6bc3c28b96c3cd6cf0911c4834af02ca3b67f6b	2026-09-27T10:05:10+08:00	2026-09-27T10:05:10+08:00	bugfix/eraser chore/publish dev origin/bugfix/eraser origin/dev	yes	H0 reachable	ordinary/product-code/assets	Inkeys/Inkeys/Drawing/Draw3/Draw3.DrawingController.cpp;Inkeys/Inkeys/Drawing/Draw3/Draw3.Host.cpp;Inkeys/Inkeys/Drawing/Draw3/Draw3.SpeedEraser.cpp;Inkeys/Inkeys/Drawing/Draw3/Draw3.SpeedEraser.h;InkeysHeadlessTests/speed_eraser_tests.cpp	p1:10files:76e9f850bcc56778 | uniq=10 +335/-15 | @@ -117,0 +118 @@;@@ -134,0 +136 @@ | code_change=Draw3.DrawingController.cpp:+d.follow=controller->FollowStateDiagnostics();;Draw3.Host.cpp:+if(d.eraserContact && d.eraserKind==SpeedEraser::EraserKind::Speed &&;Draw3.Host.cpp:+(d.response==SpeedEraser::ResponseModel::DirectTouch ||	full patch + H0 current shared-contract static review	H0 Draw3.SpeedEraser ResolveConfig/ResolveInput, contact-area metadata gate, UpdatePosition/Advance/reconnect; speed_eraser_tests and hidden input cases	静态审查未确认本项新缺陷；真实输入/视觉行为未验证		static only; tests located, not independently run	fix(draw3): prevent unqualified sweeps from blocking eraser shrink
e6bc3c28b96c3cd6cf0911c4834af02ca3b67f6b	6aefa84e2b915a395dab0ce55b54ff2f84bc92ac	2026-09-25T07:25:27+08:00	2026-09-25T07:25:27+08:00	bugfix/eraser chore/publish dev origin/bugfix/eraser origin/dev	yes	H0 reachable	ordinary/documentation/task-state	docs/Trellis	p1:2files:bff166d56b1b2a29 | uniq=2 +44/-1 | @@ -11,2 +11,2 @@;@@ -22 +22 @@	brief full patch/path/security-token scan	metadata only	仅 Trellis 文档/任务记录，未改产品代码；本项无确认产品缺陷		static diff only; runtime not applicable	chore: record eraser burst session
6aefa84e2b915a395dab0ce55b54ff2f84bc92ac	4d1727916a7d2474841156de753ee3d24d2ad7c7	2026-09-25T07:24:41+08:00	2026-09-25T07:24:41+08:00	bugfix/eraser chore/publish dev origin/bugfix/eraser origin/dev	yes	H0 reachable	ordinary/product-code/assets	Inkeys/Inkeys/Drawing/Draw3/Draw3.DrawingController.cpp;Inkeys/Inkeys/Drawing/Draw3/Draw3.HiddenWindowTest.cpp;Inkeys/Inkeys/Drawing/Draw3/Draw3.Host.cpp;Inkeys/Inkeys/Drawing/Draw3/Draw3.SpeedEraser.cpp;Inkeys/Inkeys/Drawing/Draw3/Draw3.SpeedEraser.h;InkeysHeadlessTests/speed_eraser_tests.cpp	p1:18files:5ee0c2847214ce8a | uniq=18 +525/-28 | @@ -34,0 +35,2 @@;@@ -94 +94 @@ | code_change=Draw3.DrawingController.cpp:+d.evidenceStartSeconds=cfg.evidenceStartSeconds;d.evidenceFullSeconds=cfg.evidenceFullSeconds;;Draw3.DrawingController.cpp:+d.evidenceDecaySeconds=cfg.evidenceDecaySeconds;d.growthTauSeconds=cfg.growthTauSeconds;;Draw3.DrawingController.cpp:+d.largeGrowthTauSeconds=cfg.largeGrowthTauSeconds;	full patch + H0 current shared-contract static review	H0 Draw3.SpeedEraser ResolveConfig/ResolveInput, contact-area metadata gate, UpdatePosition/Advance/reconnect; speed_eraser_tests and hidden input cases	静态审查未确认本项新缺陷；真实输入/视觉行为未验证		static only; tests located, not independently run	fix(draw3): resist short touch and pen eraser swipes
4d1727916a7d2474841156de753ee3d24d2ad7c7	cf4a1874e206a7db50ebd9911eaece3aa4c38be6	2026-09-24T20:11:33+08:00	2026-09-24T20:11:33+08:00	bugfix/eraser chore/publish dev origin/bugfix/eraser origin/dev	yes	H0 reachable	ordinary/documentation/task-state	docs/Trellis	p1:2files:c4ef072bb02fabe7 | uniq=2 +43/-1 | @@ -11,2 +11,2 @@;@@ -22 +22 @@	brief full patch/path/security-token scan	metadata only	仅 Trellis 文档/任务记录，未改产品代码；本项无确认产品缺陷		static diff only; runtime not applicable	chore: record eraser diagnostics session
cf4a1874e206a7db50ebd9911eaece3aa4c38be6	9535d40364ebfdef68d20e160fdf880c9f6cea62	2026-09-24T20:07:10+08:00	2026-09-24T20:07:10+08:00	bugfix/eraser chore/publish dev origin/bugfix/eraser origin/dev	yes	H0 reachable	ordinary/product-code/assets	Inkeys/IdtMain.cpp;Inkeys/Inkeys/Drawing/Draw3/Draw3.DrawingController.cpp;Inkeys/Inkeys/Drawing/Draw3/Draw3.HiddenWindowTest.cpp;Inkeys/Inkeys/Drawing/Draw3/Draw3.Host.cpp;Inkeys/Inkeys/Drawing/Draw3/Draw3.SpeedEraser.h;Inkeys/Inkeys/UI/Setting/Setting.cpp;Inkeys/src/i18n/en-US.jsonc;Inkeys/src/i18n/zh-CN.jsonc	p1:20files:fc215d2fb48ada59 | uniq=20 +249/-23 | @@ -282,0 +283,2 @@;@@ -32,0 +33,2 @@ | code_change=Draw3.DrawingController.cpp:+if(!r)for(const auto* candidate:active);Draw3.DrawingController.cpp:+if(candidate && !candidate->ended){r=candidate;break;};Draw3.DrawingController.cpp:+d.inputContact=!r->ended && !r->awaitingReconnect;	full patch + H0 current shared-contract static review	H0 Draw3.SpeedEraser ResolveConfig/ResolveInput, contact-area metadata gate, UpdatePosition/Advance/reconnect; speed_eraser_tests and hidden input cases	静态审查未确认本项新缺陷；真实输入/视觉行为未验证		static only; tests located, not independently run	feat(draw3): expand eraser console diagnostics
9535d40364ebfdef68d20e160fdf880c9f6cea62	5997d23b8d39d6cd3dd9549b94bce442fac3548d	2026-09-23T23:36:26+08:00	2026-09-23T23:36:26+08:00	bugfix/eraser chore/publish dev origin/bugfix/eraser origin/dev	yes	H0 reachable	ordinary/documentation/task-state	docs/Trellis	p1:2files:45b47a206f823b24 | uniq=2 +40/-1 | @@ -11,2 +11,2 @@;@@ -22 +22 @@	brief full patch/path/security-token scan	metadata only	仅 Trellis 文档/任务记录，未改产品代码；本项无确认产品缺陷		static diff only; runtime not applicable	chore: record touch eraser session
5997d23b8d39d6cd3dd9549b94bce442fac3548d	94e07b2599adab9de4286aa5fb7526e2c1c681f6	2026-09-23T23:35:02+08:00	2026-09-23T23:35:02+08:00	bugfix/eraser chore/publish dev origin/bugfix/eraser origin/dev	yes	H0 reachable	ordinary/product-code/assets	Inkeys/Inkeys/Drawing/Draw3/Draw3.DrawingController.cpp;Inkeys/Inkeys/Drawing/Draw3/Draw3.HiddenWindowTest.cpp;Inkeys/Inkeys/Drawing/Draw3/Draw3.Host.cpp;Inkeys/Inkeys/Drawing/Draw3/Draw3.SpeedEraser.cpp;Inkeys/Inkeys/Drawing/Draw3/Draw3.SpeedEraser.h;InkeysHeadlessTests/speed_eraser_tests.cpp	p1:18files:2aeabda7bd539f0c | uniq=18 +552/-17 | @@ -275,0 +276 @@;@@ -32,0 +33,2 @@ | code_change=Draw3.DrawingController.cpp:-d.mode=cfg.mode;d.motionSource=cfg.motionSource;d.motionUnit=cfg.motionUnit;d.sizes=cfg.sizes;;Draw3.DrawingController.cpp:+d.requestedDeviceMode=cfg.mode;d.touchProfileSource=cfg.touchProfileSource;;Draw3.DrawingController.cpp:+d.touchProfileWeight=cfg.touchProfileWeight;d.touchSurfaceLongEdgeMm=cfg.touchSurfaceLongEdgeMm;	full patch + H0 current shared-contract static review	H0 Draw3.SpeedEraser ResolveConfig/ResolveInput, contact-area metadata gate, UpdatePosition/Advance/reconnect; speed_eraser_tests and hidden input cases	静态审查未确认本项新缺陷；真实输入/视觉行为未验证		static only; tests located, not independently run	fix(draw3): adapt touch eraser sweep to display scene
94e07b2599adab9de4286aa5fb7526e2c1c681f6	ab023a17b78e01c9eb4317364492a93b470116db f75f51c546ddef21e03dc19c2305e0b0c1a85c84	2026-09-22T13:13:31+08:00	2026-09-22T13:13:31+08:00	bugfix/animation bugfix/eraser bugfix/pptui chore/publish dev feature/cursor origin/bugfix/eraser origin/dev	yes	H0 reachable	merge/integration	Inkeys/IdtI18nKeys.g.h;Inkeys/IdtMain.cpp;Inkeys/Inkeys.vcxproj;Inkeys/Inkeys.vcxproj.filters;Inkeys/Inkeys/UI/Bar/Bar.Animation.cppm;Inkeys/Inkeys/UI/Bar/Bar.Button.cpp;Inkeys/Inkeys/UI/Bar/Bar.EraserAttribute.Test.cpp;Inkeys/Inkeys/UI/Bar/Bar.I18nFormat.h	p1:27files:df3413c149b8cb5a | p2:0files:e3b0c44298fc1c14 | uniq=27 +900/-100 | @@ -0,0 +1,3 @@;@@ -0,0 +1,35 @@	two-parent full patch indexed; remerge-diff empty	Inkeys/IdtI18nKeys.g.h;Inkeys/IdtMain.cpp;Inkeys/Inkeys.vcxproj;Inkeys/Inkeys.vcxproj.filters;Inkeys/Inkeys/UI/Bar/Bar.Animation.cppm	合并自身无独立冲突解决；分支内容在各 SHA 单审		git --remerge-diff static check; runtime not run	Merge pull request #214 from Alan-CRL/feature/ui3-i18n
f75f51c546ddef21e03dc19c2305e0b0c1a85c84	bf98ad92b2b85ec40a428a10b762c3271a78460f ab023a17b78e01c9eb4317364492a93b470116db	2026-09-22T12:58:55+08:00	2026-09-22T12:58:55+08:00	bugfix/animation bugfix/eraser bugfix/pptui chore/publish dev feature/cursor feature/ui3-i18n origin/bugfix/eraser origin/dev	yes	H0 reachable	merge/integration	Inkeys/IdtFreezeFrame.cpp;Inkeys/IdtHistoricalDrawpad.cpp;Inkeys/IdtMagnification.cpp;Inkeys/IdtMagnification.h;Inkeys/IdtMain.cpp;Inkeys/Inkeys.vcxproj;Inkeys/Inkeys.vcxproj.filters;Inkeys/Inkeys/UI/Bar/Bar.Button.cpp	p1:32files:dbb8b11052c0cce9 | p2:27files:df3413c149b8cb5a | uniq=52 +2476/-350 | @@ -58 +58 @@;@@ -74 +74 @@	two-parent full patch indexed; remerge-diff empty	Inkeys/IdtFreezeFrame.cpp;Inkeys/IdtHistoricalDrawpad.cpp;Inkeys/IdtMagnification.cpp;Inkeys/IdtMagnification.h;Inkeys/IdtMain.cpp	合并自身无独立冲突解决；分支内容在各 SHA 单审		git --remerge-diff static check; runtime not run	Merge origin/dev into feature/ui3-i18n
ab023a17b78e01c9eb4317364492a93b470116db	3ceb4b1c4e2bc8a277075cdcbe8fa8fe3e50531c 242a5e0ed609d164daed4eec708887196de7c75e	2026-09-22T08:51:58+08:00	2026-09-22T08:51:58+08:00	bugfix/animation bugfix/eraser bugfix/pptui chore/publish dev feature/cursor feature/ui3-i18n origin/bugfix/eraser origin/dev	yes	H0 reachable	merge/integration	Inkeys/IdtFreezeFrame.cpp;Inkeys/IdtHistoricalDrawpad.cpp;Inkeys/IdtMagnification.cpp;Inkeys/IdtMagnification.h;Inkeys/IdtMain.cpp;Inkeys/Inkeys.vcxproj;Inkeys/Inkeys.vcxproj.filters;Inkeys/Inkeys/UI/Bar/Bar.Button.cpp	p1:32files:9cae821afba07290 | p2:0files:e3b0c44298fc1c14 | uniq=32 +1578/-250 | @@ -58 +58 @@;@@ -74 +74 @@	two-parent full patch indexed; remerge-diff empty	Inkeys/IdtFreezeFrame.cpp;Inkeys/IdtHistoricalDrawpad.cpp;Inkeys/IdtMagnification.cpp;Inkeys/IdtMagnification.h;Inkeys/IdtMain.cpp	合并自身无独立冲突解决；分支内容在各 SHA 单审		git --remerge-diff static check; runtime not run	Merge pull request #215 from Alan-CRL/bugfix/settingui
242a5e0ed609d164daed4eec708887196de7c75e	3f0b82ae1c91df0cf6e7da88e108a89cd4199f83	2026-09-22T08:34:20+08:00	2026-09-22T08:34:20+08:00	bugfix/animation bugfix/eraser bugfix/pptui bugfix/settingui chore/publish dev feature/cursor feature/ui3-i18n origin/bugfix/eraser origin/dev	yes	H0 reachable	ordinary/documentation/task-state	docs/Trellis	p1:2files:ec38f8f1dc44e97d | uniq=2 +27/-1 | @@ -11,2 +11,2 @@;@@ -22 +22 @@	brief full patch/path/security-token scan	metadata only	仅 Trellis 文档/任务记录，未改产品代码；本项无确认产品缺陷		static diff only; runtime not applicable	chore: record journal
3f0b82ae1c91df0cf6e7da88e108a89cd4199f83	7df93730f1306c3550e76c6e12bf7356e966b734	2026-09-22T08:33:22+08:00	2026-09-22T08:33:22+08:00	bugfix/animation bugfix/eraser bugfix/pptui bugfix/settingui chore/publish dev feature/cursor feature/ui3-i18n origin/bugfix/eraser origin/dev	yes	H0 reachable	ordinary/documentation/task-state	docs/Trellis	p1:16files:ad7387c8714ad31f | uniq=16 +333/-220 | @@ -1,7 +0,0 @@;@@ -1,73 +0,0 @@	brief full patch/path/security-token scan	metadata only	仅 Trellis 文档/任务记录，未改产品代码；本项无确认产品缺陷		static diff only; runtime not applicable	chore(task): archive 09-21-freeze-capture-exclusion-hybrid-gpu
7df93730f1306c3550e76c6e12bf7356e966b734	ba14ddd6f4fa878cb2b51f791363dae48e6ee148	2026-09-21T22:17:29+08:00	2026-09-21T22:17:29+08:00	bugfix/animation bugfix/eraser bugfix/pptui bugfix/settingui chore/publish dev feature/cursor feature/ui3-i18n origin/bugfix/eraser origin/dev	yes	H0 reachable	ordinary/product-code/assets	Inkeys/IdtFreezeFrame.cpp;Inkeys/IdtHistoricalDrawpad.cpp;Inkeys/IdtMagnification.cpp;Inkeys/IdtMagnification.h;Inkeys/IdtMain.cpp;Inkeys/Inkeys.vcxproj;Inkeys/Inkeys.vcxproj.filters;Inkeys/Inkeys/UI/Freeze/Freeze.MagnifierCoordinator.h	p1:20files:4d3baf269e1a29e8 | uniq=20 +1167/-284 | @@ -1556,0 +1557,4 @@;@@ -1557,0 +1562 @@ | code_change=IdtFreezeFrame.cpp:-auto& windowService = Inkeys::Window::GetService();;IdtFreezeFrame.cpp:-if (magnificationReady);IdtFreezeFrame.cpp:+if (Inkeys::UI::Freeze::IsActive())	full patch + H0 current shared-contract static review	IdtMagnification::MagnifierThread/BuildCurrentFilterList/Freeze coordinator；Window owner/overlay	静态审查未确认本项新缺陷；真实 GUI/设备行为未验证		static only; existing tests located, not independently run	fix(magnification): serialize freeze capture requests
ba14ddd6f4fa878cb2b51f791363dae48e6ee148	62aabc3dec70d43e1925eb0a0824e2e97b0ffa5c	2026-09-21T20:39:02+08:00	2026-09-21T20:39:02+08:00	bugfix/animation bugfix/eraser bugfix/pptui bugfix/settingui chore/publish dev feature/cursor feature/ui3-i18n origin/bugfix/eraser origin/dev	yes	H0 reachable	ordinary/product-code/assets	Inkeys/IdtMagnification.cpp	p1:9files:16ad74918ac3498e | uniq=9 +343/-38 | @@ -0,0 +1,4 @@;@@ -0,0 +1,54 @@ | code_change=IdtMagnification.cpp:+namespace;IdtMagnification.cpp:+void LogMagnificationFilterFailure();IdtMagnification.cpp:+IDirect3D9* pD3D = Direct3DCreate9(D3D_SDK_VERSION);	full patch + H0 current shared-contract static review	IdtMagnification::MagnifierThread/BuildCurrentFilterList/Freeze coordinator；Window owner/overlay	静态审查未确认本项新缺陷；真实 GUI/设备行为未验证		static only; existing tests located, not independently run	fix(magnification): refresh exclusion list before capture
62aabc3dec70d43e1925eb0a0824e2e97b0ffa5c	72712c356b6b456acb7099a61314a1d1def64ded	2026-09-21T14:42:52+08:00	2026-09-21T14:42:52+08:00	bugfix/animation bugfix/eraser bugfix/pptui bugfix/settingui chore/publish dev feature/cursor feature/ui3-i18n origin/bugfix/eraser origin/dev	yes	H0 reachable	ordinary/product-code/assets	Inkeys/IdtFreezeFrame.cpp;Inkeys/Inkeys/UI/Bar/Bar.Button.cpp	p1:6files:bd123b35b2fdad72 | uniq=6 +24/-11 | @@ -1570 +1570 @@;@@ -1606 +1606 @@ | code_change=IdtFreezeFrame.cpp:-bool overlayFullscreen = false;;IdtFreezeFrame.cpp:-overlayFullscreen = windowService.SetOverlayFullscreen(true);;IdtFreezeFrame.cpp:-if (overlayFullscreen)	full patch + H0 current shared-contract static review	IdtMagnification::MagnifierThread/BuildCurrentFilterList/Freeze coordinator；Window owner/overlay	静态审查未确认本项新缺陷；真实 GUI/设备行为未验证		static only; existing tests located, not independently run	fix(window): keep desktop freeze out of fullscreen
72712c356b6b456acb7099a61314a1d1def64ded	8a25cfcd22b01fac3c8792d06e9f002ac16750c7	2026-09-21T14:20:58+08:00	2026-09-21T14:20:58+08:00	bugfix/animation bugfix/eraser bugfix/pptui bugfix/settingui chore/publish dev feature/cursor feature/ui3-i18n origin/bugfix/eraser origin/dev	yes	H0 reachable	ordinary/product-code/assets	Inkeys/Inkeys/UI/Bar/Bar.Button.cpp	p1:5files:de6cd3d12675792f | uniq=5 +41/-0 | @@ -1556,0 +1557 @@;@@ -1568,0 +1570 @@ | code_change=Bar.Button.cpp:+const bool wasActive = Inkeys::UI::Freeze::IsActive();;Bar.Button.cpp:+if (!wasActive && Inkeys::UI::Freeze::IsActive());Bar.Button.cpp:+(void)Inkeys::Window::GetService().RequestTopmostRefresh();	full patch + H0 current shared-contract static review	IdtMagnification::MagnifierThread/BuildCurrentFilterList/Freeze coordinator；Window owner/overlay	静态审查未确认本项新缺陷；真实 GUI/设备行为未验证		static only; existing tests located, not independently run	fix(window): refresh topmost when freeze activates
8a25cfcd22b01fac3c8792d06e9f002ac16750c7	8fbeffb48d235386e1a8699137d05d70ca74ca51	2026-09-21T13:57:49+08:00	2026-09-21T13:57:49+08:00	bugfix/animation bugfix/eraser bugfix/pptui bugfix/settingui chore/publish dev feature/cursor feature/ui3-i18n origin/bugfix/eraser origin/dev	yes	H0 reachable	ordinary/product-code/assets	Inkeys/Inkeys/Window/Window.cpp;InkeysHeadlessTests/window_tests.cpp	p1:8files:5db1a86583df3724 | uniq=8 +115/-8 | @@ -58 +58 @@;@@ -74 +74 @@ | code_change=Window.cpp:-else if (role == WindowRole::DrawpadPresentation ||;Window.cpp:-role == WindowRole::Drawpad);Window.cpp:+else if (role == WindowRole::DrawpadPresentation)	full patch + H0 current shared-contract static review	IdtMagnification::MagnifierThread/BuildCurrentFilterList/Freeze coordinator；Window owner/overlay	静态审查未确认本项新缺陷；真实 GUI/设备行为未验证		static only; existing tests located, not independently run	fix(window): nest drawpad owner chain
bf98ad92b2b85ec40a428a10b762c3271a78460f	eccf01ab7901eab334ba647d2068e22f5d5b6df5	2026-09-22T09:25:45+08:00	2026-09-22T09:25:45+08:00	bugfix/animation bugfix/eraser bugfix/pptui chore/publish dev feature/cursor feature/ui3-i18n origin/bugfix/eraser origin/dev	yes	H0 reachable	ordinary/documentation/task-state	docs/Trellis	p1:2files:b1b6779127a1b4c8 | uniq=2 +26/-1 | @@ -11,2 +11,2 @@;@@ -22 +22 @@	brief full patch/path/security-token scan	metadata only	仅 Trellis 文档/任务记录，未改产品代码；本项无确认产品缺陷		static diff only; runtime not applicable	chore: record journal
eccf01ab7901eab334ba647d2068e22f5d5b6df5	0409256f1b95fd12db7081d1a9ec389072b8b250	2026-09-22T09:24:53+08:00	2026-09-22T09:24:53+08:00	bugfix/animation bugfix/eraser bugfix/pptui chore/publish dev feature/cursor feature/ui3-i18n origin/bugfix/eraser origin/dev	yes	H0 reachable	ordinary/documentation/task-state	docs/Trellis	p1:12files:74bef4494673f958 | uniq=12 +120/-75 | @@ -1,3 +0,0 @@;@@ -1,35 +0,0 @@	brief full patch/path/security-token scan	metadata only	仅 Trellis 文档/任务记录，未改产品代码；本项无确认产品缺陷		static diff only; runtime not applicable	chore(task): archive 09-20-ui3-bar-i18n
0409256f1b95fd12db7081d1a9ec389072b8b250	62a9801de361102eb168e132e73af90e83b795ea	2026-09-22T09:20:55+08:00	2026-09-22T09:20:55+08:00	bugfix/animation bugfix/eraser bugfix/pptui chore/publish dev feature/cursor feature/ui3-i18n origin/bugfix/eraser origin/dev	yes	H0 reachable	ordinary/product-code/assets	Inkeys/Inkeys.vcxproj;Inkeys/Inkeys.vcxproj.filters;Inkeys/Inkeys/UI/Bar/Bar.I18nFormat.h;Inkeys/Inkeys/UI/Bar/Bar.RenderLoop.cpp;Inkeys/Inkeys/UI/Bar/Bar.State.cpp;InkeysHeadlessTests/animation_tests.cpp	p1:6files:0e1181b16cd75dfd | uniq=6 +70/-7 | @@ -414,0 +415 @@;@@ -307,0 +308,3 @@ | code_change=Bar.I18nFormat.h:+#pragma once;Bar.I18nFormat.h:+namespace Inkeys::UI::Bar::Detail;Bar.I18nFormat.h:+[[nodiscard]] inline std::wstring FormatThicknessText(	full diff + current caller/callee/failure-path static review	localized thickness formatting guard used in Bar state/render	静态当前调用链已审；未见确认问题		static only; relevant headless/GUI execution not independently run	fix(ui3): guard localized format strings
62a9801de361102eb168e132e73af90e83b795ea	f9927b95ff55e1089eb67c5045221eba044c4eb7	2026-09-21T12:47:25+08:00	2026-09-21T12:47:25+08:00	bugfix/animation bugfix/eraser bugfix/pptui chore/publish dev feature/cursor feature/ui3-i18n origin/bugfix/eraser origin/dev	yes	H0 reachable	ordinary/product-code/assets	Inkeys/Inkeys/UI/Setting/Setting.cpp	"p1:4files:bed2f3205e243568 | uniq=4 +17/-5 | @@ -11,0 +12 @@;@@ -30,0 +32 @@ | code_change=Setting.cpp:+ImGui::SetCursorPos({ 10.0f * settingGlobalScale,ImGui::GetCursorPosY() + 4.0f * settingGlobalScale ;Setting.cpp:+if (Widgets::button.Navigation(("" \uf2b7 "" + IA(I18nKey.SettingsUI.Language.N)).c_str(), { 150.0f * "	full patch + H0 current shared-contract static review	H0 UI3 i18n key bounds/format guard and Setting language navigation	静态审查未确认本项新缺陷；真实输入/视觉行为未验证		static only; tests located, not independently run	fix(settings): restore language navigation
f9927b95ff55e1089eb67c5045221eba044c4eb7	3ceb4b1c4e2bc8a277075cdcbe8fa8fe3e50531c	2026-09-21T11:43:40+08:00	2026-09-21T11:43:40+08:00	bugfix/animation bugfix/eraser bugfix/pptui chore/publish dev feature/cursor feature/ui3-i18n origin/bugfix/eraser origin/dev	yes	H0 reachable	ordinary/product-code/assets	Inkeys/IdtI18nKeys.g.h;Inkeys/IdtMain.cpp;Inkeys/Inkeys/UI/Bar/Bar.Animation.cppm;Inkeys/Inkeys/UI/Bar/Bar.Button.cpp;Inkeys/Inkeys/UI/Bar/Bar.EraserAttribute.Test.cpp;Inkeys/Inkeys/UI/Bar/Bar.Initialization.cpp;Inkeys/Inkeys/UI/Bar/Bar.RenderLoop.cpp;Inkeys/Inkeys/UI/Bar/Bar.Rendering.cpp	p1:21files:76a6c3ad46174a01 | uniq=21 +801/-100 | @@ -0,0 +1,3 @@;@@ -0,0 +1,33 @@ | code_change=IdtMain.cpp:-setlist.selectLanguage = 1;;IdtMain.cpp:+if (setlist.selectLanguage < 0 || setlist.selectLanguage > 2);IdtMain.cpp:+setlist.selectLanguage = 0;	full patch + H0 current shared-contract static review	H0 UI3 i18n key bounds/format guard and Setting language navigation	静态审查未确认本项新缺陷；真实输入/视觉行为未验证		static only; tests located, not independently run	feat(ui3): localize bar interface
3ceb4b1c4e2bc8a277075cdcbe8fa8fe3e50531c	043b495b94213ccb6b362ab1a4c6d5d03ff7cd06 7d41d9851e52fc06a50b73c24963321631e6f67e	2026-09-20T20:36:50+08:00	2026-09-20T20:36:50+08:00	bugfix/animation bugfix/eraser bugfix/pptui chore/publish dev feature/cursor feature/ui3-i18n origin/bugfix/eraser origin/dev	yes	H0 reachable	merge/import-integration	Inkeys/HiEasyX.h;Inkeys/HiEasyX/HiCanvas.cpp;Inkeys/HiEasyX/HiCanvas.h;Inkeys/HiEasyX/HiContainer.cpp;Inkeys/HiEasyX/HiContainer.h;Inkeys/HiEasyX/HiDef.h;Inkeys/HiEasyX/HiDrawingProperty.cpp;Inkeys/HiEasyX/HiDrawingProperty.h	p1:1623files:f3367b4364d3d6b3 | p2:0files:e3b0c44298fc1c14 | uniq=1623 +350717/-26902 | @@ -0,0 +1,2 @@;@@ -7,0 +8,2 @@	two-parent full patch indexed; remerge-diff empty	renamed/deleted: review mapping	合并自身无独立冲突解决；集成了现行 DWM 呈现合同问题 AUD-B1-001，原始来源 fc9a8b865 在后续批次	AUD-B1-001	git --remerge-diff static check; runtime not run	Merge pull request #213 from Alan-CRL/draw
7d41d9851e52fc06a50b73c24963321631e6f67e	e3970c2e1fb2b62dda15fa96951522a70d850774 8fbeffb48d235386e1a8699137d05d70ca74ca51	2026-09-20T20:36:07+08:00	2026-09-20T20:36:07+08:00	bugfix/animation bugfix/eraser bugfix/pptui chore/publish dev draw feature/cursor feature/ui3-i18n origin/bugfix/eraser origin/dev	yes	H0 reachable	merge/integration	Inkeys/IdtConfiguration.cpp;Inkeys/IdtFreezeFrame.cpp;Inkeys/IdtI18nKeys.g.h;Inkeys/IdtMain.cpp;Inkeys/IdtState.cpp;Inkeys/Inkeys/UI/Setting/Setting.SessionState.h;Inkeys/Inkeys/UI/Setting/Setting.cpp;Inkeys/Inkeys/Window/Window.cpp	p1:24files:ea7a0147b687ef77 | p2:0files:e3b0c44298fc1c14 | uniq=24 +1122/-1669 | @@ -36,0 +37,54 @@;@@ -1376,0 +1377,6 @@	two-parent full patch indexed; remerge-diff empty	Inkeys/IdtConfiguration.cpp;Inkeys/IdtFreezeFrame.cpp;Inkeys/IdtI18nKeys.g.h;Inkeys/IdtMain.cpp;Inkeys/IdtState.cpp	合并自身无独立冲突解决；分支内容在各 SHA 单审		git --remerge-diff static check; runtime not run	Merge pull request #212 from Alan-CRL/bugfix/settingui
8fbeffb48d235386e1a8699137d05d70ca74ca51	880163860d22289bc8741abb5bf2c0cb0c677258	2026-09-20T20:28:31+08:00	2026-09-20T20:28:31+08:00	bugfix/animation bugfix/eraser bugfix/pptui bugfix/settingui chore/publish dev draw feature/cursor feature/ui3-i18n origin/bugfix/eraser origin/dev	yes	H0 reachable	ordinary/product-code/assets	Inkeys/IdtState.cpp	p1:5files:1e90dc6140739c3f | uniq=5 +62/-4 | @@ -1569 +1569 @@;@@ -1589,0 +1590,2 @@ | code_change=IdtState.cpp:+std::atomic_uint64_t settingOwnerDesiredState = 0;;IdtState.cpp:+std::atomic_uint64_t settingOwnerAppliedState = 0;;IdtState.cpp:+std::mutex settingOwnerApplyMutex;	full patch + H0 current shared-contract static review	IdtState settingOwnerDesired/Applied revision→WindowService::SetSettingOwnedByDrawpad	静态审查未确认本项新缺陷；真实 GUI/设备行为未验证		static only; existing tests located, not independently run	fix(window): retry setting owner synchronization
880163860d22289bc8741abb5bf2c0cb0c677258	e6c729d2081ed9f37e744316e0d3158177d169ee	2026-09-20T19:54:04+08:00	2026-09-20T19:54:04+08:00	bugfix/animation bugfix/eraser bugfix/pptui bugfix/settingui chore/publish dev draw feature/cursor feature/ui3-i18n origin/bugfix/eraser origin/dev	yes	H0 reachable	ordinary/product-code/assets	Inkeys/Inkeys/UI/Setting/Setting.cpp;Inkeys/src/i18n/en-US.jsonc;Inkeys/src/i18n/zh-CN.jsonc;Inkeys/src/i18n/zh-TW.jsonc	"p1:9files:769482d0b94cc3d3 | uniq=9 +41/-17 | @@ -1376,0 +1377,6 @@;@@ -16,0 +17 @@ | code_change=Setting.cpp:-ImGui::BeginChild(""常规#3"", { settingItemWidth * settingGlobalScale,470.0f * settingGlobalScale }, fal;Setting.cpp:+const bool showAnimationRate = Experimental.Inkeys3.AnimationEnable;;Setting.cpp:+const bool showDynamicEdgeLighting = Experimental.Inkeys3.EdgeLightingEnable;"	full patch + H0 current shared-contract static review	IdtState settingOwnerDesired/Applied revision→WindowService::SetSettingOwnedByDrawpad	静态审查未确认本项新缺陷；真实 GUI/设备行为未验证		static only; existing tests located, not independently run	fix(settings): hide dependent appearance options
e6c729d2081ed9f37e744316e0d3158177d169ee	7218d7191c5edd52f7b37a864ad035ce4625c65d	2026-09-20T18:36:26+08:00	2026-09-20T18:36:26+08:00	bugfix/animation bugfix/eraser bugfix/pptui bugfix/settingui chore/publish dev draw feature/cursor feature/ui3-i18n origin/bugfix/eraser origin/dev	yes	H0 reachable	ordinary/product-code/assets	Inkeys/IdtConfiguration.cpp;Inkeys/IdtFreezeFrame.cpp;Inkeys/IdtI18nKeys.g.h;Inkeys/IdtMain.cpp;Inkeys/Inkeys/UI/Setting/Setting.cpp;Inkeys/src/i18n/en-US.jsonc;Inkeys/src/i18n/zh-CN.jsonc;Inkeys/src/i18n/zh-TW.jsonc	"p1:13files:eab494b6434bbf5f | uniq=13 +686/-1677 | @@ -36,0 +37,54 @@;@@ -0,0 +1,16 @@ | code_change=IdtConfiguration.cpp:-if (setlistVal[""Regular""].isMember(""AvoidFullScreen"") && setlistVal[""Regular""][""AvoidFullScreen""].is;IdtConfiguration.cpp:-setlist.regularSetting.avoidFullScreen = setlistVal[""Regular""][""AvoidFullScreen""].asBool();;IdtConfiguration.cpp:-if (setlistVal.isMember(""PointAdsorption"") && setlistVal[""PointAdsorption""].isBool())"	full patch + H0 current shared-contract static review	IdtState settingOwnerDesired/Applied revision→WindowService::SetSettingOwnedByDrawpad	静态审查未确认本项新缺陷；真实 GUI/设备行为未验证		static only; existing tests located, not independently run	refactor(settings): clean up obsolete options
7218d7191c5edd52f7b37a864ad035ce4625c65d	8a76994c3da726164cbc3c708a124f5fd3ef2396	2026-09-20T17:12:54+08:00	2026-09-20T17:12:54+08:00	bugfix/animation bugfix/eraser bugfix/pptui bugfix/settingui chore/publish dev draw feature/cursor feature/ui3-i18n origin/bugfix/eraser origin/dev	yes	H0 reachable	ordinary/product-code/assets	Inkeys/Inkeys/UI/Setting/Setting.SessionState.h;Inkeys/Inkeys/UI/Setting/Setting.cpp;InkeysHeadlessTests/setting_session_state_tests.cpp	p1:5files:232590d0a2c9fac5 | uniq=5 +81/-2 | @@ -1549,0 +1550 @@;@@ -1564,0 +1566 @@ | code_change=Setting.SessionState.h:+enum class BarButtonClickAction : std::uint8_t;Setting.SessionState.h:+ShowAndActivate,;Setting.SessionState.h:+Activate,	full patch + H0 current shared-contract static review	IdtState settingOwnerDesired/Applied revision→WindowService::SetSettingOwnedByDrawpad	静态审查未确认本项新缺陷；真实 GUI/设备行为未验证		static only; existing tests located, not independently run	fix(settings): focus visible window before closing
8a76994c3da726164cbc3c708a124f5fd3ef2396	9604e60a9a31f38dd7d2f0fcf862375848467488	2026-09-20T16:25:29+08:00	2026-09-20T16:25:29+08:00	bugfix/animation bugfix/eraser bugfix/pptui bugfix/settingui chore/publish dev draw feature/cursor feature/ui3-i18n origin/bugfix/eraser origin/dev	yes	H0 reachable	ordinary/product-code/assets	Inkeys/Inkeys/UI/Setting/Setting.cpp	p1:4files:5836ed8f5ba2e6d9 | uniq=4 +81/-0 | @@ -1563,0 +1564 @@;@@ -1581,0 +1583,2 @@ | code_change=Setting.cpp:+if (msg == WM_NCHITTEST);Setting.cpp:+POINT point{ GET_X_LPARAM(lParam), GET_Y_LPARAM(lParam) };;Setting.cpp:+if (!ScreenToClient(hWnd, &point)) return HTCLIENT;	full patch + H0 current shared-contract static review	IdtState settingOwnerDesired/Applied revision→WindowService::SetSettingOwnedByDrawpad	静态审查未确认本项新缺陷；真实 GUI/设备行为未验证		static only; existing tests located, not independently run	fix(settings): restore title bar dragging
9604e60a9a31f38dd7d2f0fcf862375848467488	e3970c2e1fb2b62dda15fa96951522a70d850774	2026-09-20T15:53:33+08:00	2026-09-20T15:53:33+08:00	bugfix/animation bugfix/eraser bugfix/pptui bugfix/settingui chore/publish dev draw feature/cursor feature/ui3-i18n origin/bugfix/eraser origin/dev	yes	H0 reachable	ordinary/product-code/assets	Inkeys/IdtState.cpp;Inkeys/Inkeys/Window/Window.cpp;Inkeys/Inkeys/Window/Window.cppm;InkeysHeadlessTests/window_tests.cpp	p1:9files:cd6242a485161552 | uniq=9 +213/-1 | @@ -1545,0 +1546 @@;@@ -1561 +1562,2 @@ | code_change=IdtState.cpp:+(void)Inkeys::Window::GetService().SetSettingOwnedByDrawpad(;IdtState.cpp:+stateMode.StateModeSelect != StateModeSelectEnum::IdtSelection);;Window.cpp:+[[nodiscard]] bool SetSettingOwnedByDrawpad(bool enabled)	full patch + H0 current shared-contract static review	IdtState settingOwnerDesired/Applied revision→WindowService::SetSettingOwnedByDrawpad	静态审查未确认本项新缺陷；真实 GUI/设备行为未验证		static only; existing tests located, not independently run	fix(window): sync setting owner with draw mode
e3970c2e1fb2b62dda15fa96951522a70d850774	a3f46e41e7ef3ca10758d4c820cbfb2b2d8c5bab 1c521b08d4088cf929684f01febc0a5bf6941ca3	2026-09-20T14:57:34+08:00	2026-09-20T14:57:34+08:00	bugfix/animation bugfix/eraser bugfix/pptui bugfix/settingui chore/publish dev draw feature/cursor feature/ui3-i18n origin/bugfix/eraser origin/dev	yes	H0 reachable	merge/integration	Inkeys/Inkeys/Drawing/Draw3/Assets/inkPixelShader.hlsl;Inkeys/Inkeys/Drawing/Draw3/Draw3.DrawingController.cpp;Inkeys/Inkeys/Drawing/Draw3/Draw3.DrawingController.cppm;Inkeys/Inkeys/Drawing/Draw3/Draw3.HiddenWindowTest.cpp;Inkeys/Inkeys/Drawing/Draw3/Draw3.Host.cpp;Inkeys/Inkeys/Drawing/Draw3/Draw3.Host.h;Inkeys/Inkeys/Drawing/Draw3/Draw3.InkPrediction.cppm;Inkeys/Inkeys/Drawing/Draw3/Draw3.PenDiagnostics.h	p1:33files:09e59fdb5b8e29c7 | p2:0files:e3b0c44298fc1c14 | uniq=33 +4311/-106 | @@ -71,0 +72,2 @@;@@ -99 +99 @@	two-parent full patch indexed; remerge-diff empty	Inkeys/Inkeys/Drawing/Draw3/Assets/inkPixelShader.hlsl;Inkeys/Inkeys/Drawing/Draw3/Draw3.DrawingController.cpp;Inkeys/Inkeys/Drawing/Draw3/Draw3.DrawingController.cppm;Inkeys/Inkeys/Drawing/Draw3/Draw3.HiddenWindowTest.cpp;Inkeys/Inkeys/Drawing/Draw3/Draw3.Host.cpp	合并自身无独立冲突解决；分支内容在各 SHA 单审		git --remerge-diff static check; runtime not run	Merge pull request #211 from Alan-CRL/bugfix/draw3
1c521b08d4088cf929684f01febc0a5bf6941ca3	d13712dc5500ab5857a507567a7cdab89f4d47e1	2026-09-20T14:16:00+08:00	2026-09-20T14:16:00+08:00	bugfix/animation bugfix/eraser bugfix/pptui bugfix/settingui chore/publish dev draw feature/cursor feature/ui3-i18n origin/bugfix/eraser origin/dev	yes	H0 reachable	ordinary/test	inkStrokeModelerTestTests/contact_input_tests.cpp;inkStrokeModelerTestTests/inkStrokeModelerTestTests.vcxproj	p1:2files:83cc9ce2f88a532a | uniq=2 +25/-0 | @@ -2577,0 +2578 @@;@@ -2578,0 +2580,5 @@ | code_change=none/metadata	full patch + focused current-code/test static review	独立 Draw3 contact 测试用例与项目登记，未改产品运行时	仅测试与登记，未改生产逻辑；静态审查无确认缺陷		static only; relevant UI not run	fix(tests): address Draw3 review findings
d13712dc5500ab5857a507567a7cdab89f4d47e1	d4456c21e741aad8d4650dccd6c2609eb9660e1c	2026-09-20T13:10:15+08:00	2026-09-20T13:10:15+08:00	bugfix/animation bugfix/eraser bugfix/pptui bugfix/settingui chore/publish dev draw feature/cursor feature/ui3-i18n origin/bugfix/eraser origin/dev	yes	H0 reachable	ordinary/product-code/assets	Inkeys/Inkeys/Drawing/Draw3/Assets/inkPixelShader.hlsl;Inkeys/Inkeys/Drawing/Draw3/Draw3.DrawingController.cpp;Inkeys/Inkeys/Drawing/Draw3/Draw3.HiddenWindowTest.cpp;Inkeys/Inkeys/Drawing/Draw3/Draw3.Host.cpp;Inkeys/Inkeys/Drawing/Draw3/Draw3.Host.h;Inkeys/Inkeys/Drawing/Draw3/Draw3.InkPrediction.cppm;Inkeys/Inkeys/Drawing/Draw3/Draw3.PenDiagnostics.h;Inkeys/Inkeys/Drawing/Draw3/Draw3.StrokeGeometry.cpp	p1:25files:f27e6a2c38ad4c40 | uniq=25 +1262/-21 | @@ -406,0 +407,3 @@;@@ -417,0 +421,2 @@ | code_change=inkPixelShader.hlsl:+float GetInkLocalRadius(float2 p, float2 p1, float2 p2, float r1, float r2);inkPixelShader.hlsl:+float2 segment = p2 - p1;;inkPixelShader.hlsl:+float h = length(segment);	full patch + H0 current shared-contract static review	H0 Draw3.InkPrediction/StrokeGeometry endpoint admission, stationary model update/freeze and terminal pin; standalone contact tests	静态审查未确认本项新缺陷；真实输入/视觉行为未验证		static only; tests located, not independently run	fix(draw3): freeze release tips and stabilize thin ink coverage
d4456c21e741aad8d4650dccd6c2609eb9660e1c	c88d8989259a1d0b1d74865e9c5533d81e93f035	2026-09-20T11:03:24+08:00	2026-09-20T11:03:24+08:00	bugfix/animation bugfix/eraser bugfix/pptui bugfix/settingui chore/publish dev draw feature/cursor feature/ui3-i18n origin/bugfix/eraser origin/dev	yes	H0 reachable	ordinary/product-code/assets	Inkeys/Inkeys/Drawing/Draw3/Draw3.DrawingController.cpp;Inkeys/Inkeys/Drawing/Draw3/Draw3.DrawingController.cppm;Inkeys/Inkeys/Drawing/Draw3/Draw3.HiddenWindowTest.cpp;Inkeys/Inkeys/Drawing/Draw3/Draw3.Host.cpp;Inkeys/Inkeys/Drawing/Draw3/Draw3.Host.h;Inkeys/Inkeys/Drawing/Draw3/Draw3.InkPrediction.cppm;Inkeys/Inkeys/Drawing/Draw3/Draw3.PenDiagnostics.h;Inkeys/Inkeys/Drawing/Draw3/Draw3.StrokeGeometry.cpp	p1:20files:f1cae448a38531b8 | uniq=20 +870/-157 | @@ -71,0 +72,2 @@;@@ -398 +398 @@ | code_change=Draw3.DrawingController.cpp:+uint64_t diagnosticStrokeId = 0;;Draw3.DrawingController.cpp:+uint64_t diagnosticModelUpdates = 0;;Draw3.DrawingController.cpp:+uint64_t nextDiagnosticStrokeId = 0;	full patch + H0 current shared-contract static review	H0 Draw3.InkPrediction/StrokeGeometry endpoint admission, stationary model update/freeze and terminal pin; standalone contact tests	静态审查未确认本项新缺陷；真实输入/视觉行为未验证		static only; tests located, not independently run	Fix Draw3 pen dwell convergence and resume
c88d8989259a1d0b1d74865e9c5533d81e93f035	23dcb72863dd72c338a50b652a4165de6139bde2	2026-09-20T09:53:48+08:00	2026-09-20T09:53:48+08:00	bugfix/animation bugfix/eraser bugfix/pptui bugfix/settingui chore/publish dev draw feature/cursor feature/ui3-i18n origin/bugfix/eraser origin/dev	yes	H0 reachable	ordinary/product-code/assets	Inkeys/Inkeys/Drawing/Draw3/Draw3.DrawingController.cpp;Inkeys/Inkeys/Drawing/Draw3/Draw3.InkPrediction.cppm;Inkeys/Inkeys/Drawing/Draw3/Draw3.StrokeGeometry.cpp;inkStrokeModelerTest/draw3/drawing_controller.cpp;inkStrokeModelerTest/draw3/ink_prediction.cppm;inkStrokeModelerTest/draw3/stroke_geometry.cpp;inkStrokeModelerTestTests/contact_input_tests.cpp	p1:15files:b491560d7b7bc20b | uniq=15 +1503/-71 | @@ -402,0 +403 @@;@@ -409,0 +411,2 @@ | code_change=Draw3.DrawingController.cpp:-auto updateContactModel = [&](RuntimeStroke& runtime,const Input& next,double inputTime);Draw3.DrawingController.cpp:+auto updateContactModel = [&](RuntimeStroke& runtime, const Input& next,;Draw3.DrawingController.cpp:+double inputTime, std::vector<ink::stroke_model::Result>& modelOutput)	full patch + H0 current shared-contract static review	H0 Draw3.InkPrediction/StrokeGeometry endpoint admission, stationary model update/freeze and terminal pin; standalone contact tests	静态审查未确认本项新缺陷；真实输入/视觉行为未验证		static only; tests located, not independently run	fix(draw3): bound endpoint settling and pen-up tails
23dcb72863dd72c338a50b652a4165de6139bde2	2890cc71f0e755569900b19e72d735a485a649f5	2026-09-20T07:57:22+08:00	2026-09-20T07:57:22+08:00	bugfix/animation bugfix/eraser bugfix/pptui bugfix/settingui chore/publish dev draw feature/cursor feature/ui3-i18n origin/bugfix/eraser origin/dev	yes	H0 reachable	ordinary/product-code/assets	Inkeys/Inkeys/Drawing/Draw3/Draw3.DrawingController.cpp;Inkeys/Inkeys/Drawing/Draw3/Draw3.InkPrediction.cppm;Inkeys/Inkeys/Drawing/Draw3/Draw3.StrokeGeometry.cpp;inkStrokeModelerTest/draw3/drawing_controller.cpp;inkStrokeModelerTest/draw3/ink_prediction.cppm;inkStrokeModelerTest/draw3/stroke_geometry.cpp;inkStrokeModelerTestTests/contact_input_tests.cpp	p1:16files:a450c17bfc7a321f | uniq=16 +765/-10 | @@ -390 +390 @@;@@ -393,0 +394,61 @@ | code_change=Draw3.DrawingController.cpp:+bool modelInputThisFrame = false;;Draw3.DrawingController.cpp:+bool stationaryModelAdvanceBlocked = false;;Draw3.DrawingController.cpp:+reconnectRuntime->modelInputThisFrame = true;	full patch + H0 current shared-contract static review	H0 Draw3.InkPrediction/StrokeGeometry endpoint admission, stationary model update/freeze and terminal pin; standalone contact tests	静态审查未确认本项新缺陷；真实输入/视觉行为未验证		static only; tests located, not independently run	fix(draw3): settle idle pen strokes before freezing
2890cc71f0e755569900b19e72d735a485a649f5	a3f46e41e7ef3ca10758d4c820cbfb2b2d8c5bab	2026-09-19T17:55:09+08:00	2026-09-19T17:55:09+08:00	bugfix/animation bugfix/eraser bugfix/pptui bugfix/settingui chore/publish dev draw feature/cursor feature/ui3-i18n origin/bugfix/eraser origin/dev	yes	H0 reachable	ordinary/product-code/assets	Inkeys/Inkeys/Drawing/Draw3/Draw3.DrawingController.cpp;Inkeys/Inkeys/Drawing/Draw3/Draw3.HiddenWindowTest.cpp	p1:4files:76a4658cb048986b | uniq=4 +56/-6 | @@ -99 +99 @@;@@ -189 +189 @@ | code_change=Draw3.DrawingController.cpp:+bool previousClearUndoAvailable = true; // 跨 Clear 恢复成功后消费，阻止进入更早画布。;Draw3.DrawingController.cpp:+destination.previousClearUndoAvailable =;Draw3.DrawingController.cpp:+source.previousClearUndoAvailable;	full patch + H0 current shared-contract static review	H0 Draw3 clear undo previous boundary flag and headless case	静态审查未确认本项新缺陷；真实输入/视觉行为未验证		static only; tests located, not independently run	fix(draw3): allow undo within restored clear canvas
a3f46e41e7ef3ca10758d4c820cbfb2b2d8c5bab	4478887cbafe5aaad2a23d76ca5a5490f1c1e655 dead67e0d02b61469d88e1ed990340cf38bab363	2026-09-17T13:28:18+08:00	2026-09-17T13:28:18+08:00	bugfix/animation bugfix/eraser bugfix/pptui bugfix/settingui chore/publish dev draw feature/cursor feature/ui3-i18n origin/bugfix/eraser origin/dev	yes	H0 reachable	merge/integration	Inkeys/IdtConfiguration.cpp;Inkeys/IdtConfiguration.h;Inkeys/IdtDraw.cpp;Inkeys/IdtI18nKeys.g.h;Inkeys/IdtMain.cpp;Inkeys/IdtStart.cpp;Inkeys/IdtState.cpp;Inkeys/IdtState.h	p1:182files:8b6c8845feaf2d0c | p2:0files:e3b0c44298fc1c14 | uniq=182 +14883/-3856 | @@ -75 +75,59 @@;@@ -0,0 +1,95 @@	two-parent full patch indexed; remerge-diff empty	Inkeys/IdtConfiguration.cpp;Inkeys/IdtConfiguration.h;Inkeys/IdtDraw.cpp;Inkeys/IdtI18nKeys.g.h;Inkeys/IdtMain.cpp	合并自身无独立冲突解决；分支内容在各 SHA 单审		git --remerge-diff static check; runtime not run	Merge pull request #210 from Alan-CRL/feature/eraser
dead67e0d02b61469d88e1ed990340cf38bab363	b7ff18255f6f4a63d3aeb2fa10f762b644485cfc	2026-09-17T13:09:07+08:00	2026-09-17T13:09:07+08:00	bugfix/animation bugfix/eraser bugfix/pptui bugfix/settingui chore/publish dev draw feature/cursor feature/ui3-i18n origin/bugfix/eraser origin/dev	yes	H0 reachable	ordinary/product-code/assets	Inkeys/IdtDraw.cpp;Inkeys/IdtMain.cpp;Inkeys/Inkeys/Drawing/Draw3/Draw3.DrawingController.cpp;Inkeys/Inkeys/Drawing/Draw3/Draw3.HiddenWindowTest.cpp;Inkeys/Inkeys/Drawing/Draw3/Draw3.Host.cpp	p1:17files:bbdb3c54b0d38e83 | uniq=17 +42/-22 | @@ -24 +24 @@;@@ -26 +26 @@ | code_change=IdtDraw.cpp:-static_cast<float>(monitor->physicalSize.heightCm),;IdtDraw.cpp:+static_cast<float>(monitor->physicalSize.widthCm),;IdtMain.cpp:-static_cast<float>(monitor->physicalSize.heightCm),	full patch + H0 current shared-contract static review	H0 Display::ReadMonitorEdid/ResolvePhysicalSize, dynamic shcore DPI and safe unavailable fallback	静态审查未确认本项新缺陷；真实输入/视觉行为未验证		static only; tests located, not independently run	fix: address PR 210 review findings
b7ff18255f6f4a63d3aeb2fa10f762b644485cfc	5e33399129df271c02c2bc3d5866b4ba70c009b5	2026-09-17T09:56:23+08:00	2026-09-17T09:56:23+08:00	bugfix/animation bugfix/eraser bugfix/pptui bugfix/settingui chore/publish dev draw feature/cursor feature/ui3-i18n origin/bugfix/eraser origin/dev	yes	H0 reachable	ordinary/documentation/task-state	docs/Trellis	p1:2files:6d35512c83bb77da | uniq=2 +30/-1 | @@ -11,2 +11,2 @@;@@ -22 +22 @@	brief full patch/path/security-token scan	metadata only	仅 Trellis 文档/任务记录，未改产品代码；本项无确认产品缺陷		static diff only; runtime not applicable	chore: record journal
5e33399129df271c02c2bc3d5866b4ba70c009b5	4a909d4c2e4aa631f1836d84416176fe33fa755a	2026-09-17T09:56:05+08:00	2026-09-17T09:56:05+08:00	bugfix/animation bugfix/eraser bugfix/pptui bugfix/settingui chore/publish dev draw feature/cursor feature/ui3-i18n origin/bugfix/eraser origin/dev	yes	H0 reachable	ordinary/documentation/task-state	docs/Trellis	p1:32files:9454649b1825f68a | uniq=32 +1410/-1117 | @@ -1,3 +0,0 @@;@@ -1,4 +0,0 @@	brief full patch/path/security-token scan	metadata only	仅 Trellis 文档/任务记录，未改产品代码；本项无确认产品缺陷		static diff only; runtime not applicable	chore(task): archive 09-15-eraser-attribute-global-size
4a909d4c2e4aa631f1836d84416176fe33fa755a	4701fcf31f5650960f916dfeb3d4cda43ca11d9a	2026-09-17T09:55:58+08:00	2026-09-17T09:55:58+08:00	bugfix/animation bugfix/eraser bugfix/pptui bugfix/settingui chore/publish dev draw feature/cursor feature/ui3-i18n origin/bugfix/eraser origin/dev	yes	H0 reachable	ordinary/documentation/task-state	docs/Trellis	p1:24files:eec36854793e61de | uniq=24 +1810/-1265 | @@ -1,10 +0,0 @@;@@ -1,376 +0,0 @@	brief full patch/path/security-token scan	metadata only	仅 Trellis 文档/任务记录，未改产品代码；本项无确认产品缺陷		static diff only; runtime not applicable	chore(task): archive 09-01-uink-file-persistence
4701fcf31f5650960f916dfeb3d4cda43ca11d9a	152ccb10da0483282f6ceeb7cd3a439089a1120a	2026-09-17T09:55:53+08:00	2026-09-17T09:55:53+08:00	bugfix/animation bugfix/eraser bugfix/pptui bugfix/settingui chore/publish dev draw feature/cursor feature/ui3-i18n origin/bugfix/eraser origin/dev	yes	H0 reachable	ordinary/documentation/task-state	docs/Trellis	p1:22files:0bb4ac3e869dfb19 | uniq=22 +1045/-651 | @@ -1,8 +0,0 @@;@@ -1,355 +0,0 @@	brief full patch/path/security-token scan	metadata only	仅 Trellis 文档/任务记录，未改产品代码；本项无确认产品缺陷		static diff only; runtime not applicable	chore(task): archive 09-01-fluent-message-box
152ccb10da0483282f6ceeb7cd3a439089a1120a	f6f99097038dd4a1727974594a35659a5575bd36	2026-09-17T09:55:48+08:00	2026-09-17T09:55:48+08:00	bugfix/animation bugfix/eraser bugfix/pptui bugfix/settingui chore/publish dev draw feature/cursor feature/ui3-i18n origin/bugfix/eraser origin/dev	yes	H0 reachable	ordinary/documentation/task-state	docs/Trellis	p1:16files:0f77776c562ea56e | uniq=16 +689/-418 | @@ -1,6 +0,0 @@;@@ -1,221 +0,0 @@	brief full patch/path/security-token scan	metadata only	仅 Trellis 文档/任务记录，未改产品代码；本项无确认产品缺陷		static diff only; runtime not applicable	chore(task): archive 09-01-desktop-uink-autosave
f6f99097038dd4a1727974594a35659a5575bd36	3308faec15effeb2d5cee8e95baeecf5269d9a0a	2026-09-17T09:55:24+08:00	2026-09-17T09:55:24+08:00	bugfix/animation bugfix/eraser bugfix/pptui bugfix/settingui chore/publish dev draw feature/cursor feature/ui3-i18n origin/bugfix/eraser origin/dev	yes	H0 reachable	ordinary/documentation/task-state	docs/Trellis	p1:12files:3c2f6b87585390af | uniq=12 +251/-170 | @@ -1 +0,0 @@;@@ -1,88 +0,0 @@	brief full patch/path/security-token scan	metadata only	仅 Trellis 文档/任务记录，未改产品代码；本项无确认产品缺陷		static diff only; runtime not applicable	chore(task): archive 08-24-overlay-topmost-presentation-recovery
3308faec15effeb2d5cee8e95baeecf5269d9a0a	7ecfbe32429610786aa0fc117d40c02388e53610	2026-09-17T09:44:33+08:00	2026-09-17T09:44:33+08:00	bugfix/animation bugfix/eraser bugfix/pptui bugfix/settingui chore/publish dev draw feature/cursor feature/ui3-i18n origin/bugfix/eraser origin/dev	yes	H0 reachable	ordinary/product-code/assets	Inkeys/Inkeys/UI/Bar/Bar.EraserAttribute.Test.cpp;Inkeys/Inkeys/UI/Bar/Bar.EraserAttribute.cpp;Inkeys/Inkeys/UI/Bar/Bar.EraserAttributeLayout.cppm;Inkeys/Inkeys/UI/Bar/Bar.EraserAttributeMotion.cppm;Inkeys/Inkeys/UI/Bar/Bar.Main.cppm;InkeysHeadlessTests/eraser_attribute_tests.cpp	p1:10files:87c264d027314ee9 | uniq=10 +159/-23 | @@ -12,0 +13 @@;@@ -43 +44 @@ | code_change=Bar.EraserAttribute.Test.cpp:-RECT workArea={0,0,1000,620},POINT origin={0,0},bool dragPlacementLocked=false);Bar.EraserAttribute.Test.cpp:+RECT workArea={0,0,1000,620},POINT origin={0,0},bool dragPlacementLocked=false,;Bar.EraserAttribute.Test.cpp:+const BarUiTimelineClass* parentTimeline=nullptr)	full patch + H0 current shared-contract static review	H0 Bar.EraserAttribute layout/motion/Execute and eraser_attribute_tests; captured clear accepted before mode restore	静态审查未确认本项新缺陷；真实输入/视觉行为未验证		static only; tests located, not independently run	fix: align eraser panel release flip
7ecfbe32429610786aa0fc117d40c02388e53610	157ca9e4ae847fa43f6fd19f03cf2fb89e04c81a	2026-09-16T22:11:54+08:00	2026-09-16T22:11:54+08:00	bugfix/animation bugfix/eraser bugfix/pptui bugfix/settingui chore/publish dev draw feature/cursor feature/ui3-i18n origin/bugfix/eraser origin/dev	yes	H0 reachable	ordinary/product-code/assets	Inkeys/Inkeys/UI/Bar/Bar.EraserAttribute.Test.cpp;Inkeys/Inkeys/UI/Bar/Bar.EraserAttributeLayout.cppm;InkeysHeadlessTests/eraser_attribute_tests.cpp	"p1:7files:868a82fafe74ce82 | uniq=7 +54/-17 | @@ -35 +35 @@;@@ -60,0 +61 @@ | code_change=Bar.EraserAttribute.Test.cpp:-expect(narrow.panelVisible && narrow.geometry.horizontalOverflow && narrow.geometry.panel.Width()<=n;Bar.EraserAttribute.Test.cpp:-""narrow work area clips the production eraser panel without scaling its content"");;Bar.EraserAttribute.Test.cpp:+const double narrowCircleEndGap=narrow.geometry.reversed"	full patch + H0 current shared-contract static review	H0 Bar.EraserAttribute layout/motion/Execute and eraser_attribute_tests; captured clear accepted before mode restore	静态审查未确认本项新缺陷；真实输入/视觉行为未验证		static only; tests located, not independently run	fix: keep eraser layout normal in narrow workspaces
157ca9e4ae847fa43f6fd19f03cf2fb89e04c81a	cfdf4e5fa47c40bb0149b8e193c7f5a35a0a8268	2026-09-16T21:47:06+08:00	2026-09-16T21:47:06+08:00	bugfix/animation bugfix/eraser bugfix/pptui bugfix/settingui chore/publish dev draw feature/cursor feature/ui3-i18n origin/bugfix/eraser origin/dev	yes	H0 reachable	ordinary/product-code/assets	Inkeys/Inkeys/UI/Bar/Bar.EraserAttribute.Test.cpp;Inkeys/Inkeys/UI/Bar/Bar.EraserAttribute.cpp;Inkeys/Inkeys/UI/Bar/Bar.EraserAttributeLayout.cppm;Inkeys/Inkeys/UI/Bar/Bar.Main.cppm;Inkeys/Inkeys/UI/Bar/Bar.RenderLoop.cpp;InkeysHeadlessTests/eraser_attribute_tests.cpp	"p1:9files:7f9ce1d7e2c1ea88 | uniq=9 +134/-21 | @@ -4 +4 @@;@@ -12,0 +13 @@ | code_change=Bar.EraserAttribute.Test.cpp:+constexpr UINT narrowWidth=300,narrowHeight=620;;Bar.EraserAttribute.Test.cpp:+I18n::load(1,L""JSON"",L""zh-CN"");owner.barStyle.darkStyle=true;owner.barStyle.zoom=1;;Bar.EraserAttribute.Test.cpp:+owner.barState.widgetPosition.mainBar=true;owner.barState.widgetPosition.primaryBar=false;"	full patch + H0 current shared-contract static review	H0 Bar.EraserAttribute layout/motion/Execute and eraser_attribute_tests; captured clear accepted before mode restore	静态审查未确认本项新缺陷；真实输入/视觉行为未验证		static only; tests located, not independently run	fix: defer eraser panel flip until drag release
cfdf4e5fa47c40bb0149b8e193c7f5a35a0a8268	954a9b3e0ba71bdd8d7cb9ae6c03d56108514d55	2026-09-16T21:03:17+08:00	2026-09-16T21:03:17+08:00	bugfix/animation bugfix/eraser bugfix/pptui bugfix/settingui chore/publish dev draw feature/cursor feature/ui3-i18n origin/bugfix/eraser origin/dev	yes	H0 reachable	ordinary/product-code/assets	Inkeys/Inkeys/UI/Bar/Bar.EraserAttributeLayout.cppm;InkeysHeadlessTests/eraser_attribute_tests.cpp	p1:3files:55e09329b6524ec1 | uniq=3 +9/-3 | @@ -40 +40 @@;@@ -162 +162,4 @@ | code_change=Bar.EraserAttributeLayout.cppm:-r.menuTitle={mx+padding,my+padding,r.items[9].left-mg,my+padding+row};;Bar.EraserAttributeLayout.cppm:+const double sensitivityButtonTop=my+padding+row+mg;;Bar.EraserAttributeLayout.cppm:+const double titleTop=my+(sensitivityButtonTop-my-row)/2;	full patch + focused current-code/test static review	敏感度弹层标题垂直居中与离线布局断言	静态审查未确认新缺陷；可见 UI 行为需人工验证		static only; relevant UI not run	fix: center sensitivity popup title
954a9b3e0ba71bdd8d7cb9ae6c03d56108514d55	9277d27a1c33d7f5f6e1d37cee9eb000543b52bf	2026-09-16T14:13:01+08:00	2026-09-16T14:13:01+08:00	bugfix/animation bugfix/eraser bugfix/pptui bugfix/settingui chore/publish dev draw feature/cursor feature/ui3-i18n origin/bugfix/eraser origin/dev	yes	H0 reachable	ordinary/product-code/assets	Inkeys/Inkeys/UI/Bar/Bar.EraserAttribute.Test.cpp;Inkeys/Inkeys/UI/Bar/Bar.EraserAttribute.cpp;Inkeys/Inkeys/UI/Bar/Bar.EraserAttributeLayout.cppm;Inkeys/Inkeys/UI/Bar/Bar.Main.cppm;InkeysHeadlessTests/eraser_attribute_tests.cpp	p1:10files:957db3bba68dd4ec | uniq=10 +137/-68 | @@ -36 +36,3 @@;@@ -40 +42 @@ | code_change=Bar.EraserAttribute.Test.cpp:+const auto beforeCorner=EraserPreferencesSnapshot().baseSize;const auto smallHit=layout.items[1];ExM;Bar.EraserAttribute.Test.cpp:+corner.x=static_cast<short>(smallHit.left+0.5);corner.y=static_cast<short>(smallHit.top+0.5);;Bar.EraserAttribute.Test.cpp:+corner.message=WM_LBUTTONDOWN;corner.lbutton=true;owner.eraserAttribute.Pointer(owner,corner);	full patch + H0 current shared-contract static review	H0 Bar.EraserAttribute layout/motion/Execute and eraser_attribute_tests; captured clear accepted before mode restore	静态审查未确认本项新缺陷；真实输入/视觉行为未验证		static only; tests located, not independently run	feat: polish eraser size controls
9277d27a1c33d7f5f6e1d37cee9eb000543b52bf	b60123318d42459e4b8a6d9f722f3953b5ff4ee5	2026-09-16T13:31:48+08:00	2026-09-16T13:31:48+08:00	bugfix/animation bugfix/eraser bugfix/pptui bugfix/settingui chore/publish dev draw feature/cursor feature/ui3-i18n origin/bugfix/eraser origin/dev	yes	H0 reachable	ordinary/product-code/assets	Inkeys/IdtState.cpp;Inkeys/Inkeys/Drawing/Draw3/Draw3.SpeedEraser.cpp;Inkeys/Inkeys/Drawing/Draw3/Draw3.SpeedEraser.h;Inkeys/Inkeys/Other/Other.Config.cppm;Inkeys/Inkeys/UI/Bar/Bar.EraserAttribute.Test.cpp;Inkeys/Inkeys/UI/Bar/Bar.EraserAttribute.cpp;Inkeys/Inkeys/UI/Bar/Bar.EraserAttributeLayout.cppm;Inkeys/Inkeys/UI/Bar/Bar.EraserAttributeMotion.cppm	p1:18files:e0c4e62132640459 | uniq=18 +212/-98 | @@ -7 +7 @@;@@ -11 +11 @@ | code_change=IdtState.cpp:-InputSettings result;result.automaticPenSupported=AutomaticPenResponseAvailable();;IdtState.cpp:+InputSettings result;result.automaticEnabled=saved.Automatic.load();;IdtState.cpp:+result.automaticPenSupported=AutomaticPenResponseAvailable();	full patch + H0 current shared-contract static review	H0 Draw3.SpeedEraser ResolveConfig/ResolveInput, contact-area metadata gate, UpdatePosition/Advance/reconnect; speed_eraser_tests and hidden input cases	静态审查未确认本项新缺陷；真实输入/视觉行为未验证		static only; tests located, not independently run	feat: refine eraser attribute controls
b60123318d42459e4b8a6d9f722f3953b5ff4ee5	af22b4a6deafb14fd4fb90316c1c4ccd839e1b75	2026-09-16T08:53:52+08:00	2026-09-16T08:53:52+08:00	bugfix/animation bugfix/eraser bugfix/pptui bugfix/settingui chore/publish dev draw feature/cursor feature/ui3-i18n origin/bugfix/eraser origin/dev	yes	H0 reachable	ordinary/product-code/assets	Inkeys/IdtI18nKeys.g.h;Inkeys/Inkeys.rc;Inkeys/Inkeys.vcxproj;Inkeys/Inkeys.vcxproj.filters;Inkeys/Inkeys/Drawing/Draw3/Draw3.HiddenWindowTest.cpp;Inkeys/Inkeys/Drawing/Draw3/Draw3.SpeedEraser.cpp;Inkeys/Inkeys/Drawing/Draw3/Draw3.SpeedEraser.h;Inkeys/Inkeys/UI/Bar/Bar.EraserAttribute.Test.cpp	"p1:30files:a4985ffb78cc8fbb | uniq=30 +1522/-379 | @@ -8 +8 @@;@@ -16 +16 @@ | code_change=Draw3.HiddenWindowTest.cpp:-return d.eraserContact && std::abs(d.downDiameterPx-16)<0.01f;}),""small active contact starts"",failu;Draw3.HiddenWindowTest.cpp:+return d.eraserContact && std::abs(d.downDiameterPx-static_cast<int>(SpeedEraser::BaseSize::Small))<;Draw3.HiddenWindowTest.cpp:-return d.eraserContact && std::abs(d.cursorDiameterPx-16)<0.01f;}),""active contact latches oldB acro"	full patch + H0 current shared-contract static review	H0 Bar.EraserAttribute layout/motion/Execute and eraser_attribute_tests; captured clear accepted before mode restore	静态审查未确认本项新缺陷；真实输入/视觉行为未验证		static only; tests located, not independently run	feat(ui3): refine eraser attributes with centered layout and spring motion
af22b4a6deafb14fd4fb90316c1c4ccd839e1b75	2f87fe69d2f7680eac1e477723937b6ee5bd251c	2026-09-15T17:00:10+08:00	2026-09-15T17:00:10+08:00	bugfix/animation bugfix/eraser bugfix/pptui bugfix/settingui chore/publish dev draw feature/cursor feature/ui3-i18n origin/bugfix/eraser origin/dev	yes	H0 reachable	ordinary/product-code/assets	Inkeys/IdtMain.cpp;Inkeys/IdtState.cpp;Inkeys/IdtState.h;Inkeys/Inkeys.vcxproj;Inkeys/Inkeys/Drawing/Draw3/Assets/EraserGripVisual.h;Inkeys/Inkeys/Drawing/Draw3/Assets/inkPixelShader.hlsl;Inkeys/Inkeys/Drawing/Draw3/Draw3.DrawingController.cpp;Inkeys/Inkeys/Drawing/Draw3/Draw3.HiddenWindowTest.cpp	"p1:38files:523df3338d406b34 | uniq=38 +1930/-38 | @@ -0,0 +1,72 @@;@@ -16,0 +17 @@ | code_change=IdtMain.cpp:+if (lpCmdLine && CompareStringOrdinal(lpCmdLine, -1,;IdtMain.cpp:+L""--bar-eraser-offscreen-test"", -1, TRUE) == CSTR_EQUAL);IdtMain.cpp:+return Inkeys::UI::Bar::RunEraserAttributeOffscreenTest();"	full patch + H0 current shared-contract static review	H0 Bar.EraserAttribute layout/motion/Execute and eraser_attribute_tests; captured clear accepted before mode restore	静态审查未确认本项新缺陷；真实输入/视觉行为未验证		static only; tests located, not independently run	feat(ui3): add eraser attributes and global size controls
2f87fe69d2f7680eac1e477723937b6ee5bd251c	e071ff3a00b9781c5407ee6d8e8a773c1293ad8b	2026-09-15T13:13:22+08:00	2026-09-15T13:13:22+08:00	bugfix/animation bugfix/eraser bugfix/pptui bugfix/settingui chore/publish dev draw feature/cursor feature/ui3-i18n origin/bugfix/eraser origin/dev	yes	H0 reachable	ordinary/product-code/assets	Inkeys/IdtConfiguration.cpp;Inkeys/IdtConfiguration.h;Inkeys/IdtMain.cpp;Inkeys/IdtState.cpp;Inkeys/IdtState.h;Inkeys/Inkeys/Drawing/Draw3/Draw3.Bridge.h;Inkeys/Inkeys/Drawing/Draw3/Draw3.DrawingController.cpp;Inkeys/Inkeys/Drawing/Draw3/Draw3.HiddenWindowTest.cpp	"p1:22files:c60129d72713cf59 | uniq=22 +1257/-746 | @@ -101 +101 @@;@@ -117 +117 @@ | code_change=IdtConfiguration.cpp:-setlist.eraserSetting.eraserMode = Inkeys::Drawing::Draw3::Bridge::NormalizeLegacyEraserMode(;IdtConfiguration.cpp:-setlistVal[""EraserSetting""][""EraserMode""].asInt());;IdtConfiguration.cpp:+const int saved=setlistVal[""EraserSetting""][""EraserMode""].asInt();"	full patch + H0 current shared-contract static review	H0 Draw3.SpeedEraser ResolveConfig/ResolveInput, contact-area metadata gate, UpdatePosition/Advance/reconnect; speed_eraser_tests and hidden input cases	静态审查未确认本项新缺陷；真实输入/视觉行为未验证		static only; tests located, not independently run	feat(draw3): configure eraser entries and preserve non-touch size sessions
e071ff3a00b9781c5407ee6d8e8a773c1293ad8b	1236bbb4f28af2700b4229b8588ca160f13974d0	2026-09-15T08:14:37+08:00	2026-09-15T08:14:37+08:00	bugfix/animation bugfix/eraser bugfix/pptui bugfix/settingui chore/publish dev draw feature/cursor feature/ui3-i18n origin/bugfix/eraser origin/dev	yes	H0 reachable	ordinary/product-code/assets	Inkeys/Inkeys/Drawing/Draw3/Draw3.DrawingController.cpp;Inkeys/Inkeys/Drawing/Draw3/Draw3.HiddenWindowTest.cpp;Inkeys/Inkeys/Drawing/Draw3/Draw3.Host.cpp;Inkeys/Inkeys/Drawing/Draw3/Draw3.SpeedEraser.cpp;Inkeys/Inkeys/Drawing/Draw3/Draw3.SpeedEraser.h;InkeysHeadlessTests/speed_eraser_tests.cpp	p1:10files:300e510bc8802a64 | uniq=10 +651/-37 | @@ -94 +94 @@;@@ -101 +101 @@ | code_change=Draw3.DrawingController.cpp:+d.fine=controller->FineDiagnostics();;Draw3.HiddenWindowTest.cpp:+float fineMin=1000,fineMax=0;;Draw3.HiddenWindowTest.cpp:+for(int i=1;i<=18;++i)	full patch + H0 current shared-contract static review	H0 Draw3.SpeedEraser ResolveConfig/ResolveInput, contact-area metadata gate, UpdatePosition/Advance/reconnect; speed_eraser_tests and hidden input cases	静态审查未确认本项新缺陷；真实输入/视觉行为未验证		static only; tests located, not independently run	feat(draw3): stabilize fine eraser sizing with hysteresis and confirmation
1236bbb4f28af2700b4229b8588ca160f13974d0	97f351b69bfc389e5939a474002d289886ec77ed	2026-09-14T21:54:38+08:00	2026-09-14T21:54:38+08:00	bugfix/animation bugfix/eraser bugfix/pptui bugfix/settingui chore/publish dev draw feature/cursor feature/ui3-i18n origin/bugfix/eraser origin/dev	yes	H0 reachable	ordinary/product-code/assets	Inkeys/IdtMain.cpp;Inkeys/Inkeys/Other/Other.Config.cppm;Inkeys/Inkeys/UI/Setting/Setting.cpp	p1:4files:09861e0a1735d26a | uniq=4 +28/-5 | @@ -11 +11 @@;@@ -1376,0 +1377,8 @@ | code_change=IdtMain.cpp:+auto& host = Inkeys::Drawing::Draw3::ProductHost();;IdtMain.cpp:+auto options = host.EraserDevelopmentOptions();;IdtMain.cpp:+options.touchContactAreaAssistance =	full patch + H0 current shared-contract static review	H0 Draw3.SpeedEraser ResolveConfig/ResolveInput, contact-area metadata gate, UpdatePosition/Advance/reconnect; speed_eraser_tests and hidden input cases	静态审查未确认本项新缺陷；真实输入/视觉行为未验证		static only; tests located, not independently run	feat(draw3): persist experimental touch area assistance setting
97f351b69bfc389e5939a474002d289886ec77ed	cb38173d0a6b4990370323ee3712dc0762ac86f6	2026-09-14T21:51:24+08:00	2026-09-14T21:51:24+08:00	bugfix/animation bugfix/eraser bugfix/pptui bugfix/settingui chore/publish dev draw feature/cursor feature/ui3-i18n origin/bugfix/eraser origin/dev	yes	H0 reachable	ordinary/product-code/assets	Inkeys/Inkeys/Drawing/Draw3/Draw3.ContactInput.cppm;Inkeys/Inkeys/Drawing/Draw3/Draw3.HiddenWindowTest.cpp;Inkeys/Inkeys/Drawing/Draw3/Draw3.Host.cpp;Inkeys/Inkeys/Drawing/Draw3/Draw3.RealtimeStylus.cpp;Inkeys/Inkeys/Drawing/Draw3/Draw3.RealtimeStylus.cppm;Inkeys/Inkeys/Drawing/Draw3/Draw3.SpeedEraser.cpp;Inkeys/Inkeys/Drawing/Draw3/Draw3.SpeedEraser.h;InkeysHeadlessTests/speed_eraser_tests.cpp	p1:10files:342c888c14e675fc | uniq=10 +549/-56 | @@ -165,0 +166,47 @@;@@ -0,0 +1,108 @@ | code_change=Draw3.ContactInput.cppm:-SizeF contactSize = {}; // 既有 per-context 换算结果。;Draw3.ContactInput.cppm:+SizeF contactSize = {}; // 仅元数据可解释时为画布像素；失败保留未知值。;Draw3.HiddenWindowTest.cpp:+if(exerciseEraser)	full patch + H0 current shared-contract static review	H0 Draw3.SpeedEraser ResolveConfig/ResolveInput, contact-area metadata gate, UpdatePosition/Advance/reconnect; speed_eraser_tests and hidden input cases	静态审查未确认本项新缺陷；真实输入/视觉行为未验证		static only; tests located, not independently run	fix(draw3): interpret touch contact area metrics and replay cached diagnostics
cb38173d0a6b4990370323ee3712dc0762ac86f6	d591d4f6d1455e2a919b7c3af1cc6fc63557c5eb	2026-09-14T20:49:16+08:00	2026-09-14T20:49:16+08:00	bugfix/animation bugfix/eraser bugfix/pptui bugfix/settingui chore/publish dev draw feature/cursor feature/ui3-i18n origin/bugfix/eraser origin/dev	yes	H0 reachable	ordinary/product-code/assets	Inkeys/IdtMain.cpp;Inkeys/Inkeys/Drawing/Draw3/Draw3.DrawingController.cpp;Inkeys/Inkeys/Drawing/Draw3/Draw3.Host.cpp;Inkeys/Inkeys/Drawing/Draw3/Draw3.RealtimeStylus.cpp;Inkeys/Inkeys/Drawing/Draw3/Draw3.SpeedEraser.h;Inkeys/Inkeys/Other/Other.Config.cppm;Inkeys/Inkeys/UI/Setting/Setting.cpp	p1:7files:470d1af203c756eb | uniq=7 +135/-11 | @@ -303,0 +304 @@;@@ -1383 +1384,3 @@ | code_change=IdtMain.cpp:+bool touchAreaConsoleOutputEnabled = false;;IdtMain.cpp:-if (draw3ConsoleOutputEnabled);IdtMain.cpp:+touchAreaConsoleOutputEnabled =	full patch + H0 current shared-contract static review	H0 Draw3.SpeedEraser ResolveConfig/ResolveInput, contact-area metadata gate, UpdatePosition/Advance/reconnect; speed_eraser_tests and hidden input cases	静态审查未确认本项新缺陷；真实输入/视觉行为未验证		static only; tests located, not independently run	feat(draw3): add touch area diagnostics and console output toggle
d591d4f6d1455e2a919b7c3af1cc6fc63557c5eb	8c05076cb53423c918d127c0a9b70603d922ded1	2026-09-14T15:18:09+08:00	2026-09-14T15:18:09+08:00	bugfix/animation bugfix/eraser bugfix/pptui bugfix/settingui chore/publish dev draw feature/cursor feature/ui3-i18n origin/bugfix/eraser origin/dev	yes	H0 reachable	ordinary/product-code/assets	Inkeys/Inkeys/Drawing/Draw3/Draw3.DrawingController.cpp;Inkeys/Inkeys/Drawing/Draw3/Draw3.HiddenWindowTest.cpp;Inkeys/Inkeys/Drawing/Draw3/Draw3.SpeedEraser.cpp;Inkeys/Inkeys/Drawing/Draw3/Draw3.SpeedEraser.h;Inkeys/Inkeys/UI/Setting/Setting.cpp;InkeysHeadlessTests/speed_eraser_tests.cpp	p1:11files:7abfb8c007f96317 | uniq=11 +423/-54 | @@ -91 +91 @@;@@ -94 +94 @@ | code_change=Draw3.DrawingController.cpp:+auto updateContactModel = [&](RuntimeStroke& runtime,const Input& next,double inputTime);Draw3.DrawingController.cpp:+const auto& sampling=eraserModelParams.sampling_params;;Draw3.DrawingController.cpp:+const bool touchSpeed=runtime.metricDeviceType==InputDeviceType::Touch &&	full patch + H0 current shared-contract static review	H0 Draw3.SpeedEraser ResolveConfig/ResolveInput, contact-area metadata gate, UpdatePosition/Advance/reconnect; speed_eraser_tests and hidden input cases	静态审查未确认本项新缺陷；真实输入/视觉行为未验证		static only; tests located, not independently run	fix(draw3): stabilize Touch area assistance and long-idle recovery
8c05076cb53423c918d127c0a9b70603d922ded1	a427e84ad181f0a0a930950a2561b34e0731e504	2026-09-14T12:44:54+08:00	2026-09-14T12:44:54+08:00	bugfix/animation bugfix/eraser bugfix/pptui bugfix/settingui chore/publish dev draw feature/cursor feature/ui3-i18n origin/bugfix/eraser origin/dev	yes	H0 reachable	ordinary/product-code/assets	Inkeys/Inkeys/Drawing/Draw3/Draw3.ContactInput.cpp;Inkeys/Inkeys/Drawing/Draw3/Draw3.ContactInput.cppm;Inkeys/Inkeys/Drawing/Draw3/Draw3.DrawingController.cpp;Inkeys/Inkeys/Drawing/Draw3/Draw3.HiddenWindowTest.cpp;Inkeys/Inkeys/Drawing/Draw3/Draw3.Host.cpp;Inkeys/Inkeys/Drawing/Draw3/Draw3.Host.h;Inkeys/Inkeys/Drawing/Draw3/Draw3.RealtimeStylus.cpp;Inkeys/Inkeys/Drawing/Draw3/Draw3.SpeedEraser.cpp	p1:13files:9e6b60eed4d7c1c6 | uniq=13 +876/-34 | @@ -0,0 +1,121 @@;@@ -201,0 +202,3 @@ | code_change=Draw3.ContactInput.cpp:+record.rawContactWidth_.Store(snapshot.rawContactSize.width);;Draw3.ContactInput.cpp:+record.rawContactHeight_.Store(snapshot.rawContactSize.height);;Draw3.ContactInput.cpp:+record.contactAreaUnits_.Store(static_cast<uint32_t>(snapshot.contactAreaUnits));	full patch + H0 current shared-contract static review	H0 Draw3.SpeedEraser ResolveConfig/ResolveInput, contact-area metadata gate, UpdatePosition/Advance/reconnect; speed_eraser_tests and hidden input cases	静态审查未确认本项新缺陷；真实输入/视觉行为未验证		static only; tests located, not independently run	feat(draw3): checkpoint lighter Touch response and contact-area assistance
a427e84ad181f0a0a930950a2561b34e0731e504	c2a901147c7a511d10b10eeb9c45b6d63fb9b67f	2026-09-14T10:48:13+08:00	2026-09-14T10:48:13+08:00	bugfix/animation bugfix/eraser bugfix/pptui bugfix/settingui chore/publish dev draw feature/cursor feature/ui3-i18n origin/bugfix/eraser origin/dev	yes	H0 reachable	ordinary/product-code/assets	Inkeys/Inkeys/Drawing/Draw3/Draw3.ContactInput.cpp;Inkeys/Inkeys/Drawing/Draw3/Draw3.ContactInput.cppm;Inkeys/Inkeys/Drawing/Draw3/Draw3.DrawingController.cpp;Inkeys/Inkeys/Drawing/Draw3/Draw3.HiddenWindowTest.cpp;Inkeys/Inkeys/Drawing/Draw3/Draw3.Host.cpp;Inkeys/Inkeys/Drawing/Draw3/Draw3.Host.h;Inkeys/Inkeys/Drawing/Draw3/Draw3.PenCursor.cpp;Inkeys/Inkeys/Drawing/Draw3/Draw3.PenCursor.cppm	p1:15files:028b7d6c2daf2beb | uniq=15 +1035/-117 | @@ -266,0 +267,2 @@;@@ -6,0 +7,2 @@ | code_change=Draw3.ContactInput.cpp:+candidate.source = record.downSnapshot_.source;;Draw3.ContactInput.cppm:+SpeedEraser::InputSource source;;Draw3.DrawingController.cpp:+auto source=down.source;	full patch + H0 current shared-contract static review	H0 Draw3.SpeedEraser ResolveConfig/ResolveInput, contact-area metadata gate, UpdatePosition/Advance/reconnect; speed_eraser_tests and hidden input cases	静态审查未确认本项新缺陷；真实输入/视觉行为未验证		static only; tests located, not independently run	feat(draw3): add fine erasing and device-specific response models
c2a901147c7a511d10b10eeb9c45b6d63fb9b67f	7af954bb17bd4e4b8e3b76d009ab11e939160c17	2026-09-13T17:55:19+08:00	2026-09-13T17:55:19+08:00	bugfix/animation bugfix/eraser bugfix/pptui bugfix/settingui chore/publish dev draw feature/cursor feature/ui3-i18n origin/bugfix/eraser origin/dev	yes	H0 reachable	ordinary/product-code/assets	Inkeys/IdtMain.cpp;Inkeys/Inkeys/Drawing/Draw3/Draw3.DrawingController.cpp;Inkeys/Inkeys/Drawing/Draw3/Draw3.DrawingController.cppm;Inkeys/Inkeys/Drawing/Draw3/Draw3.HiddenWindowTest.cpp;Inkeys/Inkeys/Drawing/Draw3/Draw3.HiddenWindowTest.h;Inkeys/Inkeys/Drawing/Draw3/Draw3.Host.cpp;Inkeys/Inkeys/Drawing/Draw3/Draw3.Host.h;Inkeys/Inkeys/Drawing/Draw3/Draw3.InkPrediction.cppm	p1:20files:226fbdcddb84ca46 | uniq=20 +777/-235 | @@ -91 +91 @@;@@ -94 +94 @@ | code_change=IdtMain.cpp:-/*;IdtMain.cpp:+﻿/*;IdtMain.cpp:+if (lpCmdLine && CompareStringOrdinal(lpCmdLine, -1,	full patch + H0 current shared-contract static review	H0 Draw3.SpeedEraser ResolveConfig/ResolveInput, contact-area metadata gate, UpdatePosition/Advance/reconnect; speed_eraser_tests and hidden input cases	静态审查未确认本项新缺陷；真实输入/视觉行为未验证		static only; tests located, not independently run	fix(draw3): unify eraser DIP sizing and idle contraction
7af954bb17bd4e4b8e3b76d009ab11e939160c17	c433b6f5c34cde5e3286f3beaf6a433a5fabc623	2026-09-13T12:14:05+08:00	2026-09-13T12:14:05+08:00	bugfix/animation bugfix/eraser bugfix/pptui bugfix/settingui chore/publish dev draw feature/cursor feature/ui3-i18n origin/bugfix/eraser origin/dev	yes	H0 reachable	ordinary/product-code/assets	Inkeys/Inkeys/Drawing/Draw3/Draw3.DrawingController.cpp;Inkeys/Inkeys/Drawing/Draw3/Draw3.InkPrediction.cpp;Inkeys/Inkeys/Drawing/Draw3/Draw3.SpeedEraser.cpp;Inkeys/Inkeys/Drawing/Draw3/Draw3.SpeedEraser.h;InkeysHeadlessTests/speed_eraser_tests.cpp	p1:10files:3f2d6e4837c7f09a | uniq=10 +632/-114 | @@ -91 +91 @@;@@ -94 +94 @@ | code_change=Draw3.DrawingController.cpp:+bool mouseSpeedEraserFinished = false;;Draw3.DrawingController.cpp:+bool IsMouseSpeedEraser(const RuntimeStroke& runtime) noexcept;Draw3.DrawingController.cpp:+return runtime.stroke.widthMode == StrokeWidthMode::SpeedEraser &&	full patch + H0 current shared-contract static review	H0 Draw3.SpeedEraser ResolveConfig/ResolveInput, contact-area metadata gate, UpdatePosition/Advance/reconnect; speed_eraser_tests and hidden input cases	静态审查未确认本项新缺陷；真实输入/视觉行为未验证		static only; tests located, not independently run	feat(draw3): refine mouse speed eraser interaction
c433b6f5c34cde5e3286f3beaf6a433a5fabc623	c8560012b0199111307c53cc314678358885fa2a	2026-09-12T22:36:38+08:00	2026-09-12T22:36:38+08:00	bugfix/animation bugfix/eraser bugfix/pptui bugfix/settingui chore/publish dev draw feature/cursor feature/ui3-i18n origin/bugfix/eraser origin/dev	yes	H0 reachable	ordinary/product-code/assets	Inkeys/IdtState.cpp;Inkeys/Inkeys.vcxproj;Inkeys/Inkeys.vcxproj.filters;Inkeys/Inkeys/Drawing/Draw3/Draw3.Bridge.h;Inkeys/Inkeys/Drawing/Draw3/Draw3.DrawingController.cpp;Inkeys/Inkeys/Drawing/Draw3/Draw3.Host.cpp;Inkeys/Inkeys/Drawing/Draw3/Draw3.InkPrediction.cppm;Inkeys/Inkeys/Drawing/Draw3/Draw3.SpeedEraser.cpp	p1:25files:a3eae33793e5c4be | uniq=25 +1288/-604 | @@ -89,0 +90,55 @@;@@ -0,0 +1,73 @@ | code_change=IdtState.cpp:+state.paintDevice = setlist.paintDevice;;Draw3.Bridge.h:+int paintDevice = 1; // 0 大屏，1 笔电；沿用已有绘图设备选项。;Draw3.DrawingController.cpp:+SpeedEraser::DisplayScale speedEraserDisplayScale = {};	full patch + H0 current shared-contract static review	H0 Draw3.SpeedEraser ResolveConfig/ResolveInput, contact-area metadata gate, UpdatePosition/Advance/reconnect; speed_eraser_tests and hidden input cases	静态审查未确认本项新缺陷；真实输入/视觉行为未验证		static only; tests located, not independently run	feat(draw3): add scale-aware history-driven speed eraser
c8560012b0199111307c53cc314678358885fa2a	485519fe52c5404477f52f76733f031270235aa0	2026-09-12T20:04:06+08:00	2026-09-12T20:04:06+08:00	bugfix/animation bugfix/eraser bugfix/pptui bugfix/settingui chore/publish dev draw feature/cursor feature/ui3-i18n origin/bugfix/eraser origin/dev	yes	H0 reachable	ordinary/product-code/assets	Inkeys/Inkeys/UI/Setting/Setting.cpp	p1:1files:ef3cb177b2b4cdad | uniq=1 +69/-244 | @@ -1580 +1580,7 @@;@@ -8488,2 +8494 @@ | code_change=Setting.cpp:+ImGui::SetCursorPos({ 10.0f * settingGlobalScale,660.0f * settingGlobalScale });;Setting.cpp:+ImFontMain->Scale = 0.5f, PushFontNum++, ImGui::PushFont(ImFontMain);;Setting.cpp:+if (Widgets::button.Navigation(IA(I18nKey.SettingsUI.DebugSoftware.N).c_str(), { 150.0f * settingGlo	full patch + H0 current shared-contract static review	H0 Setting diagnostic panel layout only	静态审查未确认本项新缺陷；真实输入/视觉行为未验证		static only; tests located, not independently run	feat(settings): restore display diagnostics
485519fe52c5404477f52f76733f031270235aa0	4478887cbafe5aaad2a23d76ca5a5490f1c1e655	2026-09-12T17:25:40+08:00	2026-09-12T17:25:40+08:00	bugfix/animation bugfix/eraser bugfix/pptui bugfix/settingui chore/publish dev draw feature/cursor feature/ui3-i18n origin/bugfix/eraser origin/dev	yes	H0 reachable	ordinary/product-code/assets	Inkeys/IdtDraw.cpp;Inkeys/IdtMain.cpp;Inkeys/IdtStart.cpp;Inkeys/Inkeys.vcxproj;Inkeys/Inkeys/Display/Display.cpp;Inkeys/Inkeys/Display/Display.cppm;Inkeys/Inkeys/UI/Setting/Setting.cpp;InkeysHeadlessTests/InkeysHeadlessTests.vcxproj	p1:25files:dc3d6082660e5abe | uniq=25 +1077/-205 | @@ -75 +75,59 @@;@@ -0,0 +1,30 @@ | code_change=IdtDraw.cpp:-if (!monitor || setlist.paintDevice == 1 ||;IdtDraw.cpp:-monitor->edid.physicalHeightCm == 0 || monitor->edid.physicalWidthCm == 0) return 5;;IdtDraw.cpp:+if (!monitor || setlist.paintDevice == 1 || !monitor->physicalSize.available) return 5;	full patch + H0 current shared-contract static review	H0 Display::ReadMonitorEdid/ResolvePhysicalSize, dynamic shcore DPI and safe unavailable fallback	静态审查未确认本项新缺陷；真实输入/视觉行为未验证		static only; tests located, not independently run	feat(display): add reliable physical size metadata
4478887cbafe5aaad2a23d76ca5a5490f1c1e655	24efcde436cc77b5afd139dcb5cb32c3b43ed018	2026-09-10T13:10:08+08:00	2026-09-10T13:10:08+08:00	bugfix/animation bugfix/eraser bugfix/pptui bugfix/settingui chore/publish dev draw feature/cursor feature/ui3-i18n origin/bugfix/eraser origin/dev origin/theme theme	yes	H0 reachable	ordinary/documentation/task-state	docs/Trellis	p1:16files:76aff767f3fa0d3d | uniq=16 +421/-301 | @@ -1,55 +0,0 @@;@@ -1,5 +0,0 @@	brief full patch/path/security-token scan	metadata only	仅 Trellis 文档/任务记录，未改产品代码；本项无确认产品缺陷		static diff only; runtime not applicable	chore: close accepted bottom dock task
24efcde436cc77b5afd139dcb5cb32c3b43ed018	ed6012fc8e9c9d1bac9be85c11853eb2465ba7ce	2026-09-10T13:08:02+08:00	2026-09-10T13:08:02+08:00	bugfix/animation bugfix/eraser bugfix/pptui bugfix/settingui chore/publish dev draw feature/cursor feature/ui3-i18n origin/bugfix/eraser origin/dev origin/theme theme	yes	H0 reachable	ordinary/product-code/assets	Inkeys/Inkeys.vcxproj;Inkeys/Inkeys.vcxproj.filters;Inkeys/Inkeys/UI/Bar/Bar.BottomDock.h;Inkeys/Inkeys/UI/Bar/Bar.BottomDockTrace.cpp;Inkeys/Inkeys/UI/Bar/Bar.BottomDockTrace.h;Inkeys/Inkeys/UI/Bar/Bar.Interaction.cpp;Inkeys/Inkeys/UI/Bar/Bar.Main.cppm;Inkeys/Inkeys/UI/Bar/Bar.RenderLoop.cpp	p1:25files:554f22bf25ab0447 | uniq=25 +138/-3017 | @@ -225,48 +224,0 @@;@@ -805,14 +805,11 @@ | code_change=Bar.BottomDock.h:-struct BarBottomDockGrabAnchor;Bar.BottomDock.h:-double normalizedY = 0.5;;Bar.BottomDock.h:-bool valid = false;	full patch + H0 current shared-contract static review	BarPresentDecision/MappingTracker 与 BarWindowPresentationTransaction 成功提交、失败 Retry、底栏快照	静态审查未确认本项新缺陷；真实 GUI/设备行为未验证		static only; existing tests located, not independently run	revert: restore accepted bottom dock baseline
ed6012fc8e9c9d1bac9be85c11853eb2465ba7ce	342990fe8cd78b9b0b7e9d24a2747acb63c012a4	2026-09-10T12:36:28+08:00	2026-09-10T12:36:28+08:00	bugfix/animation bugfix/eraser bugfix/pptui bugfix/settingui chore/publish dev draw feature/cursor feature/ui3-i18n origin/bugfix/eraser origin/dev origin/theme theme	yes	H0 reachable	ordinary/product-code/assets	Inkeys/Inkeys.vcxproj;Inkeys/Inkeys.vcxproj.filters;Inkeys/Inkeys/UI/Bar/Bar.BottomDock.h;Inkeys/Inkeys/UI/Bar/Bar.BottomDockTrace.cpp;Inkeys/Inkeys/UI/Bar/Bar.BottomDockTrace.h;Inkeys/Inkeys/UI/Bar/Bar.Interaction.cpp;Inkeys/Inkeys/UI/Bar/Bar.Main.cppm;Inkeys/Inkeys/UI/Bar/Bar.RenderLoop.cpp	p1:25files:652cd0d02d6eab58 | uniq=25 +3133/-125 | @@ -224,0 +225,48 @@;@@ -805,11 +805,14 @@ | code_change=Bar.BottomDock.h:+struct BarBottomDockGrabAnchor;Bar.BottomDock.h:+double normalizedY = 0.5;;Bar.BottomDock.h:+bool valid = false;	full patch + H0 current shared-contract static review	BarPresentDecision/MappingTracker 与 BarWindowPresentationTransaction 成功提交、失败 Retry、底栏快照	静态审查未确认本项新缺陷；真实 GUI/设备行为未验证		static only; existing tests located, not independently run	fix: anchor bottom dock gestures to successful visual geometry
342990fe8cd78b9b0b7e9d24a2747acb63c012a4	f7c9b5d5c325a0fdd50ea234d5675f4efd89f9aa	2026-09-09T13:07:11+08:00	2026-09-09T13:07:11+08:00	bugfix/animation bugfix/eraser bugfix/pptui bugfix/settingui chore/publish dev draw feature/cursor feature/ui3-i18n origin/bugfix/eraser origin/dev origin/theme theme	yes	H0 reachable	ordinary/product-code/assets	Inkeys/Inkeys/UI/Bar/Bar.BottomDock.h;Inkeys/Inkeys/UI/Bar/Bar.Interaction.cpp;Inkeys/Inkeys/UI/Bar/Bar.Main.cppm;Inkeys/Inkeys/UI/Bar/Bar.PresentDecision.h;Inkeys/Inkeys/UI/Bar/Bar.RenderLoop.cpp;InkeysHeadlessTests/bar_bottom_dock_tests.cpp	p1:14files:9dc381bcb0f706ff | uniq=14 +515/-76 | @@ -622,0 +623,6 @@;@@ -791,0 +798,22 @@ | code_change=Bar.BottomDock.h:-double horizontalOutsetDip = BarBottomDockVisualLimitDip) noexcept;Bar.BottomDock.h:+double horizontalOutsetDip = BarBottomDockVisualLimitDip,;Bar.BottomDock.h:+double verticalOutsetDip = BarBottomDockVisualLimitDip) noexcept	full patch + H0 current shared-contract static review	BarPresentDecision/MappingTracker 与 BarWindowPresentationTransaction 成功提交、失败 Retry、底栏快照	静态审查未确认本项新缺陷；真实 GUI/设备行为未验证		static only; existing tests located, not independently run	fix: guard bottom dock frame publication and capture recovery
f7c9b5d5c325a0fdd50ea234d5675f4efd89f9aa	b7e031c93bd2af40f7fea5c61d554e223ec1e2a2	2026-09-09T11:50:18+08:00	2026-09-09T11:50:18+08:00	bugfix/animation bugfix/eraser bugfix/pptui bugfix/settingui chore/publish dev draw feature/cursor feature/ui3-i18n origin/bugfix/eraser origin/dev origin/theme theme	yes	H0 reachable	ordinary/product-code/assets	Inkeys/Inkeys/UI/Bar/Bar.Animation.cppm;Inkeys/Inkeys/UI/Bar/Bar.BottomDock.h;Inkeys/Inkeys/UI/Bar/Bar.Interaction.cpp;Inkeys/Inkeys/UI/Bar/Bar.Main.cppm;Inkeys/Inkeys/UI/Bar/Bar.PresentDecision.h;Inkeys/Inkeys/UI/Bar/Bar.RenderLoop.cpp;Inkeys/Inkeys/UI/Bar/Bar.WindowGeometry.h;InkeysHeadlessTests/animation_tests.cpp	p1:21files:1f8fffb83a8a6d92 | uniq=21 +750/-113 | @@ -612 +612,10 @@;@@ -620 +629 @@ | code_change=Bar.Animation.cppm:+inline bool BarUiSetLayoutPositionTarget(BarUiValueClass& value,;Bar.Animation.cppm:+double target, double duration, bool newLayoutBatch,;Bar.Animation.cppm:+const BarUiCurveSpecClass& curve)	full patch + H0 current shared-contract static review	BarPresentDecision/MappingTracker 与 BarWindowPresentationTransaction 成功提交、失败 Retry、底栏快照	静态审查未确认本项新缺陷；真实 GUI/设备行为未验证		static only; existing tests located, not independently run	fix: correct centered bottom bar rendering and drag anchoring
b7e031c93bd2af40f7fea5c61d554e223ec1e2a2	d4421cdbabefdd08ea1867fd386c7f728146afee 5a5d044c864ebd021a4db26ce3fc8058c9a1a14c	2026-09-07T13:15:18+08:00	2026-09-07T13:15:18+08:00	bugfix/animation bugfix/eraser bugfix/pptui bugfix/settingui chore/publish dev draw feature/cursor feature/ui3-i18n origin/bugfix/eraser origin/dev origin/theme theme	yes	H0 reachable	merge/import-integration	Inkeys/Inkeys/Drawing/Draw3/Draw3.AutoSave.cpp;Inkeys/Inkeys/Drawing/Draw3/Draw3.AutoSave.cppm;Inkeys/Inkeys/Drawing/Draw3/Draw3.DrawingController.cpp;Inkeys/Inkeys/Drawing/Draw3/Draw3.DrawingController.cppm;Inkeys/Inkeys/Drawing/Draw3/Draw3.HiddenWindowTest.cpp;Inkeys/Inkeys/Drawing/Draw3/Draw3.Host.cpp;Inkeys/Inkeys/Drawing/Draw3/Draw3.InkDocument.cpp;Inkeys/Inkeys/Drawing/Draw3/Draw3.InkDocument.cppm	p1:47files:b790bba0b6ebb19a | p2:374files:b3ca77aae23022e0 | uniq=380 +46036/-17002 | @@ -84 +84 @@;@@ -90 +90,2 @@	two-parent full patch indexed; remerge-diff empty	Inkeys/Inkeys/Drawing/Draw3/Draw3.AutoSave.cpp;Inkeys/Inkeys/Drawing/Draw3/Draw3.AutoSave.cppm;Inkeys/Inkeys/Drawing/Draw3/Draw3.DrawingController.cpp;Inkeys/Inkeys/Drawing/Draw3/Draw3.DrawingController.cppm;Inkeys/Inkeys/Drawing/Draw3/Draw3.HiddenWindowTest.cpp	合并自身无独立冲突解决；分支内容在各 SHA 单审		git --remerge-diff static check; runtime not run	merge(draw3): integrate clear recovery history
5a5d044c864ebd021a4db26ce3fc8058c9a1a14c	d8a20457d413e63db1ddf56a677154858276d618	2026-08-24T22:16:26+08:00	2026-08-24T22:16:26+08:00	bugfix/animation bugfix/eraser bugfix/pptui bugfix/settingui chore/publish dev draw feature/cursor feature/ui3-i18n origin/bugfix/eraser origin/dev origin/theme theme	yes	H0 reachable	ordinary/documentation/task-state	docs/Trellis	p1:2files:2eebe069d3f61e4e | uniq=2 +25/-1 | @@ -11,2 +11,2 @@;@@ -22 +22 @@	brief full patch/path/security-token scan	metadata only	仅 Trellis 文档/任务记录，未改产品代码；本项无确认产品缺陷		static diff only; runtime not applicable	chore: record journal
d8a20457d413e63db1ddf56a677154858276d618	b44dec66397432c3bef81ea77fe7575c0d6985f2	2026-08-24T22:16:11+08:00	2026-08-24T22:16:11+08:00	bugfix/animation bugfix/eraser bugfix/pptui bugfix/settingui chore/publish dev draw feature/cursor feature/ui3-i18n origin/bugfix/eraser origin/dev origin/theme theme	yes	H0 reachable	ordinary/documentation/task-state	docs/Trellis	p1:6files:25d48e2db481bcbf | uniq=6 +125/-0 | @@ -0,0 +1 @@;@@ -0,0 +1,31 @@	brief full patch/path/security-token scan	metadata only	仅 Trellis 文档/任务记录，未改产品代码；本项无确认产品缺陷		static diff only; runtime not applicable	chore(task): archive 08-24-draw3-clear-undo-selection
b44dec66397432c3bef81ea77fe7575c0d6985f2	7c20946d3c3a6a21c9e9ee1d12a6921595453f50	2026-08-24T22:15:40+08:00	2026-08-24T22:15:40+08:00	bugfix/animation bugfix/eraser bugfix/pptui bugfix/settingui chore/publish dev draw feature/cursor feature/ui3-i18n origin/bugfix/eraser origin/dev origin/theme theme	yes	H0 reachable	ordinary/product-code/assets	Inkeys/Inkeys/Drawing/Draw3/Draw3.DrawingController.cpp;Inkeys/Inkeys/Drawing/Draw3/Draw3.HiddenWindowTest.cpp;Inkeys/Inkeys/Drawing/Draw3/Draw3.InkHistory.cpp;Inkeys/Inkeys/Drawing/Draw3/Draw3.InkHistory.cppm;Inkeys/Inkeys/Drawing/Draw3/Draw3.InkHistoryGpu.cpp;Inkeys/Inkeys/UI/Bar/Bar.Button.cpp;Inkeys/Inkeys/UI/Bar/Bar.Button.cppm;Inkeys/Inkeys/UI/Bar/Bar.Interaction.cpp	p1:16files:29ca657dc9574d3a | uniq=16 +466/-73 | @@ -128 +128 @@;@@ -139 +139,2 @@ | code_change=Draw3.DrawingController.cpp:-pageRuntimeStates[currentPageIndex_].history.LastVisibleItem().has_value();;Draw3.DrawingController.cpp:+pageRuntimeStates[currentPageIndex_].history.HasVisibleContent();;Draw3.DrawingController.cpp:+auto resetGpuForClear = [&](RECT& frameDirty,	full patch + H0 current shared-contract static review	Draw3::DrawingController Clear/Undo→captureCanvasTail→DesktopClearRecovery、页身份校验	静态审查未确认本项新缺陷；真实 GUI/设备行为未验证		static only; existing tests located, not independently run	fix(draw3): make clear undoable and refine selection flow
d4421cdbabefdd08ea1867fd386c7f728146afee	d44b7666b8e39d2f3d6348a4c27e3ac136f9291e	2026-09-06T15:43:48+08:00	2026-09-06T15:43:48+08:00	bugfix/animation bugfix/eraser bugfix/pptui bugfix/settingui chore/publish dev draw feature/cursor feature/ui3-i18n origin/bugfix/eraser origin/dev origin/theme theme	yes	H0 reachable	ordinary/product-code/assets	Inkeys/IdtState.cpp;Inkeys/IdtState.h;Inkeys/Inkeys/Business/PenToolState.hpp;Inkeys/Inkeys/Drawing/Draw3/Assets/inkPixelShader.hlsl;Inkeys/Inkeys/Drawing/Draw3/Draw3.DrawingController.cpp;Inkeys/Inkeys/Drawing/Draw3/Draw3.LaserParticles.cppm;Inkeys/Inkeys/Drawing/Draw3/Draw3.Renderer.cpp;Inkeys/Inkeys/Drawing/Draw3/Draw3.Renderer.cppm	p1:15files:22de6855def4677f | uniq=15 +198/-62 | @@ -243,0 +244 @@;@@ -250,2 +251,2 @@ | code_change=IdtState.cpp:-if (stateMode.Pen.ModeSelect == PenModeSelectEnum::IdtPenSoftPen ||;IdtState.cpp:-stateMode.Pen.ModeSelect == PenModeSelectEnum::IdtPenHardPen);IdtState.cpp:+const auto colorSlot = Inkeys::Business::ResolvePenColorStateSlot(	full patch + H0 current shared-contract static review	H0 IdtState GetPenColor/laser slot and Draw3 laser renderer style	静态审查未确认本项新缺陷；真实输入/视觉行为未验证		static only; tests located, not independently run	fix(draw3): honor selected laser color
d44b7666b8e39d2f3d6348a4c27e3ac136f9291e	bee751bfc1a9c8f26e66be51b2500988e667104b	2026-09-06T09:13:08+08:00	2026-09-06T09:13:08+08:00	bugfix/animation bugfix/eraser bugfix/pptui bugfix/settingui chore/publish dev draw feature/cursor feature/ui3-i18n origin/bugfix/eraser origin/dev origin/theme theme	yes	H0 reachable	ordinary/product-code/assets	Inkeys/Inkeys/UI/Bar/Bar.RenderLoop.cpp	p1:1files:e1c49fe767018cad | uniq=1 +1/-0 | @@ -2876,0 +2877 @@ | code_change=Bar.RenderLoop.cpp:+AnchorHiddenButton(BarButtonPresetEnum::EndShow, BarButtonPresetEnum::Freeze);	full patch + focused current-code/test static review	隐藏 EndShow 按钮锚定 Freeze 的单行布局调整	静态审查未确认新缺陷；可见 UI 行为需人工验证		static only; relevant UI not run	fix: anchor hidden end-show button to freeze
bee751bfc1a9c8f26e66be51b2500988e667104b	4d7b799fd7e0ffe059a8f498b1e65f00a7a29862	2026-09-06T01:35:48+08:00	2026-09-06T01:35:48+08:00	bugfix/animation bugfix/eraser bugfix/pptui bugfix/settingui chore/publish dev draw feature/cursor feature/ui3-i18n origin/bugfix/eraser origin/dev origin/theme theme	yes	H0 reachable	ordinary/product-code/assets	Inkeys/Inkeys/UI/Bar/Bar.Button.cpp	p1:1files:f1412c2aa2522c91 | uniq=1 +2/-3 | @@ -825,3 +825,2 @@ | code_change=Bar.Button.cpp:-freeze->size = projection.endShowVisible;Bar.Button.cpp:-? BarButtonSizeEnum::twoOne : BarButtonSizeEnum::twoTwo;;Bar.Button.cpp:+freeze->size = BarButtonSizeEnum::twoTwo;	full patch + focused current-code/test static review	Freeze 按钮在演示中保持 2x2 的单行尺寸调整	静态审查未确认新缺陷；可见 UI 行为需人工验证		static only; relevant UI not run	fix: keep freeze button at 2x2 in presentation
4d7b799fd7e0ffe059a8f498b1e65f00a7a29862	06e75fe45ef9c9af0f22a8e8ebc3d0beb7b40681	2026-09-05T23:27:56+08:00	2026-09-05T23:27:56+08:00	bugfix/animation bugfix/eraser bugfix/pptui bugfix/settingui chore/publish dev draw feature/cursor feature/ui3-i18n origin/bugfix/eraser origin/dev origin/theme theme	yes	H0 reachable	ordinary/product-code/assets	Inkeys/Inkeys/Drawing/Draw3/Draw3.DrawingController.cpp;Inkeys/Inkeys/Drawing/Draw3/Draw3.Presentation.cpp;Inkeys/Inkeys/Drawing/Draw3/Draw3.Presentation.h;InkeysHeadlessTests/presentation_descriptor_tests.cpp;inkStrokeModelerTestTests/presentation_autosave_tests.cpp	p1:6files:15bd4d95e62aad03 | uniq=6 +113/-27 | @@ -159,0 +160 @@;@@ -168,0 +170 @@ | code_change=Draw3.DrawingController.cpp:-const bool stableTopologyChange = activePresentationTarget &&;Draw3.DrawingController.cpp:-activePresentationTarget->bindingMode ==;Draw3.DrawingController.cpp:-Bridge::SlideBindingMode::StableSlideId &&	full patch + H0 current caller/callee/failure-path static review	H0 PPT descriptor/end-screen target→Bridge revision→Draw3 slot/page load→PageControl successful commit→Ack target; COM session and WriteJournal failure paths	静态审查未确认本项新缺陷；真机/GUI 路径仍未验证		static only; targeted tests located, not independently run	fix: remap parked presentation canvases by slide identity
06e75fe45ef9c9af0f22a8e8ebc3d0beb7b40681	cec656e06cb20e5baa2c3a855720833953573476	2026-09-05T19:24:35+08:00	2026-09-05T19:24:35+08:00	bugfix/animation bugfix/eraser bugfix/pptui bugfix/settingui chore/publish dev draw feature/cursor feature/ui3-i18n origin/bugfix/eraser origin/dev origin/theme theme	yes	H0 reachable	ordinary/product-code/assets	Inkeys/IdtFreezeFrame.cpp;Inkeys/IdtPlug-in.cpp;Inkeys/IdtState.cpp;Inkeys/Inkeys.vcxproj;Inkeys/Inkeys.vcxproj.filters;Inkeys/Inkeys/UI/Bar/Bar.A2.h;Inkeys/Inkeys/UI/Bar/Bar.Button.cpp;Inkeys/Inkeys/UI/Bar/Bar.Interaction.cpp	p1:16files:6a18fcdce4141238 | uniq=16 +188/-55 | @@ -44,0 +45,4 @@;@@ -4,0 +5 @@ | code_change=IdtFreezeFrame.cpp:-FreezeFrame.update = true;;IdtFreezeFrame.cpp:-if (FreezeFrame.mode == 1);IdtFreezeFrame.cpp:+if (Inkeys::UI::Freeze::IsActive())	full patch + H0 current shared-contract static review	IdtMagnification::MagnifierThread/BuildCurrentFilterList/Freeze coordinator；Window owner/overlay	静态审查未确认本项新缺陷；真实 GUI/设备行为未验证		static only; existing tests located, not independently run	fix: centralize freeze state machine
cec656e06cb20e5baa2c3a855720833953573476	8de54747389835e8ae92cb525197273c77bca46c	2026-09-05T17:33:54+08:00	2026-09-05T17:33:54+08:00	bugfix/animation bugfix/eraser bugfix/pptui bugfix/settingui chore/publish dev draw feature/cursor feature/ui3-i18n origin/bugfix/eraser origin/dev origin/theme theme	yes	H0 reachable	ordinary/product-code/assets	Inkeys/IdtFreezeFrame.cpp;Inkeys/IdtMagnification.cpp;Inkeys/IdtMagnification.h	p1:3files:340205fa642e0019 | uniq=3 +39/-0 | @@ -112,0 +113,2 @@;@@ -125,0 +128,16 @@ | code_change=IdtFreezeFrame.cpp:+bool overlayFullscreen = false;;IdtFreezeFrame.cpp:+auto& windowService = Inkeys::Window::GetService();;IdtFreezeFrame.cpp:+const bool hostShown = windowService.Show(	full patch + H0 current shared-contract static review	IdtMagnification::MagnifierThread/BuildCurrentFilterList/Freeze coordinator；Window owner/overlay	静态审查未确认本项新缺陷；真实 GUI/设备行为未验证		static only; existing tests located, not independently run	fix: restore freeze magnifier display
8de54747389835e8ae92cb525197273c77bca46c	ea3dcc5490eb8d0ac9b4fc9a95befa679ca6d35c	2026-09-05T16:58:58+08:00	2026-09-05T16:58:58+08:00	bugfix/animation bugfix/eraser bugfix/pptui bugfix/settingui chore/publish dev draw feature/cursor feature/ui3-i18n origin/bugfix/eraser origin/dev origin/theme theme	yes	H0 reachable	ordinary/product-code/assets	Inkeys/Inkeys/Drawing/Draw3/Draw3.DrawingController.cpp;Inkeys/Inkeys/Drawing/Draw3/Draw3.InkDocument.cpp;Inkeys/Inkeys/Drawing/Draw3/Draw3.InkDocument.cppm;Inkeys/Inkeys/Drawing/Draw3/Draw3.Presentation.cpp;Inkeys/Inkeys/Drawing/Draw3/Draw3.PresentationAutoSave.cpp;InkeysHeadlessTests/presentation_descriptor_tests.cpp;inkStrokeModelerTest/draw3/ink_document.cpp;inkStrokeModelerTest/draw3/ink_document.cppm	p1:20files:2a47dab651ab4ba3 | uniq=20 +453/-56 | @@ -151 +151 @@;@@ -168 +168 @@ | code_change=Draw3.DrawingController.cpp:+std::map<std::int32_t, draw3::uink::Draw3UInkCanvasSnapshot> retainedSlides;;Draw3.DrawingController.cpp:+std::map<std::int32_t, draw3::uink::Draw3UInkCanvasSnapshot> activeRetainedSlides;;Draw3.DrawingController.cpp:+std::swap(activeRetainedSlides, slot.retainedSlides);	full patch + H0 current caller/callee/failure-path static review	H0 PPT descriptor/end-screen target→Bridge revision→Draw3 slot/page load→PageControl successful commit→Ack target; COM session and WriteJournal failure paths	静态审查未确认本项新缺陷；真机/GUI 路径仍未验证		static only; targeted tests located, not independently run	fix: restore presentation canvases by slide identity
ea3dcc5490eb8d0ac9b4fc9a95befa679ca6d35c	657f09548b077e9e0ec0e40b850e8154c87c0171	2026-09-05T14:28:45+08:00	2026-09-05T14:28:45+08:00	bugfix/animation bugfix/eraser bugfix/pptui bugfix/settingui chore/publish dev draw feature/cursor feature/ui3-i18n origin/bugfix/eraser origin/dev origin/theme theme	yes	H0 reachable	ordinary/product-code/assets	Inkeys/Inkeys/UI/StartupPreview/StartupPreview.State.cpp;InkeysHeadlessTests/startup_preview_state_tests.cpp	p1:3files:b7cbd1a061d2ef6e | uniq=3 +11/-13 | @@ -88,0 +89,2 @@;@@ -348,7 +348,3 @@ | code_change=StartupPreview.State.cpp:-if (!failureTargetFrozen_ || now <= failureColorStartTime_) return 0.0;;StartupPreview.State.cpp:-const double phase = std::clamp(std::chrono::duration<double>(;StartupPreview.State.cpp:-now - failureColorStartTime_).count()	full patch + focused current-code/test static review	启动预览失败颜色冻结状态与测试	静态审查未确认新缺陷；可见 UI 行为需人工验证		static only; relevant UI not run	Fix startup preview fatal color flash
657f09548b077e9e0ec0e40b850e8154c87c0171	7a5a764ba7b7cb9232d61d69720ed52f9ad9781d	2026-09-05T10:37:21+08:00	2026-09-05T10:37:21+08:00	bugfix/animation bugfix/eraser bugfix/pptui bugfix/settingui chore/publish dev draw feature/cursor feature/ui3-i18n origin/bugfix/eraser origin/dev origin/theme theme	yes	H0 reachable	ordinary/product-code/assets	Inkeys/IdtPlug-in.cpp;Inkeys/IdtPlug-in.h;Inkeys/Inkeys.vcxproj;Inkeys/Inkeys.vcxproj.filters;Inkeys/Inkeys/Drawing/Draw3/Draw3.AutoSave.cpp;Inkeys/Inkeys/Drawing/Draw3/Draw3.AutoSave.cppm;Inkeys/Inkeys/Drawing/Draw3/Draw3.Bridge.cpp;Inkeys/Inkeys/Drawing/Draw3/Draw3.Bridge.h	p1:58files:a4078b2394c2029d | uniq=58 +6525/-221 | @@ -7,0 +8,2 @@;@@ -64 +64 @@ | code_change=IdtPlug-in.cpp:-#ifdef MessageBox;IdtPlug-in.cpp:-#undef MessageBox;IdtPlug-in.cpp:-#endif	full patch + H0 current caller/callee/failure-path static review	H0 PPT descriptor/end-screen target→Bridge revision→Draw3 slot/page load→PageControl successful commit→Ack target; COM session and WriteJournal failure paths	PPT autosave/bridge 集成静态审查未确认本提交的新缺陷；桌面索引历史问题单列于 fafa7009/AUD-B1-002		static only; targeted tests located, not independently run	Add PPT presentation autosave & bridge support
7a5a764ba7b7cb9232d61d69720ed52f9ad9781d	a8b77db0ea864b32220bb6dc620557e06375dc83	2026-09-04T22:22:38+08:00	2026-09-04T22:22:38+08:00	bugfix/animation bugfix/eraser bugfix/pptui bugfix/settingui chore/publish dev draw feature/cursor feature/ui3-i18n origin/bugfix/eraser origin/dev origin/theme theme	yes	H0 reachable	ordinary/product-code/assets	Inkeys/IdtMain.cpp;Inkeys/IdtState.cpp;Inkeys/IdtState.h;Inkeys/Inkeys/UI/Bar/Bar.A2.h;Inkeys/Inkeys/UI/Bar/Bar.Button.cpp;InkeysHeadlessTests/page_control_tests.cpp	p1:6files:7fba8005a5cf2f77 | uniq=6 +43/-14 | @@ -301,0 +302,2 @@;@@ -1935 +1937 @@ | code_change=IdtMain.cpp:+const bool whiteboardFeatureEnabled = IsWhiteboardFeatureEnabled();;IdtMain.cpp:-if (!Inkeys::UI::Whiteboard::Initialize({;IdtMain.cpp:+if (whiteboardFeatureEnabled && !Inkeys::UI::Whiteboard::Initialize({	full patch + H0 current caller/callee/failure-path static review	H0 IsWhiteboardFeatureEnabled=false gates Initialize/Request; shared Bar scene, Draw3 host and Window callbacks	静态审查未确认本项新缺陷；真机/GUI 路径仍未验证		static only; targeted tests located, not independently run	fix: temporarily hide whiteboard for release
a8b77db0ea864b32220bb6dc620557e06375dc83	fa80eb422141c7c4430a46e409c7ff70286ff27f	2026-09-04T22:00:37+08:00	2026-09-04T22:00:37+08:00	bugfix/animation bugfix/eraser bugfix/pptui bugfix/settingui chore/publish dev draw feature/cursor feature/ui3-i18n origin/bugfix/eraser origin/dev origin/theme theme	yes	H0 reachable	ordinary/documentation/task-state	docs/Trellis	p1:2files:117002f82f398266 | uniq=2 +47/-1 | @@ -11,2 +11,2 @@;@@ -22 +22 @@	brief full patch/path/security-token scan	metadata only	仅 Trellis 文档/任务记录，未改产品代码；本项无确认产品缺陷		static diff only; runtime not applicable	chore: record journal
fa80eb422141c7c4430a46e409c7ff70286ff27f	96bf8c8cdb0b66a29c9adf7ee7ba78fd183b4af3	2026-09-04T21:59:38+08:00	2026-09-04T21:59:38+08:00	bugfix/animation bugfix/eraser bugfix/pptui bugfix/settingui chore/publish dev draw feature/cursor feature/ui3-i18n origin/bugfix/eraser origin/dev origin/theme theme	yes	H0 reachable	ordinary/documentation/task-state	docs/Trellis	p1:24files:089b289de7a401de | uniq=24 +722/-531 | @@ -1,8 +0,0 @@;@@ -1,55 +0,0 @@	brief full patch/path/security-token scan	metadata only	仅 Trellis 文档/任务记录，未改产品代码；本项无确认产品缺陷		static diff only; runtime not applicable	chore(task): archive 09-02-startup-preview-fast-display
96bf8c8cdb0b66a29c9adf7ee7ba78fd183b4af3	d9346c3f058ef58c633e56fb434c054c0c0131d4	2026-09-04T21:55:26+08:00	2026-09-04T21:55:26+08:00	bugfix/animation bugfix/eraser bugfix/pptui bugfix/settingui chore/publish dev draw feature/cursor feature/ui3-i18n origin/bugfix/eraser origin/dev origin/theme theme	yes	H0 reachable	ordinary/product-code/assets	Inkeys/Inkeys/UI/MessageBox/MessageBox.Window.cpp;Inkeys/Inkeys/UI/StartupPreview/StartupPreview.State.cpp;Inkeys/Inkeys/UI/StartupPreview/StartupPreview.State.cppm;Inkeys/Inkeys/UI/StartupPreview/StartupPreview.cpp;InkeysHeadlessTests/message_box_tests.cpp;InkeysHeadlessTests/startup_preview_state_tests.cpp	p1:6files:fb8599dda1a4f25f | uniq=6 +116/-27 | @@ -517,0 +518 @@;@@ -1087 +1088,5 @@ | code_change=MessageBox.Window.cpp:+bool windowActive = false;;MessageBox.Window.cpp:-Pen border(Color(102, 117, 117, 117), borderWidth);;MessageBox.Window.cpp:+const Color borderColor = windowActive	full patch + H0 current caller/callee/failure-path static review	H0 StartupPreview State reducers/ordered alpha handoff, PreviewOwner thread/ULW serialization/Stop, IdtMain startup milestones	静态审查未确认本项新缺陷；真机/GUI 路径仍未验证		static only; targeted tests located, not independently run	fix: refine startup failure and dialog emphasis
d9346c3f058ef58c633e56fb434c054c0c0131d4	b939710574d8bb9d5de3be9f04031a09fe16f121	2026-09-04T21:22:42+08:00	2026-09-04T21:22:42+08:00	bugfix/animation bugfix/eraser bugfix/pptui bugfix/settingui chore/publish dev draw feature/cursor feature/ui3-i18n origin/bugfix/eraser origin/dev origin/theme theme	yes	H0 reachable	ordinary/product-code/assets	Inkeys/Inkeys/UI/StartupPreview/StartupPreview.State.cpp;Inkeys/Inkeys/UI/StartupPreview/StartupPreview.State.cppm;Inkeys/Inkeys/UI/StartupPreview/StartupPreview.cpp;InkeysHeadlessTests/startup_preview_state_tests.cpp	p1:10files:8f74ce3f8d7f0629 | uniq=10 +297/-54 | @@ -113 +113 @@;@@ -120,3 +120,4 @@ | code_change=StartupPreview.State.cpp:+void HandoffTimingReducer::PreviewFrameCommitted(bool progressVisible,;StartupPreview.State.cpp:+std::uint8_t previewAlpha) noexcept;StartupPreview.State.cpp:+if (!frozen_ && progressVisible && previewAlpha > 0)	full patch + H0 current caller/callee/failure-path static review	H0 StartupPreview State reducers/ordered alpha handoff, PreviewOwner thread/ULW serialization/Stop, IdtMain startup milestones	静态审查未确认本项新缺陷；真机/GUI 路径仍未验证		static only; targeted tests located, not independently run	fix: animate startup preview handoff and progress
b939710574d8bb9d5de3be9f04031a09fe16f121	8faca0097354b0641fa8d8405b5fd35331dfa580	2026-09-04T20:43:46+08:00	2026-09-04T20:43:46+08:00	bugfix/animation bugfix/eraser bugfix/pptui bugfix/settingui chore/publish dev draw feature/cursor feature/ui3-i18n origin/bugfix/eraser origin/dev origin/theme theme	yes	H0 reachable	ordinary/product-code/assets	Inkeys/Inkeys/UI/Bar/Bar.Metrics.cppm;Inkeys/Inkeys/UI/Bar/Bar.Theme.cppm;Inkeys/Inkeys/UI/StartupPreview/StartupPreview.State.cpp;Inkeys/Inkeys/UI/StartupPreview/StartupPreview.State.cppm;Inkeys/Inkeys/UI/StartupPreview/StartupPreview.cpp;Inkeys/Inkeys/UI/StartupPreview/StartupPreview.cppm;InkeysHeadlessTests/startup_preview_state_tests.cpp	p1:12files:9e296b9c24af96b7 | uniq=12 +116/-26 | @@ -7 +7 @@;@@ -105 +105 @@ | code_change=Bar.Metrics.cppm:+inline constexpr unsigned char BarDarkSurfaceColorChannel = 24;;Bar.Metrics.cppm:+inline constexpr unsigned char BarDarkSurfaceFrameColorChannel = 255;;Bar.Theme.cppm:-case BarThemeColorEnum::Surface: return RGB(24, 24, 24);	full patch + H0 current caller/callee/failure-path static review	H0 StartupPreview State reducers/ordered alpha handoff, PreviewOwner thread/ULW serialization/Stop, IdtMain startup milestones	静态审查未确认本项新缺陷；真机/GUI 路径仍未验证		static only; targeted tests located, not independently run	fix: align startup preview surface and shimmer
8faca0097354b0641fa8d8405b5fd35331dfa580	8acf3c1312ee23d6972e0f2ffa426fcdc9f9438d	2026-09-04T20:06:40+08:00	2026-09-04T20:06:40+08:00	bugfix/animation bugfix/eraser bugfix/pptui bugfix/settingui chore/publish dev draw feature/cursor feature/ui3-i18n origin/bugfix/eraser origin/dev origin/theme theme	yes	H0 reachable	ordinary/documentation/task-state	docs/Trellis	p1:11files:1450c5c61884a5a7 | uniq=11 +100/-16 | @@ -10,2 +10,2 @@;@@ -18 +18 @@	brief full patch/path/security-token scan	metadata only	仅 Trellis 文档/任务记录，未改产品代码；本项无确认产品缺陷		static diff only; runtime not applicable	docs: restore startup preview trellis context
8acf3c1312ee23d6972e0f2ffa426fcdc9f9438d	55d8c981d57886c4f4e040ce6a3f30b7bd1f0bc3	2026-09-04T19:25:25+08:00	2026-09-04T19:25:25+08:00	bugfix/animation bugfix/eraser bugfix/pptui bugfix/settingui chore/publish dev draw feature/cursor feature/ui3-i18n origin/bugfix/eraser origin/dev origin/theme theme	yes	H0 reachable	ordinary/metadata	.gitignore	p1:2files:9503d0cb22a60ec2 | uniq=2 +6/-189 | @@ -28 +28,6 @@;@@ -1,188 +0,0 @@	brief full patch/path scan	metadata only	仅 .gitignore 范围调整；本项无确认产品缺陷		static diff only	chore: keep Trellis platform integrations local
55d8c981d57886c4f4e040ce6a3f30b7bd1f0bc3	9e27bd26707dfeb3204ce78bf53e3b884cf4b811	2026-09-04T18:58:40+08:00	2026-09-04T18:58:40+08:00	bugfix/animation bugfix/eraser bugfix/pptui bugfix/settingui chore/publish dev draw feature/cursor feature/ui3-i18n origin/bugfix/eraser origin/dev origin/theme theme	yes	H0 reachable	ordinary/trellis-workflow	Trellis scripts/hooks/skills	p1:19files:8f64e549ccaf9bed | uniq=19 +3272/-576 | @@ -61,2 +61,2 @@;@@ -64,3 +64,3 @@	full patch classified; Trellis workflow code, auto-commit path checked	.trellis/scripts/task.py archive --no-commit; add_session.py --no-commit / session_auto_commit	非产品运行时；确认正式禁用自动提交路径；未确认本项发布代码问题		static only; task archive not run	trellis update
9e27bd26707dfeb3204ce78bf53e3b884cf4b811	854d346a7cb812eb9cd3e29be36b9b9d05d1720f	2026-09-04T18:27:24+08:00	2026-09-04T18:27:24+08:00	bugfix/animation bugfix/eraser bugfix/pptui bugfix/settingui chore/publish dev draw feature/cursor feature/ui3-i18n origin/bugfix/eraser origin/dev origin/theme theme	yes	H0 reachable	ordinary/product-code/assets	Inkeys/IdtMain.cpp;Inkeys/Inkeys/UI/StartupPreview/StartupPreview.State.cpp;Inkeys/Inkeys/UI/StartupPreview/StartupPreview.State.cppm;Inkeys/Inkeys/UI/StartupPreview/StartupPreview.cpp;InkeysHeadlessTests/startup_preview_state_tests.cpp	"p1:13files:e80161c0c86d8f97 | uniq=13 +243/-87 | @@ -78 +78 @@;@@ -112 +112 @@ | code_change=IdtMain.cpp:+std::atomic_bool startupPreviewManualDelayRequested = false;;IdtMain.cpp:-|| GetEnvironmentVariableW(;IdtMain.cpp:-L""INKEYS_STARTUP_PREVIEW_MANUAL_DELAY"", enabled, 2) == 0"	full patch + H0 current caller/callee/failure-path static review	H0 StartupPreview State reducers/ordered alpha handoff, PreviewOwner thread/ULW serialization/Stop, IdtMain startup milestones	静态审查未确认本项新缺陷；真机/GUI 路径仍未验证		static only; targeted tests located, not independently run	fix: refine startup preview handoff and shimmer
854d346a7cb812eb9cd3e29be36b9b9d05d1720f	4fcd398b735a47d14dd4398afb23d16b1d7206c5	2026-09-04T13:27:19+08:00	2026-09-04T13:27:19+08:00	bugfix/animation bugfix/eraser bugfix/pptui bugfix/settingui chore/publish dev draw feature/cursor feature/ui3-i18n origin/bugfix/eraser origin/dev origin/theme theme	yes	H0 reachable	ordinary/binary-removal	Inkeys/Inkeys3Temp20260502.7z	p1:110files:34382efddf389ceb | uniq=110 +1/-14176 | @@ -1,51 +0,0 @@;@@ -1,200 +0,0 @@ | code_change=none/metadata	full patch/path inventory; deleted legacy binary artifact	deleted Inkeys/Inkeys3Temp20260502.7z; H0 product compile does not reference it	删除旧二进制包；未改变当前产品源码/入口		git name-status static only	chore: remove local agent artifacts
4fcd398b735a47d14dd4398afb23d16b1d7206c5	1f4f4cbfda794d3d7beb562ee914875fd967ef52	2026-09-04T13:14:53+08:00	2026-09-04T13:14:53+08:00	bugfix/animation bugfix/eraser bugfix/pptui bugfix/settingui chore/publish dev draw feature/cursor feature/ui3-i18n origin/bugfix/eraser origin/dev origin/theme theme	yes	H0 reachable	ordinary/product-code/assets	Inkeys/IdtMain.cpp;Inkeys/Inkeys.rc;Inkeys/Inkeys.vcxproj;Inkeys/Inkeys.vcxproj.filters;Inkeys/Inkeys/Other/Other.Config.cppm;Inkeys/Inkeys/Startup/Startup.Progress.cpp;Inkeys/Inkeys/Startup/Startup.Progress.cppm;Inkeys/Inkeys/UI/Bar/Bar.Initialization.cpp	p1:40files:722a8a5ee28ffa73 | uniq=40 +1809/-4056 | @@ -165 +165,14 @@;@@ -18 +18 @@ | code_change=IdtMain.cpp:-if (!Inkeys::Startup::Report(milestone);IdtMain.cpp:-|| !Inkeys::UI::StartupPreview::IsActive()) return;;IdtMain.cpp:+if (!Inkeys::Startup::Report(milestone)) return;	full patch + H0 current caller/callee/failure-path static review	H0 StartupPreview State reducers/ordered alpha handoff, PreviewOwner thread/ULW serialization/Stop, IdtMain startup milestones	静态审查未确认本项新缺陷；真机/GUI 路径仍未验证		static only; targeted tests located, not independently run	feat: simplify startup preview fast display
1f4f4cbfda794d3d7beb562ee914875fd967ef52	a0835ba3fc30a23f80693515d59df1bbffd943c1 9266a4ab4aac80df4e552db402a2cde4bc1c7cdc	2026-09-03T22:42:42+08:00	2026-09-03T22:42:42+08:00	bugfix/animation bugfix/eraser bugfix/pptui bugfix/settingui chore/publish dev draw feature/cursor feature/ui3-i18n origin/bugfix/eraser origin/dev origin/theme theme	yes	H0 reachable	merge/integration	Inkeys/IdtI18n.cpp;Inkeys/IdtI18n.h;Inkeys/IdtI18nKeys.g.h;Inkeys/IdtMain.cpp;Inkeys/IdtPlug-in.cpp;Inkeys/Inkeys/Helper/Helper.CrashHandler.cpp;Inkeys/Inkeys/UI/Bar/Bar.Interaction.cpp;Inkeys/Inkeys/UI/MessageBox/MessageBox.Layout.cpp	p1:23files:9a5825a473858609 | p2:57files:f55b2320f8315427 | uniq=75 +7522/-121 | @@ -228,0 +229,47 @@;@@ -335,0 +336,19 @@	two-parent full patch indexed; remerge-diff empty	Inkeys/IdtI18n.cpp;Inkeys/IdtI18n.h;Inkeys/IdtI18nKeys.g.h;Inkeys/IdtMain.cpp;Inkeys/IdtPlug-in.cpp	合并自身无独立冲突解决；分支内容在各 SHA 单审		git --remerge-diff static check; runtime not run	Merge branch 'draw' of github.com:Alan-CRL/Inkeys into draw
9266a4ab4aac80df4e552db402a2cde4bc1c7cdc	9f7ed71e8e5f5fffaf3b8c1343a616a257f8f955	2026-09-03T10:25:23+08:00	2026-09-03T10:25:23+08:00	bugfix/animation bugfix/eraser bugfix/pptui bugfix/settingui chore/publish dev draw feature/cursor feature/ui3-i18n origin/bugfix/eraser origin/dev origin/theme theme	yes	H0 reachable	ordinary/product-code/assets	Inkeys/IdtI18n.cpp;Inkeys/IdtI18n.h;Inkeys/IdtI18nKeys.g.h;Inkeys/IdtMain.cpp;Inkeys/IdtPlug-in.cpp;Inkeys/Inkeys/Helper/Helper.CrashHandler.cpp;Inkeys/Inkeys/UI/Bar/Bar.Interaction.cpp;Inkeys/Inkeys/UI/MessageBox/MessageBox.Layout.cpp	"p1:23files:e8a817abf848976b | uniq=23 +594/-45 | @@ -228,0 +229,47 @@;@@ -335,0 +336,19 @@ | code_change=IdtI18n.cpp:+LANGID toLanguageId(const wstring& language) noexcept;IdtI18n.cpp:+if (language == L""zh-CN"");IdtI18n.cpp:+return MAKELANGID(LANG_CHINESE, SUBLANG_CHINESE_SIMPLIFIED);"	full patch + H0 current caller/callee/failure-path static review	H0 StartupPreview State reducers/ordered alpha handoff, PreviewOwner thread/ULW serialization/Stop, IdtMain startup milestones	静态审查未确认本项新缺陷；真机/GUI 路径仍未验证		static only; targeted tests located, not independently run	localize fluent message box dialogs
a0835ba3fc30a23f80693515d59df1bbffd943c1	1e563c306d95dc106266aa0a3c0dc980c5081139	2026-09-03T22:31:43+08:00	2026-09-03T22:31:43+08:00	bugfix/animation bugfix/eraser bugfix/pptui bugfix/settingui chore/publish dev draw feature/cursor feature/ui3-i18n origin/bugfix/eraser origin/dev origin/theme theme	yes	H0 reachable	ordinary/product-code/assets	Inkeys/IdtMain.cpp;Inkeys/Inkeys/UI/StartupPreview/StartupPreview.State.cpp;Inkeys/Inkeys/UI/StartupPreview/StartupPreview.State.cppm;InkeysHeadlessTests/startup_preview_state_tests.cpp	p1:9files:f3c239bc60eb4619 | uniq=9 +116/-22 | @@ -142 +142 @@;@@ -207 +207 @@ | code_change=IdtMain.cpp:+void ReportStartupMilestoneForManualTest(;IdtMain.cpp:+Inkeys::Startup::Milestone milestone) noexcept;IdtMain.cpp:+if (!Inkeys::Startup::Report(milestone)	full patch + H0 current caller/callee/failure-path static review	H0 StartupPreview State reducers/ordered alpha handoff, PreviewOwner thread/ULW serialization/Stop, IdtMain startup milestones	当前代码确认 AUD-B1-005：Release 编译的人工启动失败入口，任意非空环境值触发	AUD-B1-005	static only; targeted tests located, not independently run	test: pace startup preview progress for manual testing
1e563c306d95dc106266aa0a3c0dc980c5081139	700811238306bca9481eb596c3740af80fe4057e	2026-09-03T19:26:39+08:00	2026-09-03T19:26:39+08:00	bugfix/animation bugfix/eraser bugfix/pptui bugfix/settingui chore/publish dev draw feature/cursor feature/ui3-i18n origin/bugfix/eraser origin/dev origin/theme theme	yes	H0 reachable	ordinary/product-code/assets	Inkeys/IdtMain.cpp;Inkeys/Inkeys/UI/StartupPreview/StartupPreview.State.cpp;Inkeys/Inkeys/UI/StartupPreview/StartupPreview.State.cppm;Inkeys/Inkeys/UI/StartupPreview/StartupPreview.cpp;Inkeys/Inkeys/UI/StartupPreview/StartupPreview.cppm;InkeysHeadlessTests/startup_preview_state_tests.cpp	p1:11files:166e08e726ee26d0 | uniq=11 +114/-52 | @@ -73 +73 @@;@@ -142 +142,2 @@ | code_change=IdtMain.cpp:+constexpr auto failureFrameBudget = std::chrono::milliseconds(350);;IdtMain.cpp:+const auto failureFrameDeadline = std::chrono::steady_clock::now();IdtMain.cpp:++ failureFrameBudget;	full patch + H0 current caller/callee/failure-path static review	H0 StartupPreview State reducers/ordered alpha handoff, PreviewOwner thread/ULW serialization/Stop, IdtMain startup milestones	静态审查未确认本项新缺陷；真机/GUI 路径仍未验证		static only; targeted tests located, not independently run	fix: show startup preview progress reliably
700811238306bca9481eb596c3740af80fe4057e	b7edaa81c91d7d17105fe6acd7be83682a655750	2026-09-03T17:29:24+08:00	2026-09-03T17:29:24+08:00	bugfix/animation bugfix/eraser bugfix/pptui bugfix/settingui chore/publish dev draw feature/cursor feature/ui3-i18n origin/bugfix/eraser origin/dev origin/theme theme	yes	H0 reachable	ordinary/product-code/assets	Inkeys/Inkeys/UI/StartupPreview/StartupPreview.cpp	p1:3files:6af3d361707e43b0 | uniq=3 +61/-15 | @@ -90,0 +91 @@;@@ -160 +161 @@ | code_change=StartupPreview.cpp:+std::mutex presentationMutex;;StartupPreview.cpp:+std::scoped_lock presentationLock(state->presentationMutex);;StartupPreview.cpp:+[[nodiscard]] BOOL PresentPixels(HDC sourceDc, BYTE alpha,	full patch + H0 current caller/callee/failure-path static review	H0 StartupPreview State reducers/ordered alpha handoff, PreviewOwner thread/ULW serialization/Stop, IdtMain startup milestones	静态审查未确认本项新缺陷；真机/GUI 路径仍未验证		static only; targeted tests located, not independently run	fix: refresh startup preview layered surface
b7edaa81c91d7d17105fe6acd7be83682a655750	9f7ed71e8e5f5fffaf3b8c1343a616a257f8f955	2026-09-03T14:56:44+08:00	2026-09-03T14:56:44+08:00	bugfix/animation bugfix/eraser bugfix/pptui bugfix/settingui chore/publish dev draw feature/cursor feature/ui3-i18n origin/bugfix/eraser origin/dev origin/theme theme	yes	H0 reachable	ordinary/product-code/assets	Inkeys/IdtFreezeFrame.cpp;Inkeys/IdtMain.cpp;Inkeys/IdtPlug-in.cpp;Inkeys/Inkeys.rc;Inkeys/Inkeys.vcxproj;Inkeys/Inkeys.vcxproj.filters;Inkeys/Inkeys/Drawing/Draw3/Draw3.Host.cpp;Inkeys/Inkeys/Drawing/Draw3/Draw3.Host.h	p1:57files:04bd6817504b4c12 | uniq=57 +6740/-76 | @@ -17,0 +18 @@;@@ -0,0 +1,250 @@ | code_change=IdtFreezeFrame.cpp:-if (!monitor) return;;IdtFreezeFrame.cpp:+if (!monitor);IdtFreezeFrame.cpp:+(void)Inkeys::Startup::ReportFailure(0xF002u);	full patch + H0 current caller/callee/failure-path static review	H0 StartupPreview State reducers/ordered alpha handoff, PreviewOwner thread/ULW serialization/Stop, IdtMain startup milestones	当前代码确认 AUD-B1-004：PreviewOwner 超时 Stop 可能漏投 WM_QUIT 并 detach	AUD-B1-004	static only; targeted tests located, not independently run	feat: add startup preview fast display
9f7ed71e8e5f5fffaf3b8c1343a616a257f8f955	75e95d1a520c1d027c08cf62330d18c43ea3b98f	2026-09-02T20:11:44+08:00	2026-09-02T20:11:44+08:00	bugfix/animation bugfix/eraser bugfix/pptui bugfix/settingui chore/publish dev draw feature/cursor feature/ui3-i18n origin/bugfix/eraser origin/dev origin/theme theme	yes	H0 reachable	ordinary/product-code/assets	Inkeys/Inkeys/UI/MessageBox/MessageBox.Window.cpp;InkeysHeadlessTests/message_box_tests.cpp	p1:6files:aca397d84c36b3eb | uniq=6 +410/-31 | @@ -91 +91 @@;@@ -165 +165 @@ | code_change=MessageBox.Window.cpp:+bool keyboardFocusVisible = false;;MessageBox.Window.cpp:+bool windowFocused = false;;MessageBox.Window.cpp:-if (PtInRect(&layout.buttonSpecs[index].bounds, point)) return index;	full patch + focused current-code/test static review	消息框键盘焦点视觉状态与测试	静态审查未确认新缺陷；可见 UI 行为需人工验证		static only; relevant UI not run	fix: refine message box keyboard controls
75e95d1a520c1d027c08cf62330d18c43ea3b98f	cda86eb0d9042d0b5c7754ed658cce86984a8e76	2026-09-02T17:13:22+08:00	2026-09-02T17:13:22+08:00	bugfix/animation bugfix/eraser bugfix/pptui bugfix/settingui chore/publish dev draw feature/cursor feature/ui3-i18n origin/bugfix/eraser origin/dev origin/theme theme	yes	H0 reachable	ordinary/product-code/assets	Inkeys/Inkeys/UI/MessageBox/MessageBox.Window.cpp;InkeysHeadlessTests/message_box_tests.cpp	p1:4files:155b3595639f0b0c | uniq=4 +81/-15 | @@ -234 +234 @@;@@ -172,0 +173,8 @@ | code_change=MessageBox.Window.cpp:-const REAL oneDip = static_cast<REAL>(;MessageBox.Window.cpp:-std::max(1, ScaleDipValue(1, layout.dpi)));;MessageBox.Window.cpp:-const REAL twoDip = static_cast<REAL>(	full patch + focused current-code/test static review	消息框焦点边界 DPI 计算与测试	静态审查未确认新缺陷；可见 UI 行为需人工验证		static only; relevant UI not run	fix: match WinUI message box focus visuals
cda86eb0d9042d0b5c7754ed658cce86984a8e76	7c8e1dfd459adaa153b1053ae0bf342491ee043d	2026-09-02T15:46:31+08:00	2026-09-02T15:46:31+08:00	bugfix/animation bugfix/eraser bugfix/pptui bugfix/settingui chore/publish dev draw feature/cursor feature/ui3-i18n origin/bugfix/eraser origin/dev origin/theme theme	yes	H0 reachable	ordinary/product-code/assets	Inkeys/Inkeys/UI/MessageBox/MessageBox.Window.cpp;Inkeys/Inkeys/UI/MessageBox/MessageBox.cppm;InkeysHeadlessTests/animation_tests.cpp;InkeysHeadlessTests/message_box_tests.cpp	p1:6files:efea5deea63016ff | uniq=6 +271/-15 | @@ -132,2 +132,2 @@;@@ -138 +138 @@ | code_change=MessageBox.Window.cpp:+constexpr DWORD DwmWindowAttributeCloak = 13;;MessageBox.Window.cpp:+[[nodiscard]] bool HideDialogWindow(HWND hwnd) noexcept;MessageBox.Window.cpp:+if (!hwnd) return false;	full patch + H0 current caller/callee/failure-path static review	H0 MessageBox Window Win7 DWM cloak failure path falls back to Show+Redraw; CrashHandler/IdtMain message entry	静态审查未确认本项新缺陷；真机/GUI 路径仍未验证		static only; targeted tests located, not independently run	fix: reveal message box after first frame
7c8e1dfd459adaa153b1053ae0bf342491ee043d	da9b888eead92f8612f430f6a74b83121d6be6cb	2026-09-02T13:05:46+08:00	2026-09-02T13:05:46+08:00	bugfix/animation bugfix/eraser bugfix/pptui bugfix/settingui chore/publish dev draw feature/cursor feature/ui3-i18n origin/bugfix/eraser origin/dev origin/theme theme	yes	H0 reachable	ordinary/product-code/assets	Inkeys/Inkeys/UI/MessageBox/MessageBox.Window.cpp;InkeysHeadlessTests/message_box_tests.cpp	p1:4files:0a2a12f53b378a55 | uniq=4 +62/-8 | @@ -198 +198 @@;@@ -156,2 +156,2 @@ | code_change=MessageBox.Window.cpp:-next.closeBounds = { next.width - padding - closeSize, padding,;MessageBox.Window.cpp:-next.width - padding, padding + closeSize };;MessageBox.Window.cpp:+const REAL titleLineHeight = titleFont.GetHeight(&graphics);	full patch + focused current-code/test static review	消息框关闭按钮垂直布局与测试	静态审查未确认新缺陷；可见 UI 行为需人工验证		static only; relevant UI not run	fix: align message box close button
da9b888eead92f8612f430f6a74b83121d6be6cb	fafa700938f2c7f413df8a0ce2cb2add6d4df9b1	2026-09-02T09:37:59+08:00	2026-09-02T09:37:59+08:00	bugfix/animation bugfix/eraser bugfix/pptui bugfix/settingui chore/publish dev draw feature/cursor feature/ui3-i18n origin/bugfix/eraser origin/dev origin/theme theme	yes	H0 reachable	ordinary/product-code/assets	Inkeys/IdtMain.cpp;Inkeys/IdtPlug-in.cpp;Inkeys/Inkeys.rc;Inkeys/Inkeys.vcxproj;Inkeys/Inkeys.vcxproj.filters;Inkeys/Inkeys/Helper/Helper.CrashHandler.cpp;Inkeys/Inkeys/UI/Bar/Bar.Interaction.cpp;Inkeys/Inkeys/UI/MessageBox/MessageBox.Layout.cpp	p1:31files:33fae34cb89baa90 | uniq=31 +4494/-20 | @@ -0,0 +1,8 @@;@@ -0,0 +1,304 @@ | code_change=IdtMain.cpp:+#ifdef MessageBox;IdtMain.cpp:+#undef MessageBox;IdtMain.cpp:+#endif	full patch + H0 current caller/callee/failure-path static review	H0 MessageBox Window Win7 DWM cloak failure path falls back to Show+Redraw; CrashHandler/IdtMain message entry	静态审查未确认本项新缺陷；真机/GUI 路径仍未验证		static only; targeted tests located, not independently run	feat: add fluent message box
fafa700938f2c7f413df8a0ce2cb2add6d4df9b1	d272f888880789989fb96ba7018bd5434047a107	2026-09-02T00:16:43+08:00	2026-09-02T00:16:43+08:00	bugfix/animation bugfix/eraser bugfix/pptui bugfix/settingui chore/publish dev draw feature/cursor feature/ui3-i18n origin/bugfix/eraser origin/dev origin/theme theme	yes	H0 reachable	ordinary/product-code/assets	Inkeys/IdtMain.cpp;Inkeys/IdtPlug-in.cpp;Inkeys/IdtState.cpp;Inkeys/Inkeys.vcxproj;Inkeys/Inkeys.vcxproj.filters;Inkeys/Inkeys/Drawing/Draw3/Draw3.AutoSave.cpp;Inkeys/Inkeys/Drawing/Draw3/Draw3.AutoSave.cppm;Inkeys/Inkeys/Drawing/Draw3/Draw3.Bridge.cpp	"p1:40files:97dbcdc8ebc60842 | uniq=40 +3363/-204 | @@ -78 +78,68 @@;@@ -0,0 +1,6 @@ | code_change=IdtMain.cpp:+draw3StartOptions.autoSaveRoot =;IdtMain.cpp:+GetCurrentExeDirectory() + L""\\Inkeys\\AutoSave"";;IdtPlug-in.cpp:+Inkeys::Drawing::Draw3::PublishProductWorkspace("	full diff + current caller/callee/failure-path static review	desktop autosave index ReadTextFile/ReadIndex/ValidateIndex	当前代码确认 AUD-B1-002：索引无应用层文件/条目上限	AUD-B1-002	static only; relevant headless/GUI execution not independently run	feat: add desktop UInk autosave
d272f888880789989fb96ba7018bd5434047a107	a5407c31903b7b6079989c13cb08018ff3df7574	2026-09-01T17:18:10+08:00	2026-09-01T17:18:10+08:00	bugfix/animation bugfix/eraser bugfix/pptui bugfix/settingui chore/publish dev draw feature/cursor feature/ui3-i18n origin/bugfix/eraser origin/dev origin/theme theme	yes	H0 reachable	ordinary/product-code/assets	inkStrokeModelerTest/draw3/uink_codec.cpp;inkStrokeModelerTest/draw3/uink_codec.cppm;inkStrokeModelerTest/draw3/uink_codec_encode.cpp;inkStrokeModelerTest/draw3/uink_draw3_export.cpp;inkStrokeModelerTest/draw3/uink_draw3_export.cppm;inkStrokeModelerTest/draw3/uink_file.cpp;inkStrokeModelerTest/draw3/uink_file.cppm;inkStrokeModelerTest/draw3/uink_model.cpp	p1:38files:157322553c1bd4ec | uniq=38 +12106/-0 | @@ -0,0 +1,10 @@;@@ -0,0 +1,376 @@ | code_change=uink_codec.cpp:+﻿module;;uink_codec.cpp:+#define MSGPACK_NO_BOOST;uink_codec.cpp:+namespace draw3::uink	full diff + current caller/callee/failure-path static review	UInk codec Scanner+msgpack limits 128MiB/250k objects/depth32; file self-validation	安全边界静态审查：有显式文件/对象/深度限额与保存自校验；未见确认问题，fuzz 未做		static only; relevant headless/GUI execution not independently run	feat: add UInk file persistence
a5407c31903b7b6079989c13cb08018ff3df7574	277a015f371c1e3a2fd284c4a6a0bd8f790433ca	2026-08-31T23:53:13+08:00	2026-08-31T23:53:13+08:00	bugfix/animation bugfix/eraser bugfix/pptui bugfix/settingui chore/publish dev draw feature/cursor feature/ui3-i18n origin/bugfix/eraser origin/dev origin/theme theme	yes	H0 reachable	ordinary/documentation/task-state	docs/Trellis	p1:2files:f7201c8d03df327e | uniq=2 +25/-1 | @@ -11,2 +11,2 @@;@@ -22 +22 @@	brief full patch/path/security-token scan	metadata only	仅 Trellis 文档/任务记录，未改产品代码；本项无确认产品缺陷		static diff only; runtime not applicable	chore: record journal
277a015f371c1e3a2fd284c4a6a0bd8f790433ca	07b0c208c9fb860a88fc0fe632f10d2889040e87	2026-08-31T23:52:56+08:00	2026-08-31T23:52:56+08:00	bugfix/animation bugfix/eraser bugfix/pptui bugfix/settingui chore/publish dev draw feature/cursor feature/ui3-i18n origin/bugfix/eraser origin/dev origin/theme theme	yes	H0 reachable	ordinary/documentation/task-state	docs/Trellis	p1:12files:01ddbe361cef7dd7 | uniq=12 +398/-265 | @@ -1 +0,0 @@;@@ -1,174 +0,0 @@	brief full patch/path/security-token scan	metadata only	仅 Trellis 文档/任务记录，未改产品代码；本项无确认产品缺陷		static diff only; runtime not applicable	chore(task): archive 08-24-ppt-page-controls-bar-style
07b0c208c9fb860a88fc0fe632f10d2889040e87	ebbdec8e3921de02f1f6682e5e1ea2ce9ebad21d	2026-08-31T23:52:03+08:00	2026-08-31T23:52:03+08:00	bugfix/animation bugfix/eraser bugfix/pptui bugfix/settingui chore/publish dev draw feature/cursor feature/ui3-i18n origin/bugfix/eraser origin/dev origin/theme theme	yes	H0 reachable	ordinary/product-code/assets	Inkeys/Inkeys/UI/PageControl/PageControl.cpp;Inkeys/Inkeys/UI/PageControl/PageControl.cppm;Inkeys/Inkeys/UI/Ppt/Ppt.cpp;InkeysHeadlessTests/page_control_tests.cpp	p1:10files:45c21fe2fd382663 | uniq=10 +133/-17 | @@ -52,0 +53 @@;@@ -332,0 +333,7 @@ | code_change=PageControl.cpp:-callback = next ? pptCallbacks.nextPage;PageControl.cpp:-: pptCallbacks.previousPage;;PageControl.cpp:+switch (ResolvePptDirectionAction(	full patch + H0 current shared-contract static review	PageControl::PptPageCommitState→RenderSurface 成功事务→AcknowledgePage→PPT/Draw3 target	静态审查未确认本项新缺陷；真实 GUI/设备行为未验证		static only; existing tests located, not independently run	fix: restore PPT end show action
ebbdec8e3921de02f1f6682e5e1ea2ce9ebad21d	a6e575e08e7590f37a3aa9edf94117c4a1402a26	2026-08-31T22:33:57+08:00	2026-08-31T22:33:57+08:00	bugfix/animation bugfix/eraser bugfix/pptui bugfix/settingui chore/publish dev draw feature/cursor feature/ui3-i18n origin/bugfix/eraser origin/dev origin/theme theme	yes	H0 reachable	ordinary/product-code/assets	Inkeys/IdtPlug-in.cpp;Inkeys/Inkeys/UI/Ppt/Ppt.cppm;InkeysHeadlessTests/page_control_tests.cpp;InkeysHeadlessTests/ppt_ui_tests.cpp	p1:9files:91a9e86684be36b7 | uniq=9 +191/-40 | @@ -214 +214 @@;@@ -322,0 +323,12 @@ | code_change=IdtPlug-in.cpp:-if (publishedCurrentPage != PptInfoStateBuffer.CurrentPage ||;IdtPlug-in.cpp:-publishedTotalPage != PptInfoStateBuffer.TotalPage);IdtPlug-in.cpp:+const auto publication = Inkeys::UI::Ppt::ResolvePageStateForPublication(	full patch + H0 current shared-contract static review	PageControl::PptPageCommitState→RenderSurface 成功事务→AcknowledgePage→PPT/Draw3 target	静态审查未确认本项新缺陷；真实 GUI/设备行为未验证		static only; existing tests located, not independently run	fix: publish PPT end show page state
a6e575e08e7590f37a3aa9edf94117c4a1402a26	d21bee2d3a2b647ab41e2a171d6363823d78efee	2026-08-29T14:28:17+08:00	2026-08-29T14:28:17+08:00	bugfix/animation bugfix/eraser bugfix/pptui bugfix/settingui chore/publish dev draw feature/cursor feature/ui3-i18n origin/bugfix/eraser origin/dev origin/theme theme	yes	H0 reachable	ordinary/product-code/assets	Inkeys/Inkeys.rc;Inkeys/Inkeys/UI/Bar/Bar.Button.cpp;Inkeys/Inkeys/UI/PageControl/PageControl.cpp;Inkeys/Inkeys/UI/PageControl/PageControl.cppm;Inkeys/src/UI/barEndShow.svg;InkeysHeadlessTests/page_control_tests.cpp	"p1:10files:5583b0af5407602b | uniq=10 +78/-12 | @@ -259,0 +260 @@;@@ -261 +262,5 @@ | code_change=Bar.Button.cpp:+obj->icon.InitializationFromResource(L""UI"", L""barEndShow"");;Bar.Button.cpp:-obj->pngIcon.Initialization(0.0, 0.0);;Bar.Button.cpp:-(void)obj->pngIcon.InitializationFromResource(L""PNG"", L""ppt3"");"	full patch + H0 current shared-contract static review	PageControl::PptPageCommitState→RenderSurface 成功事务→AcknowledgePage→PPT/Draw3 target	静态审查未确认本项新缺陷；真实 GUI/设备行为未验证		static only; existing tests located, not independently run	fix: add PPT end show icon transitions
d21bee2d3a2b647ab41e2a171d6363823d78efee	0d029fc33c6d315efe1630be692f918545efb4c7	2026-08-28T20:49:52+08:00	2026-08-28T20:49:52+08:00	bugfix/animation bugfix/eraser bugfix/pptui bugfix/settingui chore/publish dev draw feature/cursor feature/ui3-i18n origin/bugfix/eraser origin/dev origin/theme theme	yes	H0 reachable	ordinary/product-code/assets	Inkeys/Inkeys/UI/PageControl/PageControl.cpp;Inkeys/Inkeys/UI/PageControl/PageControl.cppm;InkeysHeadlessTests/page_control_tests.cpp	p1:4files:e5b708a90e106dc6 | uniq=4 +37/-18 | @@ -330 +330 @@;@@ -604,0 +605,2 @@ | code_change=PageControl.cpp:+previous.iconAngle = ResolveDirectionIconAngle(;PageControl.cpp:+SurfaceFor(index), mode, false, false);;PageControl.cpp:+next.iconAngle = ResolveDirectionIconAngle(	full patch + focused current-code/test static review	PPT 左右箭头角度映射与测试	静态审查未确认新缺陷；可见 UI 行为需人工验证		static only; relevant UI not run	fix: correct PPT side arrow directions
0d029fc33c6d315efe1630be692f918545efb4c7	e674bb0720e59d457b13d790369b45b3d1d107fc	2026-08-27T23:46:01+08:00	2026-08-27T23:46:01+08:00	bugfix/animation bugfix/eraser bugfix/pptui bugfix/settingui chore/publish dev draw feature/cursor feature/ui3-i18n origin/bugfix/eraser origin/dev origin/theme theme	yes	H0 reachable	ordinary/product-code/assets	Inkeys/Inkeys/UI/Bar/Bar.Scene.cpp;Inkeys/Inkeys/UI/PageControl/PageControl.cpp;Inkeys/Inkeys/UI/PageControl/PageControl.cppm;InkeysHeadlessTests/page_control_tests.cpp	p1:8files:24a3a8f057174ce2 | uniq=8 +487/-57 | @@ -272,0 +273,43 @@;@@ -289 +332 @@ | code_change=Bar.Scene.cpp:-double opacity, double durationMilliseconds) noexcept;Bar.Scene.cpp:+double opacity, double durationSeconds) noexcept;Bar.Scene.cpp:-if (!std::isfinite(durationMilliseconds) || durationMilliseconds < 0.0)	full patch + H0 current shared-contract static review	PageControl::PptPageCommitState→RenderSurface 成功事务→AcknowledgePage→PPT/Draw3 target	静态审查未确认本项新缺陷；真实 GUI/设备行为未验证		static only; existing tests located, not independently run	fix: stabilize PPT page control input
e674bb0720e59d457b13d790369b45b3d1d107fc	3046639a266b3da4f3d396d48716fc488136ed01	2026-08-27T21:22:04+08:00	2026-08-27T21:22:04+08:00	bugfix/animation bugfix/eraser bugfix/pptui bugfix/settingui chore/publish dev draw feature/cursor feature/ui3-i18n origin/bugfix/eraser origin/dev origin/theme theme	yes	H0 reachable	ordinary/product-code/assets	Inkeys/IdtDrawpad.cpp;Inkeys/IdtMain.cpp;Inkeys/Inkeys/Drawing/Draw3/Draw3.DrawingController.cpp;Inkeys/Inkeys/Drawing/Draw3/Draw3.DrawingController.cppm;Inkeys/Inkeys/Drawing/Draw3/Draw3.Host.cpp;Inkeys/Inkeys/Drawing/Draw3/Draw3.Host.h;Inkeys/Inkeys/Drawing/Draw3/Draw3.Product.cpp;Inkeys/Inkeys/Drawing/Draw3/Draw3.Product.h	p1:24files:6be535f6b990231f | uniq=24 +423/-235 | @@ -57,0 +58,9 @@;@@ -64,0 +65 @@ | code_change=IdtDrawpad.cpp:-if (PptInfoState.TotalPage != -1 && !checkEndShowIsChecking);IdtDrawpad.cpp:-switch (pKeyInfo->vkCode);IdtDrawpad.cpp:-case VK_SPACE: // 空格键	full patch + H0 current shared-contract static review	Draw3 HostDrawingActivityState→DrawingController physical/quarantined contact notification	静态审查未确认本项新缺陷；真实 GUI/设备行为未验证		static only; existing tests located, not independently run	fix: restore PPT controls and drawing activity
3046639a266b3da4f3d396d48716fc488136ed01	579d1c5eb358d368a0e42a2fc298b13d2dbc3f38	2026-08-27T15:59:44+08:00	2026-08-27T15:59:44+08:00	bugfix/animation bugfix/eraser bugfix/pptui bugfix/settingui chore/publish dev draw feature/cursor feature/ui3-i18n origin/bugfix/eraser origin/dev origin/theme theme	yes	H0 reachable	ordinary/product-code/assets	Inkeys/Inkeys/UI/PageControl/PageControl.cpp;Inkeys/Inkeys/UI/PageControl/PageControl.cppm;InkeysHeadlessTests/page_control_tests.cpp	p1:7files:657c539eae723854 | uniq=7 +999/-77 | @@ -43 +43,2 @@;@@ -47 +48 @@ | code_change=PageControl.cpp:+constexpr auto DragCandidateTraceInterval = 100ms;;PageControl.cpp:+[[nodiscard]] const char* SurfaceName(std::size_t index) noexcept;PageControl.cpp:+constexpr std::array names{	full patch + focused current-code/test static review	PPT 控件拖拽 trace 与提交掩码纯逻辑	静态审查未确认新缺陷；可见 UI 行为需人工验证		static only; relevant UI not run	fix: smooth PPT page control dragging
579d1c5eb358d368a0e42a2fc298b13d2dbc3f38	74d8a87a71d56b8abd884552594e0db631ff96e6	2026-08-26T22:30:00+08:00	2026-08-26T22:30:00+08:00	bugfix/animation bugfix/eraser bugfix/pptui bugfix/settingui chore/publish dev draw feature/cursor feature/ui3-i18n origin/bugfix/eraser origin/dev origin/theme theme	yes	H0 reachable	ordinary/product-code/assets	Inkeys/IdtPlug-in.cpp;Inkeys/Inkeys/Drawing/Draw3/Draw3.Host.cpp;Inkeys/Inkeys/Drawing/Draw3/Draw3.Host.h;Inkeys/Inkeys/Drawing/Draw3/Draw3.Product.cpp;Inkeys/Inkeys/Drawing/Draw3/Draw3.Product.h;Inkeys/Inkeys/UI/Bar/Bar.Animation.cppm;Inkeys/Inkeys/UI/Bar/Bar.Scene.cpp;Inkeys/Inkeys/UI/Bar/Bar.Scene.cppm	p1:23files:cdf0565118768ba3 | uniq=23 +693/-117 | @@ -18,0 +19 @@;@@ -35,0 +37,3 @@ | code_change=IdtPlug-in.cpp:+constexpr auto PptPageStateCheckInterval = chrono::milliseconds(50);;IdtPlug-in.cpp:+constexpr auto PptVisibilityPublishInterval = chrono::milliseconds(500);;IdtPlug-in.cpp:-int requestedDraw3Page = -2;	full patch + H0 current shared-contract static review	PageControl::PptPageCommitState→RenderSurface 成功事务→AcknowledgePage→PPT/Draw3 target	静态审查未确认本项新缺陷；真实 GUI/设备行为未验证		static only; existing tests located, not independently run	fix: stabilize PPT page control interactions
74d8a87a71d56b8abd884552594e0db631ff96e6	7a9907e0860ec589fa5b442c61abf418066cee47	2026-08-26T16:55:55+08:00	2026-08-26T16:55:55+08:00	bugfix/animation bugfix/eraser bugfix/pptui bugfix/settingui chore/publish dev draw feature/cursor feature/ui3-i18n origin/bugfix/eraser origin/dev origin/theme theme	yes	H0 reachable	ordinary/product-code/assets	Inkeys/Inkeys/UI/Bar/Bar.Interaction.cpp;Inkeys/Inkeys/UI/Bar/Bar.Main.cppm;Inkeys/Inkeys/UI/Bar/Bar.Metrics.cppm;Inkeys/Inkeys/UI/Bar/Bar.RenderLoop.cpp;Inkeys/Inkeys/UI/Bar/Bar.Rendering.cpp;Inkeys/Inkeys/UI/Bar/Bar.Rendering.cppm;Inkeys/Inkeys/UI/Bar/Bar.Scene.cpp;Inkeys/Inkeys/UI/Bar/Bar.Scene.cppm	p1:16files:a7a4784b4de5fbab | uniq=16 +672/-317 | @@ -222,0 +223,8 @@;@@ -243,0 +252,5 @@ | code_change=Bar.Interaction.cpp:+constexpr UINT BarBorderCursorSurfacePointerMessage = WM_APP + 0x35;;Bar.Interaction.cpp:+namespace;Bar.Interaction.cpp:+constexpr std::array<Inkeys::Window::WindowRole, 4>	full patch + H0 current shared-contract static review	PageControl::PptPageCommitState→RenderSurface 成功事务→AcknowledgePage→PPT/Draw3 target	静态审查未确认本项新缺陷；真实 GUI/设备行为未验证		static only; existing tests located, not independently run	fix: align page controls and share cursor lighting
7a9907e0860ec589fa5b442c61abf418066cee47	421902912d8745a6dfc238a36ed5d326d3ea2f09	2026-08-25T01:17:31+08:00	2026-08-25T01:17:31+08:00	bugfix/animation bugfix/eraser bugfix/pptui bugfix/settingui chore/publish dev draw feature/cursor feature/ui3-i18n origin/bugfix/eraser origin/dev origin/theme theme	yes	H0 reachable	ordinary/product-code/assets	Inkeys/Inkeys/UI/Bar/Bar.Animation.cpp;Inkeys/Inkeys/UI/Bar/Bar.Interaction.cpp;Inkeys/Inkeys/UI/Bar/Bar.Main.cpp;Inkeys/Inkeys/UI/Bar/Bar.Main.cppm;Inkeys/Inkeys/UI/Bar/Bar.Metrics.cppm;Inkeys/Inkeys/UI/Bar/Bar.RenderLoop.cpp;Inkeys/Inkeys/UI/Bar/Bar.Rendering.cppm;Inkeys/Inkeys/UI/Bar/Bar.Scene.cpp	p1:20files:62cdf5bf7ca17609 | uniq=20 +1235/-525 | @@ -17,0 +18 @@;@@ -40,0 +42 @@ | code_change=Bar.Animation.cpp:-IdtAtomic<double> BarUiDefaultOperationDur = 0.4; // 默认操作过程时长 s;Bar.Animation.cpp:+IdtAtomic<double> BarUiDefaultOperationDur =;Bar.Animation.cpp:+BarButtonDefaultOperationDurationSeconds; // 默认操作过程时长 s	full patch + H0 current shared-contract static review	PageControl::PptPageCommitState→RenderSurface 成功事务→AcknowledgePage→PPT/Draw3 target	静态审查未确认本项新缺陷；真实 GUI/设备行为未验证		static only; existing tests located, not independently run	refactor: reuse bar visuals for page controls
421902912d8745a6dfc238a36ed5d326d3ea2f09	7c20946d3c3a6a21c9e9ee1d12a6921595453f50	2026-08-24T20:11:21+08:00	2026-08-24T20:11:21+08:00	bugfix/animation bugfix/eraser bugfix/pptui bugfix/settingui chore/publish dev draw feature/cursor feature/ui3-i18n origin/bugfix/eraser origin/dev origin/theme theme	yes	H0 reachable	ordinary/product-code/assets	Inkeys/Inkeys/UI/Bar/Bar.Rendering.cpp;Inkeys/Inkeys/UI/Bar/Bar.Rendering.cppm;Inkeys/Inkeys/UI/Bar/Bar.Scene.cpp	p1:3files:d76fd769932ea023 | uniq=3 +214/-19 | @@ -276 +276,7 @@;@@ -281 +287 @@ | code_change=Bar.Rendering.cpp:+void BarUIRendering::ResetSurfaceCursorLight() noexcept;Bar.Rendering.cpp:+frameCursorLight = D2D1::Point2F();;Bar.Rendering.cpp:+frameLocalCursorLight = D2D1::Point2F();	full patch + H0 current shared-contract static review	PageControl::PptPageCommitState→RenderSurface 成功事务→AcknowledgePage→PPT/Draw3 target	静态审查未确认本项新缺陷；真实 GUI/设备行为未验证		static only; existing tests located, not independently run	fix: enable PPT page control cursor lighting
7c20946d3c3a6a21c9e9ee1d12a6921595453f50	a98f72dc6d5c26ab6dcf43d49ff4148aeabbc462	2026-08-24T19:09:16+08:00	2026-08-24T19:09:16+08:00	bugfix/animation bugfix/eraser bugfix/pptui bugfix/settingui chore/publish dev draw feature/cursor feature/ui3-i18n origin/bugfix/eraser origin/dev origin/theme theme	yes	H0 reachable	ordinary/product-code/assets	Inkeys/Inkeys/UI/PageControl/PageControl.cpp;Inkeys/Inkeys/UI/PageControl/PageControl.cppm;InkeysHeadlessTests/page_control_tests.cpp	p1:4files:4d2557ac45757e83 | uniq=4 +278/-34 | @@ -235 +235 @@;@@ -29,0 +30 @@ | code_change=PageControl.cpp:+RECT appliedSceneBounds{};;PageControl.cpp:+float appliedSceneScale = 1.0F;;PageControl.cpp:+bool appliedSceneBoundsReady = false;	full patch + H0 current shared-contract static review	PageControl::PptPageCommitState→RenderSurface 成功事务→AcknowledgePage→PPT/Draw3 target	静态审查未确认本项新缺陷；真实 GUI/设备行为未验证		static only; existing tests located, not independently run	fix: align PPT page control dirty regions
a98f72dc6d5c26ab6dcf43d49ff4148aeabbc462	43d59ec36405e4d50bd911a3e2e3399985801bd1	2026-08-24T17:15:27+08:00	2026-08-24T17:15:27+08:00	bugfix/animation bugfix/eraser bugfix/pptui bugfix/settingui chore/publish dev draw feature/cursor feature/ui3-i18n origin/bugfix/eraser origin/dev origin/theme theme	yes	H0 reachable	ordinary/product-code/assets	Inkeys/Inkeys/UI/PageControl/PageControl.cpp;Inkeys/Inkeys/UI/PageControl/PageControl.cppm;Inkeys/Inkeys/UI/Ppt/Ppt.cpp;InkeysHeadlessTests/page_control_tests.cpp	p1:5files:87a910b4a855cb53 | uniq=5 +190/-16 | @@ -232,0 +233,3 @@;@@ -241,0 +245,3 @@ | code_change=PageControl.cpp:+std::atomic_uint64_t directMoveRevision = 1;;PageControl.cpp:+std::atomic_bool debugEnabled = false;;PageControl.cpp:-SIZE backingCapacity, bool forceFullReplacement) noexcept	full patch + H0 current shared-contract static review	PageControl::PptPageCommitState→RenderSurface 成功事务→AcknowledgePage→PPT/Draw3 target	静态审查未确认本项新缺陷；真实 GUI/设备行为未验证		static only; existing tests located, not independently run	fix: stabilize PPT page control windows
43d59ec36405e4d50bd911a3e2e3399985801bd1	56fbd21c9b16bea77dd2077aa935e2f75fb91cfc	2026-08-24T16:36:01+08:00	2026-08-24T16:36:01+08:00	bugfix/animation bugfix/eraser bugfix/pptui bugfix/settingui chore/publish dev draw feature/cursor feature/ui3-i18n origin/bugfix/eraser origin/dev origin/theme theme	yes	H0 reachable	ordinary/product-code/assets	Inkeys/IdtState.cpp;Inkeys/Inkeys/UI/PageControl/PageControl.cpp;Inkeys/Inkeys/UI/Ppt/Ppt.cpp;Inkeys/Inkeys/Window/Window.Legacy.cpp;Inkeys/Inkeys/Window/Window.cpp;InkeysHeadlessTests/window_tests.cpp	p1:13files:c766c74ba50bd43d | uniq=13 +950/-100 | @@ -1220 +1220,2 @@;@@ -1238,0 +1240,3 @@ | code_change=IdtState.cpp:+std::atomic_bool draw3PresentationRetryPending = false;;IdtState.cpp:+bool draw3PresentationFailureActive = false;;IdtState.cpp:+enum class Draw3PresentationReconcileResult : std::uint8_t	full patch + H0 current shared-contract static review	PageControl::PptPageCommitState→RenderSurface 成功事务→AcknowledgePage→PPT/Draw3 target	静态审查未确认本项新缺陷；真实 GUI/设备行为未验证		static only; existing tests located, not independently run	fix: recover overlay presentation z-order
56fbd21c9b16bea77dd2077aa935e2f75fb91cfc	6e2959f28d2573fcdf57af43bbffb5f5f0e009c7	2026-08-24T09:20:13+08:00	2026-08-24T09:20:13+08:00	bugfix/animation bugfix/eraser bugfix/pptui bugfix/settingui chore/publish dev draw feature/cursor feature/ui3-i18n origin/bugfix/eraser origin/dev origin/theme theme	yes	H0 reachable	ordinary/product-code/assets	Inkeys/IdtMagnification.cpp;Inkeys/IdtMain.cpp;Inkeys/IdtPlug-in.cpp;Inkeys/IdtState.cpp;Inkeys/Inkeys.vcxproj;Inkeys/Inkeys.vcxproj.filters;Inkeys/Inkeys/Other/Other.Config.cpp;Inkeys/Inkeys/Other/Other.Config.cppm	p1:47files:6aff087f874dc2bb | uniq=47 +3353/-2744 | @@ -137 +137,2 @@;@@ -171 +172,2 @@ | code_change=IdtMagnification.cpp:-Inkeys::Window::WindowRole::PptMiddleRight,;IdtMagnification.cpp:-Inkeys::Window::WindowRole::PptExitShow });IdtMagnification.cpp:+Inkeys::Window::WindowRole::PptMiddleRight })	full patch + H0 current shared-contract static review	PageControl::PptPageCommitState→RenderSurface 成功事务→AcknowledgePage→PPT/Draw3 target	静态审查未确认本项新缺陷；真实 GUI/设备行为未验证		static only; existing tests located, not independently run	feat: restyle PPT page controls
6e2959f28d2573fcdf57af43bbffb5f5f0e009c7	958982cc2c0ff0e8ef845c9f005ccfb86aca53fa	2026-08-24T00:10:56+08:00	2026-08-24T00:10:56+08:00	bugfix/animation bugfix/eraser bugfix/pptui bugfix/settingui chore/publish dev draw feature/cursor feature/ui3-i18n origin/bugfix/eraser origin/dev origin/theme theme	yes	H0 reachable	ordinary/documentation/task-state	docs/Trellis	p1:2files:30c44caa4ed3c5fb | uniq=2 +25/-1 | @@ -11,2 +11,2 @@;@@ -22 +22 @@	brief full patch/path/security-token scan	metadata only	仅 Trellis 文档/任务记录，未改产品代码；本项无确认产品缺陷		static diff only; runtime not applicable	chore: record journal
958982cc2c0ff0e8ef845c9f005ccfb86aca53fa	be95a7bf89265588346186dfd98444e618b5afc5	2026-08-24T00:10:24+08:00	2026-08-24T00:10:24+08:00	bugfix/animation bugfix/eraser bugfix/pptui bugfix/settingui chore/publish dev draw feature/cursor feature/ui3-i18n origin/bugfix/eraser origin/dev origin/theme theme	yes	H0 reachable	ordinary/documentation/task-state	docs/Trellis	p1:12files:b3474e18e4c89093 | uniq=12 +143/-94 | @@ -1 +0,0 @@;@@ -1,54 +0,0 @@	brief full patch/path/security-token scan	metadata only	仅 Trellis 文档/任务记录，未改产品代码；本项无确认产品缺陷		static diff only; runtime not applicable	chore(task): archive 08-23-shared-bottom-page-control-windows
be95a7bf89265588346186dfd98444e618b5afc5	19ea24416966b1394b77d1453148807a4649ecfb	2026-08-24T00:09:36+08:00	2026-08-24T00:09:36+08:00	bugfix/animation bugfix/eraser bugfix/pptui bugfix/settingui chore/publish dev draw feature/cursor feature/ui3-i18n origin/bugfix/eraser origin/dev origin/theme theme	yes	H0 reachable	ordinary/product-code/assets	Inkeys/IdtMain.cpp;Inkeys/IdtState.cpp;Inkeys/Inkeys/UI/Ppt/Ppt.cpp;Inkeys/Inkeys/UI/Whiteboard/Whiteboard.cpp;Inkeys/Inkeys/Window/Window.cpp;Inkeys/Inkeys/Window/Window.cppm;InkeysHeadlessTests/whiteboard_ui_tests.cpp;InkeysHeadlessTests/window_tests.cpp	p1:16files:b9b7787fd05da116 | uniq=16 +379/-127 | @@ -13 +13 @@;@@ -32 +32 @@ | code_change=IdtMain.cpp:-else if (role == Inkeys::Window::WindowRole::WhiteboardLeft ||;IdtMain.cpp:-role == Inkeys::Window::WindowRole::WhiteboardRight);IdtMain.cpp:-spec.width = 195;	full patch + H0 current shared-contract static review	BarPresentDecision/MappingTracker 与 BarWindowPresentationTransaction 成功提交、失败 Retry、底栏快照	静态审查未确认本项新缺陷；真实 GUI/设备行为未验证		static only; existing tests located, not independently run	feat: share bottom page control windows
19ea24416966b1394b77d1453148807a4649ecfb	78701a84d55921d19e9798b695fccf2f8268142a	2026-08-23T22:44:12+08:00	2026-08-23T22:44:12+08:00	bugfix/animation bugfix/eraser bugfix/pptui bugfix/settingui chore/publish dev draw feature/cursor feature/ui3-i18n origin/bugfix/eraser origin/dev origin/theme theme	yes	H0 reachable	ordinary/product-code/assets	Inkeys/Inkeys/UI/Bar/Bar.BottomDock.h;Inkeys/Inkeys/UI/Bar/Bar.Interaction.cpp;Inkeys/Inkeys/UI/Bar/Bar.Main.cppm;Inkeys/Inkeys/UI/Bar/Bar.PresentDecision.h;Inkeys/Inkeys/UI/Bar/Bar.RenderLoop.cpp;InkeysHeadlessTests/bar_bottom_dock_tests.cpp;InkeysHeadlessTests/present_decision_tests.cpp	p1:15files:bb36e28154455ffd | uniq=15 +470/-29 | @@ -354,0 +355,3 @@;@@ -362 +365 @@ | code_change=Bar.BottomDock.h:+struct BarBottomDockHitTestPoint;Bar.BottomDock.h:+double logicalX = 0.0;;Bar.BottomDock.h:+double logicalY = 0.0;	full patch + H0 current shared-contract static review	BarPresentDecision/MappingTracker 与 BarWindowPresentationTransaction 成功提交、失败 Retry、底栏快照	静态审查未确认本项新缺陷；真实 GUI/设备行为未验证		static only; existing tests located, not independently run	fix: stabilize UI3 bar drag presentation
78701a84d55921d19e9798b695fccf2f8268142a	90f91bdc331f3f3abad9907bdf1c8f3b23cb5edf	2026-08-23T21:52:03+08:00	2026-08-23T21:52:03+08:00	bugfix/animation bugfix/eraser bugfix/pptui bugfix/settingui chore/publish dev draw feature/cursor feature/ui3-i18n origin/bugfix/eraser origin/dev origin/theme theme	yes	H0 reachable	ordinary/documentation/task-state	docs/Trellis	p1:2files:bb08cea5d1f04fd9 | uniq=2 +25/-1 | @@ -11,2 +11,2 @@;@@ -22 +22 @@	brief full patch/path/security-token scan	metadata only	仅 Trellis 文档/任务记录，未改产品代码；本项无确认产品缺陷		static diff only; runtime not applicable	chore: record journal
90f91bdc331f3f3abad9907bdf1c8f3b23cb5edf	07849596001ed1c76ed55e0ddbd29af4b0f06760	2026-08-23T21:51:50+08:00	2026-08-23T21:51:50+08:00	bugfix/animation bugfix/eraser bugfix/pptui bugfix/settingui chore/publish dev draw feature/cursor feature/ui3-i18n origin/bugfix/eraser origin/dev origin/theme theme	yes	H0 reachable	ordinary/documentation/task-state	docs/Trellis	p1:16files:3467060986f24bb6 | uniq=16 +264/-217 | @@ -1,4 +0,0 @@;@@ -1,69 +0,0 @@	brief full patch/path/security-token scan	metadata only	仅 Trellis 文档/任务记录，未改产品代码；本项无确认产品缺陷		static diff only; runtime not applicable	chore(task): archive 08-23-ui3-centered-bar-collapse-animation-root-fix
07849596001ed1c76ed55e0ddbd29af4b0f06760	595121fbe17c084cda56a58fab27a966e1901281	2026-08-23T21:50:58+08:00	2026-08-23T21:50:58+08:00	bugfix/animation bugfix/eraser bugfix/pptui bugfix/settingui chore/publish dev draw feature/cursor feature/ui3-i18n origin/bugfix/eraser origin/dev origin/theme theme	yes	H0 reachable	ordinary/product-code/assets	Inkeys/Inkeys/UI/Bar/Bar.BottomDock.h;Inkeys/Inkeys/UI/Bar/Bar.Interaction.cpp;Inkeys/Inkeys/UI/Bar/Bar.Main.cppm;Inkeys/Inkeys/UI/Bar/Bar.RenderLoop.cpp;Inkeys/Inkeys/UI/Bar/Bar.State.cpp;InkeysHeadlessTests/animation_tests.cpp;InkeysHeadlessTests/bar_bottom_dock_tests.cpp	p1:17files:e4fc34e7172ed05d | uniq=17 +709/-577 | @@ -501,3 +501,5 @@;@@ -517,2 +519,5 @@ | code_change=Bar.BottomDock.h:+[[nodiscard]] inline bool ResolveBarBottomDockPositionMainBarSide(;Bar.BottomDock.h:+BarBottomDockCenterMode presentedCenterMode,;Bar.BottomDock.h:+double mainCenterX, double windowWidth, bool currentSide) noexcept	full patch + H0 current shared-contract static review	BarPresentDecision/MappingTracker 与 BarWindowPresentationTransaction 成功提交、失败 Retry、底栏快照	静态审查未确认本项新缺陷；真实 GUI/设备行为未验证		static only; existing tests located, not independently run	fix: derive centered bar root from animated geometry
595121fbe17c084cda56a58fab27a966e1901281	9a7d1f12748eec85321890f6e5361c000a682ad8	2026-08-23T11:47:03+08:00	2026-08-23T11:47:03+08:00	bugfix/animation bugfix/eraser bugfix/pptui bugfix/settingui chore/publish dev draw feature/cursor feature/ui3-i18n origin/bugfix/eraser origin/dev origin/theme theme	yes	H0 reachable	ordinary/product-code/assets	Inkeys/Inkeys/UI/Bar/Bar.BottomDock.h;Inkeys/Inkeys/UI/Bar/Bar.RenderLoop.cpp;InkeysHeadlessTests/bar_bottom_dock_tests.cpp	p1:7files:aec2ac5cc8db47a3 | uniq=7 +512/-35 | @@ -501 +501,3 @@;@@ -503,0 +506 @@ | code_change=Bar.BottomDock.h:+[[nodiscard]] inline bool ResolveBarBottomDockInitialMainBarSide(;Bar.BottomDock.h:+bool whiteboardPlacement, bool currentSide) noexcept;Bar.BottomDock.h:+return whiteboardPlacement ? currentSide : true;	full patch + H0 current shared-contract static review	BarPresentDecision/MappingTracker 与 BarWindowPresentationTransaction 成功提交、失败 Retry、底栏快照	静态审查未确认本项新缺陷；真实 GUI/设备行为未验证		static only; existing tests located, not independently run	fix: stabilize centered dock layout transactions
9a7d1f12748eec85321890f6e5361c000a682ad8	d76f4df2e10ba5083f570b5725f123bc39301414	2026-08-22T12:17:02+08:00	2026-08-22T12:17:02+08:00	bugfix/animation bugfix/eraser bugfix/pptui bugfix/settingui chore/publish dev draw feature/cursor feature/ui3-i18n origin/bugfix/eraser origin/dev origin/theme theme	yes	H0 reachable	ordinary/product-code/assets	Inkeys/Inkeys/UI/Bar/Bar.RenderLoop.cpp;InkeysHeadlessTests/bar_bottom_dock_tests.cpp	p1:6files:64676a223b8c740c | uniq=6 +43/-1 | @@ -502,0 +503 @@;@@ -47,0 +48,2 @@ | code_change=Bar.RenderLoop.cpp:+if (state.bottomDockTargetIndicatorTarget;Bar.RenderLoop.cpp:+|| state.bottomDockTargetIndicatorProgress.val > 0.000001;Bar.RenderLoop.cpp:+|| state.bottomDockTargetIndicatorBoundsVisible)	full patch + focused current-code/test static review	底栏 indicator 动画活动判定与离线测试	静态审查未确认新缺陷；可见 UI 行为需人工验证		static only; relevant UI not run	fix: track bottom dock indicator motion damage
d76f4df2e10ba5083f570b5725f123bc39301414	5a55106e2e370dc41087b164c235347f703878d4	2026-08-22T11:44:58+08:00	2026-08-22T11:44:58+08:00	bugfix/animation bugfix/eraser bugfix/pptui bugfix/settingui chore/publish dev draw feature/cursor feature/ui3-i18n origin/bugfix/eraser origin/dev origin/theme theme	yes	H0 reachable	ordinary/product-code/assets	Inkeys/Inkeys/UI/Bar/Bar.BottomDock.h;Inkeys/Inkeys/UI/Bar/Bar.Interaction.cpp;Inkeys/Inkeys/UI/Bar/Bar.Main.cppm;Inkeys/Inkeys/UI/Bar/Bar.RenderLoop.cpp;InkeysHeadlessTests/bar_bottom_dock_tests.cpp	p1:9files:1558f098f66a1fb6 | uniq=9 +291/-72 | @@ -497 +497 @@;@@ -501,2 +501,2 @@ | code_change=Bar.BottomDock.h:-inline constexpr double BarBottomDockThresholdDip = 20.0;;Bar.BottomDock.h:+inline constexpr double BarBottomDockThresholdDip = 20.0;;Bar.BottomDock.h:+inline constexpr double BarBottomDockCenterThresholdDip = 40.0;	full patch + H0 current shared-contract static review	BarPresentDecision/MappingTracker 与 BarWindowPresentationTransaction 成功提交、失败 Retry、底栏快照	静态审查未确认本项新缺陷；真实 GUI/设备行为未验证		static only; existing tests located, not independently run	fix: refine bottom dock feedback and centering
5a55106e2e370dc41087b164c235347f703878d4	8c478efaa492e96039e515b50c509c2e3574852a	2026-08-22T08:54:04+08:00	2026-08-22T08:54:04+08:00	bugfix/animation bugfix/eraser bugfix/pptui bugfix/settingui chore/publish dev draw feature/cursor feature/ui3-i18n origin/bugfix/eraser origin/dev origin/theme theme	yes	H0 reachable	ordinary/product-code/assets	Inkeys/Inkeys/UI/Bar/Bar.BottomDock.h;Inkeys/Inkeys/UI/Bar/Bar.Interaction.cpp;Inkeys/Inkeys/UI/Bar/Bar.Main.cppm;Inkeys/Inkeys/UI/Bar/Bar.RenderLoop.cpp;InkeysHeadlessTests/bar_bottom_dock_tests.cpp	p1:9files:aada7a066828f370 | uniq=9 +319/-151 | @@ -499,2 +499,2 @@;@@ -502 +502 @@ | code_change=Bar.BottomDock.h:-else if (centerDetached || !verticallyDocked);Bar.BottomDock.h:+else if (!verticallyDocked);Bar.BottomDock.h:+(void)centerDetached;	full patch + H0 current shared-contract static review	BarPresentDecision/MappingTracker 与 BarWindowPresentationTransaction 成功提交、失败 Retry、底栏快照	静态审查未确认本项新缺陷；真实 GUI/设备行为未验证		static only; existing tests located, not independently run	fix: refine bottom dock center jelly
8c478efaa492e96039e515b50c509c2e3574852a	6c9a20ec9687b1873c91046a430a46cc6768e6a1	2026-08-21T19:56:44+08:00	2026-08-21T19:56:44+08:00	bugfix/animation bugfix/eraser bugfix/pptui bugfix/settingui chore/publish dev draw feature/cursor feature/ui3-i18n origin/bugfix/eraser origin/dev origin/theme theme	yes	H0 reachable	ordinary/product-code/assets	Inkeys/Inkeys/UI/Bar/Bar.BottomDock.h;Inkeys/Inkeys/UI/Bar/Bar.Interaction.cpp;Inkeys/Inkeys/UI/Bar/Bar.RenderLoop.cpp;InkeysHeadlessTests/bar_bottom_dock_tests.cpp	p1:8files:a15127347b192b7c | uniq=8 +421/-84 | @@ -500 +500 @@;@@ -502 +502 @@ | code_change=Bar.BottomDock.h:+enum class BarBottomDockIndicatorContentAction;Bar.BottomDock.h:+None,;Bar.BottomDock.h:+ExpandFrame,	full patch + H0 current shared-contract static review	BarPresentDecision/MappingTracker 与 BarWindowPresentationTransaction 成功提交、失败 Retry、底栏快照	静态审查未确认本项新缺陷；真实 GUI/设备行为未验证		static only; existing tests located, not independently run	feat: refine bottom dock center snapping
6c9a20ec9687b1873c91046a430a46cc6768e6a1	ea7da6502e1916b8228c505cc27853f6e1a65079	2026-08-21T18:44:41+08:00	2026-08-21T18:44:41+08:00	bugfix/animation bugfix/eraser bugfix/pptui bugfix/settingui chore/publish dev draw feature/cursor feature/ui3-i18n origin/bugfix/eraser origin/dev origin/theme theme	yes	H0 reachable	ordinary/product-code/assets	Inkeys/Inkeys/UI/Bar/Bar.BottomDock.h;Inkeys/Inkeys/UI/Bar/Bar.Interaction.cpp;Inkeys/Inkeys/UI/Bar/Bar.Main.cppm;Inkeys/Inkeys/UI/Bar/Bar.RenderLoop.cpp;InkeysHeadlessTests/bar_bottom_dock_tests.cpp	p1:9files:b6255290db32757a | uniq=9 +1147/-96 | @@ -478,0 +479,54 @@;@@ -5 +5 @@ | code_change=Bar.BottomDock.h:+enum class BarBottomDockCenterMode;Bar.BottomDock.h:+Free,;Bar.BottomDock.h:+Centered,	full patch + H0 current shared-contract static review	BarPresentDecision/MappingTracker 与 BarWindowPresentationTransaction 成功提交、失败 Retry、底栏快照	静态审查未确认本项新缺陷；真实 GUI/设备行为未验证		static only; existing tests located, not independently run	feat: add bottom dock center snapping
ea7da6502e1916b8228c505cc27853f6e1a65079	f41fd3e2bc7466df15d1a5916f2f4ca1a0e22363	2026-08-21T16:44:21+08:00	2026-08-21T16:44:21+08:00	bugfix/animation bugfix/eraser bugfix/pptui bugfix/settingui chore/publish dev draw feature/cursor feature/ui3-i18n origin/bugfix/eraser origin/dev origin/theme theme	yes	H0 reachable	ordinary/product-code/assets	Inkeys/Inkeys/UI/Bar/Bar.BottomDock.h;Inkeys/Inkeys/UI/Bar/Bar.RenderLoop.cpp;InkeysHeadlessTests/bar_bottom_dock_tests.cpp	p1:6files:43759d72a8774951 | uniq=6 +103/-60 | @@ -20 +20 @@;@@ -32 +32 @@ | code_change=Bar.BottomDock.h:-inline constexpr double BarBottomDockFeedbackFadeInSeconds = 0.16;;Bar.BottomDock.h:-inline constexpr double BarBottomDockFeedbackFadeOutSeconds = 0.20;;Bar.BottomDock.h:+[[nodiscard]] inline RECT ResolveBarBottomDockIndicatorVisualEnvelope(	full patch + H0 current shared-contract static review	BarPresentDecision/MappingTracker 与 BarWindowPresentationTransaction 成功提交、失败 Retry、底栏快照	静态审查未确认本项新缺陷；真实 GUI/设备行为未验证		static only; existing tests located, not independently run	fix: refine bottom dock indicator feedback
f41fd3e2bc7466df15d1a5916f2f4ca1a0e22363	0c38b92bab1601f5d780cb6eeebb1ddea7c08300	2026-08-21T14:27:52+08:00	2026-08-21T14:27:52+08:00	bugfix/animation bugfix/eraser bugfix/pptui bugfix/settingui chore/publish dev draw feature/cursor feature/ui3-i18n origin/bugfix/eraser origin/dev origin/theme theme	yes	H0 reachable	ordinary/product-code/assets	Inkeys/Inkeys/UI/Bar/Bar.BottomDock.h;Inkeys/Inkeys/UI/Bar/Bar.Interaction.cpp;Inkeys/Inkeys/UI/Bar/Bar.Main.cppm;Inkeys/Inkeys/UI/Bar/Bar.RenderLoop.cpp;InkeysHeadlessTests/bar_bottom_dock_tests.cpp	p1:8files:cf0642d321137598 | uniq=8 +260/-89 | @@ -20 +20 @@;@@ -22 +22 @@ | code_change=Bar.BottomDock.h:-inline constexpr double BarBottomDockIndicatorTopInsetDip = 5.0;;Bar.BottomDock.h:-inline constexpr double BarBottomDockIndicatorHeightDip = 20.0;;Bar.BottomDock.h:+inline constexpr double BarBottomDockIndicatorHeightDip = 30.0;	full patch + H0 current shared-contract static review	BarPresentDecision/MappingTracker 与 BarWindowPresentationTransaction 成功提交、失败 Retry、底栏快照	静态审查未确认本项新缺陷；真实 GUI/设备行为未验证		static only; existing tests located, not independently run	feat: refine bottom dock mode indicator
0c38b92bab1601f5d780cb6eeebb1ddea7c08300	89dcb51040a54fecb3bd21a8637ae877d2a2d0b4	2026-08-21T11:43:24+08:00	2026-08-21T11:43:24+08:00	bugfix/animation bugfix/eraser bugfix/pptui bugfix/settingui chore/publish dev draw feature/cursor feature/ui3-i18n origin/bugfix/eraser origin/dev origin/theme theme	yes	H0 reachable	ordinary/product-code/assets	Inkeys/Inkeys/UI/Bar/Bar.BottomDock.h;Inkeys/Inkeys/UI/Bar/Bar.Interaction.cpp;Inkeys/Inkeys/UI/Bar/Bar.Main.cppm;Inkeys/Inkeys/UI/Bar/Bar.RenderLoop.cpp;InkeysHeadlessTests/bar_bottom_dock_tests.cpp	p1:10files:d12df72a8badd011 | uniq=10 +71/-426 | @@ -371 +371 @@;@@ -390 +389,0 @@ | code_change=Bar.BottomDock.h:-inline constexpr double BarBottomDockFeedbackOutsetDip = 10.0;;Bar.BottomDock.h:-inline constexpr double BarBottomDockBackgroundCornerRadiusDip = 10.0;;Bar.BottomDock.h:-inline constexpr double BarBottomDockBackgroundPeakOpacity = 0.18;	full patch + H0 current shared-contract static review	BarPresentDecision/MappingTracker 与 BarWindowPresentationTransaction 成功提交、失败 Retry、底栏快照	静态审查未确认本项新缺陷；真实 GUI/设备行为未验证		static only; existing tests located, not independently run	refactor: remove bottom dock background
89dcb51040a54fecb3bd21a8637ae877d2a2d0b4	b64f6303d9f480f9f96343c410f97aaf1c18a013	2026-08-21T10:28:44+08:00	2026-08-21T10:28:44+08:00	bugfix/animation bugfix/eraser bugfix/pptui bugfix/settingui chore/publish dev draw feature/cursor feature/ui3-i18n origin/bugfix/eraser origin/dev origin/theme theme	yes	H0 reachable	ordinary/product-code/assets	Inkeys/Inkeys/UI/Bar/Bar.BottomDock.h;Inkeys/Inkeys/UI/Bar/Bar.Interaction.cpp;Inkeys/Inkeys/UI/Bar/Bar.Main.cppm;Inkeys/Inkeys/UI/Bar/Bar.RenderLoop.cpp;InkeysHeadlessTests/bar_bottom_dock_tests.cpp	p1:7files:7491a839ca2c1717 | uniq=7 +236/-19 | @@ -479,0 +480,58 @@;@@ -0,0 +1,108 @@ | code_change=Bar.BottomDock.h:-BarBottomDockMode previousMode, BarBottomDockMode currentMode,;Bar.BottomDock.h:-BarBottomDockPhase currentPhase, bool dragActive,;Bar.BottomDock.h:-bool springActive, bool captureLatched) noexcept	full patch + H0 current shared-contract static review	BarPresentDecision/MappingTracker 与 BarWindowPresentationTransaction 成功提交、失败 Retry、底栏快照	静态审查未确认本项新缺陷；真实 GUI/设备行为未验证		static only; existing tests located, not independently run	fix: preserve bottom dock capture feedback
b64f6303d9f480f9f96343c410f97aaf1c18a013	139d2fb7b7fd4321b63c990620d064bc99ced70a	2026-08-21T07:54:18+08:00	2026-08-21T07:54:18+08:00	bugfix/animation bugfix/eraser bugfix/pptui bugfix/settingui chore/publish dev draw feature/cursor feature/ui3-i18n origin/bugfix/eraser origin/dev origin/theme theme	yes	H0 reachable	ordinary/product-code/assets	Inkeys/IdtI18nKeys.g.h;Inkeys/Inkeys/UI/Bar/Bar.BottomDock.h;Inkeys/Inkeys/UI/Bar/Bar.Interaction.cpp;Inkeys/Inkeys/UI/Bar/Bar.Main.cppm;Inkeys/Inkeys/UI/Bar/Bar.PresentDecision.h;Inkeys/Inkeys/UI/Bar/Bar.RenderLoop.cpp;Inkeys/src/i18n/en-US.jsonc;Inkeys/src/i18n/zh-CN.jsonc	p1:19files:094b14ea5c9a4bac | uniq=19 +997/-263 | @@ -342,0 +343,13 @@;@@ -349 +362 @@ | code_change=Bar.BottomDock.h:-inline constexpr double BarBottomDockTargetIndicatorOutsetDip = 3.0;;Bar.BottomDock.h:-inline constexpr double BarBottomDockTargetIndicatorHeightDip = 80.0;;Bar.BottomDock.h:-inline constexpr double BarBottomDockTargetIndicatorCornerRadiusDip = 8.0;	full patch + H0 current shared-contract static review	BarPresentDecision/MappingTracker 与 BarWindowPresentationTransaction 成功提交、失败 Retry、底栏快照	静态审查未确认本项新缺陷；真实 GUI/设备行为未验证		static only; existing tests located, not independently run	feat: improve bottom dock feedback
139d2fb7b7fd4321b63c990620d064bc99ced70a	75c54c0d498d794212d05b2ccb368659c4f04bca	2026-08-20T20:47:28+08:00	2026-08-20T20:47:28+08:00	bugfix/animation bugfix/eraser bugfix/pptui bugfix/settingui chore/publish dev draw feature/cursor feature/recognition feature/ui3-i18n origin/bugfix/eraser origin/dev origin/feature/recognition origin/theme theme	yes	H0 reachable	ordinary/documentation/task-state	docs/Trellis	p1:2files:6a8bfe5e9d72c862 | uniq=2 +24/-1 | @@ -11 +11 @@;@@ -22 +22 @@	brief full patch/path/security-token scan	metadata only	仅 Trellis 文档/任务记录，未改产品代码；本项无确认产品缺陷		static diff only; runtime not applicable	chore: record journal
75c54c0d498d794212d05b2ccb368659c4f04bca	b690bc19342ab440e8e9c0cc81444e76085a930b	2026-08-20T20:46:53+08:00	2026-08-20T20:46:53+08:00	bugfix/animation bugfix/eraser bugfix/pptui bugfix/settingui chore/publish dev draw feature/cursor feature/recognition feature/ui3-i18n origin/bugfix/eraser origin/dev origin/feature/recognition origin/theme theme	yes	H0 reachable	ordinary/product-code/assets	Inkeys/IdtPlug-in.cpp;Inkeys/IdtState.cpp;Inkeys/IdtState.h;Inkeys/Inkeys.vcxproj;Inkeys/Inkeys.vcxproj.filters;Inkeys/Inkeys/Business/PenToolState.hpp;Inkeys/Inkeys/UI/Bar/Bar.Button.cpp;Inkeys/Inkeys/UI/Bar/Bar.Interaction.cpp	p1:12files:0dc8473f967dfeaa | uniq=12 +80/-48 | @@ -94 +94 @@;@@ -108,0 +109 @@ | code_change=IdtPlug-in.cpp:+stateMode.laserActive = false;;IdtPlug-in.cpp:+stateMode.Pen.ModeSelect = PenModeSelectEnum::IdtPenBrush1;;IdtPlug-in.cpp:-if (res)	full diff + current caller/callee/failure-path static review	Bar pen-mode direct writes remain alongside new IdtState PPT revision transaction	当前代码确认 AUD-B1-003：Bar 裸写与 PPT 锁内写竞争	AUD-B1-003	static only; relevant headless/GUI execution not independently run	fix: preserve selected pen across tool toggles
b690bc19342ab440e8e9c0cc81444e76085a930b	88113f097be7ed9a564cc2321544ff6c654f9ebc	2026-08-20T20:15:26+08:00	2026-08-20T20:15:26+08:00	bugfix/animation bugfix/eraser bugfix/pptui bugfix/settingui chore/publish dev draw feature/cursor feature/recognition feature/ui3-i18n origin/bugfix/eraser origin/dev origin/feature/recognition origin/theme theme	yes	H0 reachable	ordinary/product-code/assets	Inkeys/Inkeys/UI/Bar/Bar.Button.cpp;Inkeys/Inkeys/UI/Bar/Bar.ToggleClickCoalescer.cppm;InkeysHeadlessTests/toggle_click_coalescer_tests.cpp	p1:4files:2eb95055f11c1793 | uniq=4 +43/-6 | @@ -849,0 +850 @@;@@ -851 +852 @@ | code_change=Bar.Button.cpp:+using Inkeys::UI::Bar::ResolveBarDrawButtonToggleDecision;;Bar.Button.cpp:-if (stateMode.laserActive);Bar.Button.cpp:+if (!barUISet.TryBeginToggle(	full patch + H0 current shared-contract static review	H0 Bar.ToggleClickCoalescer draw attribute visibility decision	静态审查未确认本项新缺陷；真实输入/视觉行为未验证		static only; tests located, not independently run	fix: preserve laser when closing draw attributes
88113f097be7ed9a564cc2321544ff6c654f9ebc	07fcb1c3642d8ac080154de63ad1dbce16e85eb7	2026-08-20T20:03:08+08:00	2026-08-20T20:03:08+08:00	bugfix/animation bugfix/eraser bugfix/pptui bugfix/settingui chore/publish dev draw feature/cursor feature/recognition feature/ui3-i18n origin/bugfix/eraser origin/dev origin/feature/recognition origin/theme theme	yes	H0 reachable	ordinary/product-code/assets	Inkeys/Inkeys/UI/Bar/Bar.Button.cpp	p1:1files:436d4712cdab694e | uniq=1 +0/-12 | @@ -757,12 +756,0 @@ | code_change=Bar.Button.cpp:-static int lastToolStateKey = -1;;Bar.Button.cpp:-const int toolStateKey =;Bar.Button.cpp:-(static_cast<int>(stateMode.StateModeSelect) << 8)	full patch + focused current-code/test static review	移除属性栏切笔时关闭面板的旧分支	静态审查未确认新缺陷；可见 UI 行为需人工验证		static only; relevant UI not run	fix: preserve draw attribute panel on pen changes
07fcb1c3642d8ac080154de63ad1dbce16e85eb7	5b639968845a8d1bc9abdaf285cd81fc652ccf1b e184dbc37b338b82e39f85d6e64da62aeb9974c4	2026-08-20T19:46:00+08:00	2026-08-20T19:46:00+08:00	bugfix/animation bugfix/eraser bugfix/pptui bugfix/settingui chore/publish dev draw feature/cursor feature/recognition feature/ui3-i18n origin/bugfix/eraser origin/dev origin/feature/recognition origin/theme theme	yes	H0 reachable	merge/import-integration	Inkeys/IdtFreezeFrame.cpp;Inkeys/IdtFreezeFrame.h;Inkeys/IdtMain.cpp;Inkeys/IdtPlug-in.cpp;Inkeys/IdtState.cpp;Inkeys/IdtState.h;Inkeys/Inkeys.rc;Inkeys/Inkeys.vcxproj	p1:63files:323ee64acd74bfa6 | p2:102files:599288b2dae7b6e7 | uniq=148 +8862/-1268 | @@ -156,0 +157,62 @@;@@ -37 +37 @@	two-parent full patch indexed; remerge-diff empty	Inkeys/IdtFreezeFrame.cpp;Inkeys/IdtFreezeFrame.h;Inkeys/IdtMain.cpp;Inkeys/IdtPlug-in.cpp;Inkeys/IdtState.cpp	合并自身无独立冲突解决；分支内容在各 SHA 单审		git --remerge-diff static check; runtime not run	Merge branch 'feature/whiteboard' into draw
e184dbc37b338b82e39f85d6e64da62aeb9974c4	f375df9f9c226cce1ab65061b66902b4aa5f50ec	2026-08-20T17:40:18+08:00	2026-08-20T17:40:18+08:00	bugfix/animation bugfix/eraser bugfix/pptui bugfix/settingui chore/publish dev draw feature/cursor feature/recognition feature/ui3-i18n origin/bugfix/eraser origin/dev origin/feature/recognition origin/theme theme	yes	H0 reachable	ordinary/documentation/task-state	docs/Trellis	p1:7files:3e6a71e34b000512 | uniq=7 +271/-26 | @@ -156,0 +157,62 @@;@@ -37 +37 @@	brief full patch/path/security-token scan	metadata only	仅 Trellis 文档/任务记录，未改产品代码；本项无确认产品缺陷		static diff only; runtime not applicable	Add Whiteboard contracts and D2D/GDI rules
f375df9f9c226cce1ab65061b66902b4aa5f50ec	584b420804b47ae9c792ce8ffadd4322b50da86b	2026-08-20T14:55:34+08:00	2026-08-20T14:55:34+08:00	bugfix/animation bugfix/eraser bugfix/pptui bugfix/settingui chore/publish dev draw feature/cursor feature/recognition feature/ui3-i18n origin/bugfix/eraser origin/dev origin/feature/recognition origin/theme theme	yes	H0 reachable	ordinary/trellis-workflow	Trellis scripts/hooks/skills	p1:21files:922624df04875896 | uniq=21 +602/-182 | @@ -38 +38,12 @@;@@ -64,0 +65,8 @@	full patch classified; Trellis workflow code, auto-commit path checked	.trellis/scripts/task.py archive --no-commit; add_session.py --no-commit / session_auto_commit	非产品运行时；确认正式禁用自动提交路径；未确认本项发布代码问题		static only; task archive not run	update trellis
584b420804b47ae9c792ce8ffadd4322b50da86b	2e21bf87b7d4e814740cb4a1d7e841d04cbc2739	2026-08-20T14:51:20+08:00	2026-08-20T14:51:20+08:00	bugfix/animation bugfix/eraser bugfix/pptui bugfix/settingui chore/publish dev draw feature/cursor feature/recognition feature/ui3-i18n origin/bugfix/eraser origin/dev origin/feature/recognition origin/theme theme	yes	H0 reachable	ordinary/product-code/assets	Inkeys/IdtState.cpp;Inkeys/Inkeys/UI/Bar/Bar.Main.cpp;Inkeys/Inkeys/UI/Bar/Bar.RenderLoop.cpp;Inkeys/Inkeys/UI/Whiteboard/Whiteboard.cpp;Inkeys/Inkeys/Window/Window.cpp	p1:5files:85da246650654973 | uniq=5 +37/-8 | @@ -461 +460,0 @@;@@ -462,0 +462 @@ | code_change=IdtState.cpp:-(void)service.SetOverlayTopmost(true);;IdtState.cpp:+(void)service.SetOverlayTopmost(true);;IdtState.cpp:+(void)service.SetClickThrough(	full patch + H0 current caller/callee/failure-path static review	H0 IsWhiteboardFeatureEnabled=false gates Initialize/Request; shared Bar scene, Draw3 host and Window callbacks	静态审查未确认本项新缺陷；真机/GUI 路径仍未验证		static only; targeted tests located, not independently run	fix(ui3): harden whiteboard lifecycle transitions
2e21bf87b7d4e814740cb4a1d7e841d04cbc2739	341b66327806c7d75fd0b029e54344c5e180ce5c	2026-08-20T08:56:26+08:00	2026-08-20T08:56:26+08:00	bugfix/animation bugfix/eraser bugfix/pptui bugfix/settingui chore/publish dev draw feature/cursor feature/recognition feature/ui3-i18n origin/bugfix/eraser origin/dev origin/feature/recognition origin/theme theme	yes	H0 reachable	ordinary/product-code/assets	Inkeys/IdtMain.cpp;Inkeys/IdtState.cpp;Inkeys/Inkeys/Drawing/Draw3/Draw3.Host.cpp;Inkeys/Inkeys/Drawing/Draw3/Draw3.Host.h;Inkeys/Inkeys/Drawing/Draw3/Draw3.Product.cpp;Inkeys/Inkeys/Drawing/Draw3/Draw3.Product.h;Inkeys/Inkeys/Drawing/Draw3/Draw3.WindowControl.cpp;Inkeys/Inkeys/Drawing/Draw3/Draw3.WindowControl.cppm	p1:22files:2b5bd7a5e1702b59 | uniq=22 +981/-118 | @@ -1428 +1428 @@;@@ -94,0 +95,20 @@ | code_change=IdtMain.cpp:-DefWindowProcW, WS_EX_TRANSPARENT, {});;IdtMain.cpp:+nullptr, WS_EX_TRANSPARENT, {});;IdtState.cpp:+[[nodiscard]] bool Draw3WorkspaceReady(	full patch + H0 current caller/callee/failure-path static review	H0 IsWhiteboardFeatureEnabled=false gates Initialize/Request; shared Bar scene, Draw3 host and Window callbacks	静态审查未确认本项新缺陷；真机/GUI 路径仍未验证		static only; targeted tests located, not independently run	chore(ui3): checkpoint whiteboard lifecycle changes
341b66327806c7d75fd0b029e54344c5e180ce5c	02102c8dcbc653369f624f73a34a35e9d764ef90	2026-08-19T22:05:32+08:00	2026-08-19T22:05:32+08:00	bugfix/animation bugfix/eraser bugfix/pptui bugfix/settingui chore/publish dev draw feature/cursor feature/recognition feature/ui3-i18n origin/bugfix/eraser origin/dev origin/feature/recognition origin/theme theme	yes	H0 reachable	ordinary/product-code/assets	Inkeys/Inkeys/UI/Bar/Bar.RenderLoop.cpp;Inkeys/Inkeys/UI/Bar/Bar.Scene.cpp;Inkeys/Inkeys/UI/Bar/Bar.Scene.cppm;Inkeys/Inkeys/UI/Whiteboard/Whiteboard.cpp;Inkeys/Inkeys/UI/Whiteboard/Whiteboard.cppm;InkeysHeadlessTests/whiteboard_ui_tests.cpp	p1:6files:d8b65aa598249c23 | uniq=6 +186/-50 | @@ -2531,2 +2530,0 @@;@@ -282 +282 @@ | code_change=Bar.RenderLoop.cpp:-state.barState.drawAttribute = true;;Bar.RenderLoop.cpp:-state.barState.geometryAttribute = false;;Bar.Scene.cpp:-&& widget->spec.selected;	full patch + H0 current caller/callee/failure-path static review	H0 IsWhiteboardFeatureEnabled=false gates Initialize/Request; shared Bar scene, Draw3 host and Window callbacks	静态审查未确认本项新缺陷；真机/GUI 路径仍未验证		static only; targeted tests located, not independently run	fix(ui3): separate whiteboard paging input lock
02102c8dcbc653369f624f73a34a35e9d764ef90	436f9a90099eee6ab78e1a11bb29b87a0ac028ec	2026-08-19T19:42:10+08:00	2026-08-19T19:42:10+08:00	bugfix/animation bugfix/eraser bugfix/pptui bugfix/settingui chore/publish dev draw feature/cursor feature/recognition feature/ui3-i18n origin/bugfix/eraser origin/dev origin/feature/recognition origin/theme theme	yes	H0 reachable	ordinary/product-code/assets	Inkeys/Inkeys/UI/Bar/Bar.Button.cpp;Inkeys/Inkeys/UI/Bar/Bar.Interaction.cpp;Inkeys/Inkeys/UI/Bar/Bar.Main.cpp;Inkeys/Inkeys/UI/Bar/Bar.Main.cppm;Inkeys/Inkeys/UI/Bar/Bar.Scene.cpp;Inkeys/Inkeys/UI/Whiteboard/Whiteboard.cppm;Inkeys/src/UI/barAdd.svg;InkeysHeadlessTests/whiteboard_ui_tests.cpp	p1:8files:aa7a73fd349d448a | uniq=8 +44/-12 | @@ -756,0 +757,12 @@;@@ -973,0 +974,11 @@ | code_change=Bar.Button.cpp:+static int lastToolStateKey = -1;;Bar.Button.cpp:+const int toolStateKey =;Bar.Button.cpp:+(static_cast<int>(stateMode.StateModeSelect) << 8)	full patch + H0 current caller/callee/failure-path static review	H0 IsWhiteboardFeatureEnabled=false gates Initialize/Request; shared Bar scene, Draw3 host and Window callbacks	静态审查未确认本项新缺陷；真机/GUI 路径仍未验证		static only; targeted tests located, not independently run	fix(ui3): stabilize whiteboard paging state transitions
436f9a90099eee6ab78e1a11bb29b87a0ac028ec	786212ccce1033b6432a1ac8d6bfe145fa11ac42	2026-08-19T19:05:18+08:00	2026-08-19T19:05:18+08:00	bugfix/animation bugfix/eraser bugfix/pptui bugfix/settingui chore/publish dev draw feature/cursor feature/recognition feature/ui3-i18n origin/bugfix/eraser origin/dev origin/feature/recognition origin/theme theme	yes	H0 reachable	ordinary/product-code/assets	Inkeys/Inkeys.rc;Inkeys/Inkeys/UI/Bar/Bar.Button.cpp;Inkeys/Inkeys/UI/Bar/Bar.Main.cpp;Inkeys/Inkeys/UI/Bar/Bar.Scene.cpp;Inkeys/Inkeys/UI/Bar/Bar.Scene.cppm;Inkeys/Inkeys/UI/Whiteboard/Whiteboard.cpp;Inkeys/Inkeys/UI/Whiteboard/Whiteboard.cppm;Inkeys/src/UI/barAdd.svg	p1:9files:9e6f3fea6495d1e1 | uniq=9 +80/-19 | @@ -339,0 +340,2 @@;@@ -1198,6 +1198,2 @@ | code_change=Bar.Button.cpp:-if (whiteboard);Bar.Button.cpp:-barUISet.barState.drawAttribute = !barUISet.barState.fold;;Bar.Button.cpp:-barUISet.barState.geometryAttribute = false;	full patch + H0 current caller/callee/failure-path static review	H0 IsWhiteboardFeatureEnabled=false gates Initialize/Request; shared Bar scene, Draw3 host and Window callbacks	静态审查未确认本项新缺陷；真机/GUI 路径仍未验证		static only; targeted tests located, not independently run	fix(ui3): stabilize whiteboard paging controls
786212ccce1033b6432a1ac8d6bfe145fa11ac42	d88aef17063e5c4b6c2f8d564cb4d151a1f9d894	2026-08-19T16:32:58+08:00	2026-08-19T16:32:58+08:00	bugfix/animation bugfix/eraser bugfix/pptui bugfix/settingui chore/publish dev draw feature/cursor feature/recognition feature/ui3-i18n origin/bugfix/eraser origin/dev origin/feature/recognition origin/theme theme	yes	H0 reachable	ordinary/product-code/assets	Inkeys/Inkeys/UI/Bar/Bar.Scene.cpp	p1:1files:3f34f42477d3d2ac | uniq=1 +6/-5 | @@ -401,5 +401,6 @@ | code_change=Bar.Scene.cpp:-widget.button->icon.SetWH(;Bar.Scene.cpp:-std::isfinite(widget.spec.iconSizeDip);Bar.Scene.cpp:-? widget.spec.iconSizeDip : BarButtonTwoTwoIconSizeDip,	full patch + focused current-code/test static review	白板分页 SVG icon 尺寸换算	静态审查未确认新缺陷；可见 UI 行为需人工验证		static only; relevant UI not run	fix(ui3): render whiteboard paging svgs
d88aef17063e5c4b6c2f8d564cb4d151a1f9d894	bee31492acaeb25bdcf20b4f0a26bd450e2d1d23	2026-08-19T15:59:27+08:00	2026-08-19T15:59:27+08:00	bugfix/animation bugfix/eraser bugfix/pptui bugfix/settingui chore/publish dev draw feature/cursor feature/recognition feature/ui3-i18n origin/bugfix/eraser origin/dev origin/feature/recognition origin/theme theme	yes	H0 reachable	ordinary/product-code/assets	Inkeys/Inkeys/UI/Whiteboard/Whiteboard.cpp	p1:1files:f0730d3627f4d40f | uniq=1 +20/-2 | @@ -137,0 +138,11 @@;@@ -144,0 +156 @@ | code_change=Whiteboard.cpp:+const COLORREF darkPressedFill = GetThemeColor(;Whiteboard.cpp:+BarThemeModeEnum::Dark, BarThemeColorEnum::PressedFill);;Whiteboard.cpp:+const COLORREF darkText = GetThemeColor(	full patch + focused current-code/test static review	白板分页主题色状态	静态审查未确认新缺陷；可见 UI 行为需人工验证		static only; relevant UI not run	fix(ui3): align whiteboard paging theme
bee31492acaeb25bdcf20b4f0a26bd450e2d1d23	5f4156c2c5360c6cde5f8fb83e735b5f10af3a8d	2026-08-19T15:35:45+08:00	2026-08-19T15:35:45+08:00	bugfix/animation bugfix/eraser bugfix/pptui bugfix/settingui chore/publish dev draw feature/cursor feature/recognition feature/ui3-i18n origin/bugfix/eraser origin/dev origin/feature/recognition origin/theme theme	yes	H0 reachable	ordinary/product-code/assets	Inkeys/Inkeys.vcxproj;Inkeys/Inkeys.vcxproj.filters;Inkeys/Inkeys/UI/Bar/Bar.Interaction.cpp;Inkeys/Inkeys/UI/Bar/Bar.Main.cppm;Inkeys/Inkeys/UI/Bar/Bar.RenderLoop.cpp;Inkeys/Inkeys/UI/Bar/Bar.Rendering.cpp;Inkeys/Inkeys/UI/Bar/Bar.Rendering.cppm;Inkeys/Inkeys/UI/Bar/Bar.Scene.cpp	p1:15files:739f43e1fe1e1d35 | uniq=15 +2141/-823 | @@ -915,0 +916,3 @@;@@ -1687,0 +1688,9 @@ | code_change=Bar.Interaction.cpp:-void NotifyWhiteboardControlPointerActivity(bool inside) noexcept;Bar.Interaction.cpp:-if (offSignal || !floating_window || !IsWindow(floating_window)) return;;Bar.Interaction.cpp:-if (inside) barUISet.ActivateBorderCursorTracking(floating_window);	full patch + H0 current caller/callee/failure-path static review	H0 IsWhiteboardFeatureEnabled=false gates Initialize/Request; shared Bar scene, Draw3 host and Window callbacks	静态审查未确认本项新缺陷；真机/GUI 路径仍未验证		static only; targeted tests located, not independently run	feat(ui3): add whiteboard bottom paging control
5f4156c2c5360c6cde5f8fb83e735b5f10af3a8d	f73e563fef45a3f05e3bb7d501d9711efd73c8fe	2026-08-19T08:03:06+08:00	2026-08-19T08:03:06+08:00	bugfix/animation bugfix/eraser bugfix/pptui bugfix/settingui chore/publish dev draw feature/cursor feature/recognition feature/ui3-i18n origin/bugfix/eraser origin/dev origin/feature/recognition origin/theme theme	yes	H0 reachable	ordinary/product-code/assets	Inkeys/Inkeys.vcxproj;Inkeys/Inkeys/UI/Bar/Bar.Animation.cppm;Inkeys/Inkeys/UI/Bar/Bar.Initialization.cpp;Inkeys/Inkeys/UI/Bar/Bar.Interaction.cpp;Inkeys/Inkeys/UI/Bar/Bar.Layout.cppm;Inkeys/Inkeys/UI/Bar/Bar.Main.cpp;Inkeys/Inkeys/UI/Bar/Bar.Metrics.cppm;Inkeys/Inkeys/UI/Bar/Bar.RenderLoop.cpp	p1:15files:60f7899ccbf25983 | uniq=15 +314/-160 | @@ -921,0 +922 @@;@@ -163,0 +164,12 @@ | code_change=Bar.Animation.cppm:+inline BarUiCurveSpecClass BarButtonPressCurve() noexcept;Bar.Animation.cppm:+return { BarUiCurveEnum::EaseOutCubic,;Bar.Animation.cppm:+BarUiCurveEnum::EaseOutCubic, 0.0, false };	full patch + H0 current caller/callee/failure-path static review	H0 IsWhiteboardFeatureEnabled=false gates Initialize/Request; shared Bar scene, Draw3 host and Window callbacks	静态审查未确认本项新缺陷；真机/GUI 路径仍未验证		static only; targeted tests located, not independently run	refactor(ui3): standardize whiteboard bar controls
f73e563fef45a3f05e3bb7d501d9711efd73c8fe	57ae9c093eccfe32fff40087f766301033c4bf84	2026-08-18T22:13:51+08:00	2026-08-18T22:13:51+08:00	bugfix/animation bugfix/eraser bugfix/pptui bugfix/settingui chore/publish dev draw feature/cursor feature/recognition feature/ui3-i18n origin/bugfix/eraser origin/dev origin/feature/recognition origin/theme theme	yes	H0 reachable	ordinary/product-code/assets	Inkeys/IdtMain.cpp;Inkeys/IdtState.cpp;Inkeys/Inkeys/UI/Bar/Bar.BottomDock.h;Inkeys/Inkeys/UI/Bar/Bar.Interaction.cpp;Inkeys/Inkeys/UI/Bar/Bar.Main.cpp;Inkeys/Inkeys/UI/Bar/Bar.Main.cppm;Inkeys/Inkeys/UI/Bar/Bar.RenderLoop.cpp;Inkeys/Inkeys/UI/Bar/Bar.Rendering.cpp	p1:20files:ed0d25feec83589f | uniq=20 +1022/-436 | @@ -878,2 +878,4 @@;@@ -892 +894 @@ | code_change=IdtMain.cpp:-spec.height = 60;;IdtMain.cpp:+spec.height = 70;;IdtState.cpp:-Inkeys::UI::Bar::SetWhiteboardActive(true);	full patch + H0 current caller/callee/failure-path static review	H0 IsWhiteboardFeatureEnabled=false gates Initialize/Request; shared Bar scene, Draw3 host and Window callbacks	静态审查未确认本项新缺陷；真机/GUI 路径仍未验证		static only; targeted tests located, not independently run	fix(ui3): align whiteboard controls with bar rendering
57ae9c093eccfe32fff40087f766301033c4bf84	348de674930a192a10871d79e2610b536fdbf9cf	2026-08-18T10:54:39+08:00	2026-08-18T10:54:39+08:00	bugfix/animation bugfix/eraser bugfix/pptui bugfix/settingui chore/publish dev draw feature/cursor feature/recognition feature/ui3-i18n origin/bugfix/eraser origin/dev origin/feature/recognition origin/theme theme	yes	H0 reachable	ordinary/product-code/assets	Inkeys/IdtFreezeFrame.cpp;Inkeys/IdtFreezeFrame.h;Inkeys/IdtMain.cpp;Inkeys/IdtPlug-in.cpp;Inkeys/IdtState.cpp;Inkeys/IdtState.h;Inkeys/Inkeys.rc;Inkeys/Inkeys.vcxproj	p1:44files:79945c8aaf795fff | uniq=44 +1553/-53 | @@ -0,0 +1 @@;@@ -0,0 +1,37 @@ | code_change=IdtFreezeFrame.cpp:+namespace;IdtFreezeFrame.cpp:+std::mutex freezeSurfaceMutex;;IdtFreezeFrame.cpp:+std::atomic_bool whiteboardFreezeSurfaceOwned = false;	full patch + H0 current caller/callee/failure-path static review	H0 IsWhiteboardFeatureEnabled=false gates Initialize/Request; shared Bar scene, Draw3 host and Window callbacks	静态审查未确认本项新缺陷；真机/GUI 路径仍未验证		static only; targeted tests located, not independently run	feat(ui3): add whiteboard workspace
5b639968845a8d1bc9abdaf285cd81fc652ccf1b	10b9753c5149bfb59d8957d6ed9c9fd141b190b8	2026-08-20T19:20:41+08:00	2026-08-20T19:20:41+08:00	bugfix/animation bugfix/eraser bugfix/pptui bugfix/settingui chore/publish dev draw feature/cursor feature/recognition feature/ui3-i18n origin/bugfix/eraser origin/dev origin/feature/recognition origin/theme theme	yes	H0 reachable	ordinary/documentation/task-state	docs/Trellis	p1:2files:215fa97237a744bb | uniq=2 +25/-1 | @@ -11 +11 @@;@@ -22 +22 @@	brief full patch/path/security-token scan	metadata only	仅 Trellis 文档/任务记录，未改产品代码；本项无确认产品缺陷		static diff only; runtime not applicable	chore: record journal
10b9753c5149bfb59d8957d6ed9c9fd141b190b8	23083d7197b10343f90d183470b73324280db2f0	2026-08-20T19:20:29+08:00	2026-08-20T19:20:29+08:00	bugfix/animation bugfix/eraser bugfix/pptui bugfix/settingui chore/publish dev draw feature/cursor feature/recognition feature/ui3-i18n origin/bugfix/eraser origin/dev origin/feature/recognition origin/theme theme	yes	H0 reachable	ordinary/documentation/task-state	docs/Trellis	p1:1files:f76ff946a497bba3 | uniq=1 +1/-1 | @@ -22 +22 @@	brief full patch/path/security-token scan	metadata only	仅 Trellis 文档/任务记录，未改产品代码；本项无确认产品缺陷		static diff only; runtime not applicable	chore(task): detach active bottom dock task
23083d7197b10343f90d183470b73324280db2f0	5eb7fe1e2afa7e03fc86a574c20e100c67af6ad6	2026-08-20T19:19:53+08:00	2026-08-20T19:19:53+08:00	bugfix/animation bugfix/eraser bugfix/pptui bugfix/settingui chore/publish dev draw feature/cursor feature/recognition feature/ui3-i18n origin/bugfix/eraser origin/dev origin/feature/recognition origin/theme theme	yes	H0 reachable	ordinary/documentation/task-state	docs/Trellis	p1:8files:edad6dfb068350c4 | uniq=8 +138/-108 | @@ -1 +0,0 @@;@@ -1 +0,0 @@	brief full patch/path/security-token scan	metadata only	仅 Trellis 文档/任务记录，未改产品代码；本项无确认产品缺陷		static diff only; runtime not applicable	chore(task): archive 08-01-render-pipeline-refactor
5eb7fe1e2afa7e03fc86a574c20e100c67af6ad6	17c196021439d2ca99c7ef49d9c11c776d2a70aa	2026-08-20T19:18:24+08:00	2026-08-20T19:18:24+08:00	bugfix/animation bugfix/eraser bugfix/pptui bugfix/settingui chore/publish dev draw feature/cursor feature/recognition feature/ui3-i18n origin/bugfix/eraser origin/dev origin/feature/recognition origin/theme theme	yes	H0 reachable	ordinary/documentation/task-state	docs/Trellis	p1:10files:a562b25d60b6af5c | uniq=10 +168/-107 | @@ -1,38 +0,0 @@;@@ -1,38 +0,0 @@	brief full patch/path/security-token scan	metadata only	仅 Trellis 文档/任务记录，未改产品代码；本项无确认产品缺陷		static diff only; runtime not applicable	chore(task): archive 08-14-unified-display-management-ui3-dpi
17c196021439d2ca99c7ef49d9c11c776d2a70aa	08009918692399c3ded9673602402365cdf59a2c	2026-08-20T19:18:19+08:00	2026-08-20T19:18:19+08:00	bugfix/animation bugfix/eraser bugfix/pptui bugfix/settingui chore/publish dev draw feature/cursor feature/recognition feature/ui3-i18n origin/bugfix/eraser origin/dev origin/feature/recognition origin/theme theme	yes	H0 reachable	ordinary/documentation/task-state	docs/Trellis	p1:12files:9447ea52fa3211a0 | uniq=12 +174/-125 | @@ -1,8 +0,0 @@;@@ -1,47 +0,0 @@	brief full patch/path/security-token scan	metadata only	仅 Trellis 文档/任务记录，未改产品代码；本项无确认产品缺陷		static diff only; runtime not applicable	chore(task): archive 08-13-unified-render-pipeline-setting
08009918692399c3ded9673602402365cdf59a2c	02355f364b730e9ebb034e55b3a1726b080f784f	2026-08-20T19:18:17+08:00	2026-08-20T19:18:17+08:00	bugfix/animation bugfix/eraser bugfix/pptui bugfix/settingui chore/publish dev draw feature/cursor feature/recognition feature/ui3-i18n origin/bugfix/eraser origin/dev origin/feature/recognition origin/theme theme	yes	H0 reachable	ordinary/documentation/task-state	docs/Trellis	p1:12files:bc3d2a09a3759314 | uniq=12 +175/-103 | @@ -1 +0,0 @@;@@ -1,53 +0,0 @@	brief full patch/path/security-token scan	metadata only	仅 Trellis 文档/任务记录，未改产品代码；本项无确认产品缺陷		static diff only; runtime not applicable	chore(task): archive 08-12-pptcom-ui3-multi-window-rendering
02355f364b730e9ebb034e55b3a1726b080f784f	0908225976d7685b3e116aa3a7191e67630fe85f	2026-08-20T19:18:15+08:00	2026-08-20T19:18:15+08:00	bugfix/animation bugfix/eraser bugfix/pptui bugfix/settingui chore/publish dev draw feature/cursor feature/recognition feature/ui3-i18n origin/bugfix/eraser origin/dev origin/feature/recognition origin/theme theme	yes	H0 reachable	documentation/workflow	workflow/docs	p1:4f,+83/-84,sha256:485809a71200,paths:.trellis/tasks/07-17-investigate-unified-ui-d3d11-pipeline/prd.md,.trellis/tasks/07-17-investigate-unified-ui-d3d11-pipeline/task.json,.trellis/tasks/archive/2026-08/07-17-investigate-unified-ui-d3d11-pipeline/prd.md,.trellis/tasks/archive/2026-08/07-17-investigate-unified-ui-d3d11-pipeline/task.json,hunks:4; focus=file-level	diff content (documentation/workflow)	no runtime source path	不适用产品运行：仅规范、任务或 journal 内容变更；未修改运行时代码		静态差异与 H0 路径核对；未运行本批测试	chore(task): archive 07-17-investigate-unified-ui-d3d11-pipeline
0908225976d7685b3e116aa3a7191e67630fe85f	60ef7cb226b6ed040147fb708a61332aac9925d4	2026-08-20T19:17:50+08:00	2026-08-20T19:17:50+08:00	bugfix/animation bugfix/eraser bugfix/pptui bugfix/settingui chore/publish dev draw feature/cursor feature/recognition feature/ui3-i18n origin/bugfix/eraser origin/dev origin/feature/recognition origin/theme theme	yes	H0 reachable	documentation/workflow	workflow/docs	p1:18f,+455/-256,sha256:1df663591bc5,paths:.trellis/tasks/08-15-migrate-draw3-into-inkeys/check.jsonl,.trellis/tasks/08-15-migrate-draw3-into-inkeys/design.md,.trellis/tasks/08-15-migrate-draw3-into-inkeys/implement.jsonl,.trellis/tasks/08-15-migrate-draw3-into-inkeys/implement.md…,hunks:18; focus=file-level	diff content (documentation/workflow)	no runtime source path	不适用产品运行：仅规范、任务或 journal 内容变更；未修改运行时代码		静态差异与 H0 路径核对；未运行本批测试	chore(task): archive completed draw3 tasks
60ef7cb226b6ed040147fb708a61332aac9925d4	a1327e1eab61069b8872dcd4f3ba4ff3f5839675	2026-08-20T18:54:15+08:00	2026-08-20T18:54:15+08:00	bugfix/animation bugfix/eraser bugfix/pptui bugfix/settingui chore/publish dev draw feature/cursor feature/recognition feature/ui3-i18n origin/bugfix/eraser origin/dev origin/feature/recognition origin/theme theme	yes	H0 reachable	documentation/workflow	workflow/docs	p1:12f,+0/-455,sha256:703ae7817ae5,paths:.trellis/tasks/archive/2026-08/08-15-migrate-draw3-into-inkeys/check.jsonl,.trellis/tasks/archive/2026-08/08-15-migrate-draw3-into-inkeys/design.md,.trellis/tasks/archive/2026-08/08-15-migrate-draw3-into-inkeys/implement.jsonl,.trellis/tasks/archive/2026-08/08-15-migrate-draw3-into-inkeys/implement.md…,hunks:12; focus=file-level	diff content (documentation/workflow)	no runtime source path	不适用产品运行：仅规范、任务或 journal 内容变更；未修改运行时代码		静态差异与 H0 路径核对；未运行本批测试	chore: exclude unrelated task archives
a1327e1eab61069b8872dcd4f3ba4ff3f5839675	0e2d3444af09b2684f23293b1d490fe5ee42bfaf	2026-08-20T18:51:47+08:00	2026-08-20T18:51:47+08:00	bugfix/animation bugfix/eraser bugfix/pptui bugfix/settingui chore/publish dev draw feature/cursor feature/recognition feature/ui3-i18n origin/bugfix/eraser origin/dev origin/feature/recognition origin/theme theme	yes	H0 reachable	documentation/workflow	workflow/docs	p1:2f,+27/-3,sha256:664eaef10d6c,paths:.trellis/workspace/codex/index.md,.trellis/workspace/codex/journal-1.md,hunks:4; focus=file-level	diff content (documentation/workflow)	no runtime source path	不适用产品运行：仅规范、任务或 journal 内容变更；未修改运行时代码		静态差异与 H0 路径核对；未运行本批测试	chore: record journal
0e2d3444af09b2684f23293b1d490fe5ee42bfaf	cf05a3d73c34e25cd1441fd7eea2c5955f65ac2e	2026-08-20T18:51:34+08:00	2026-08-20T18:51:34+08:00	bugfix/animation bugfix/eraser bugfix/pptui bugfix/settingui chore/publish dev draw feature/cursor feature/recognition feature/ui3-i18n origin/bugfix/eraser origin/dev origin/feature/recognition origin/theme theme	yes	H0 reachable	documentation/workflow	workflow/docs	p1:24f,+575/-120,sha256:b3059eaed12a,paths:.trellis/tasks/08-20-fix-draw-attribute-pen-animations/check.jsonl,.trellis/tasks/08-20-fix-draw-attribute-pen-animations/design.md,.trellis/tasks/08-20-fix-draw-attribute-pen-animations/implement.jsonl,.trellis/tasks/08-20-fix-draw-attribute-pen-animations/implement.md…,hunks:24; focus=file-level	diff content (documentation/workflow)	no runtime source path	不适用产品运行：仅规范、任务或 journal 内容变更；未修改运行时代码		静态差异与 H0 路径核对；未运行本批测试	chore(task): archive 08-20-fix-draw-attribute-pen-animations
cf05a3d73c34e25cd1441fd7eea2c5955f65ac2e	ae914033ef6c0c7dbc6228b99f66a6820894eed1	2026-08-20T18:51:15+08:00	2026-08-20T18:51:15+08:00	bugfix/animation bugfix/eraser bugfix/pptui bugfix/settingui chore/publish dev draw feature/cursor feature/recognition feature/ui3-i18n origin/bugfix/eraser origin/dev origin/feature/recognition origin/theme theme	yes	H0 reachable	fix	UI3-Bar	p1:7f,+181/-20,sha256:3a566f4508af,paths:.trellis/spec/native-desktop/rendering-and-ui.md,.trellis/tasks/08-20-fix-draw-attribute-pen-animations/design.md,.trellis/tasks/08-20-fix-draw-attribute-pen-animations/implement.md,.trellis/tasks/08-20-fix-draw-attribute-pen-animations/prd.md…,hunks:20; focus=double ResolveBarLaserPreviewEnvelopeThickness(,BarRenderLoopStageResult BarRenderLoopCoordinator::CalculateDirtyAndDrawPre,BarRenderLoopStageResult BarRenderLoopCoordinator::CalculateDirtyAndDrawPre	deep: actual diff + current Bar/Draw3 call chain; see deep-ui3-laser-review.md	H0 tracked counterpart:Inkeys/Inkeys/UI/Bar/Bar.Animation.cppm,Inkeys/Inkeys/UI/Bar/Bar.RenderLoop.cpp (2/2 changed code paths map); .trellis/tasks/09-27-commit-and-security-audit/research/deep-ui3-laser-review.md	Layer geometry helper and production draw call retained; pure geometry tests exist; no new severe defect confirmed by static review		Static review complete; GUI/D2D visual and device behavior manual/unverified	fix laser preview cap centers
ae914033ef6c0c7dbc6228b99f66a6820894eed1	ea277bf26f77178c1892ebbfad10cbec28c924b7	2026-08-20T18:10:10+08:00	2026-08-20T18:10:10+08:00	bugfix/animation bugfix/eraser bugfix/pptui bugfix/settingui chore/publish dev draw feature/cursor feature/recognition feature/ui3-i18n origin/bugfix/eraser origin/dev origin/feature/recognition origin/theme theme	yes	H0 reachable	fix	UI3-Bar	p1:3f,+20/-6,sha256:11f3cd94301b,paths:.trellis/spec/native-desktop/rendering-and-ui.md,.trellis/tasks/08-20-fix-draw-attribute-pen-animations/implement.md,Inkeys/Inkeys/UI/Bar/Bar.RenderLoop.cpp,hunks:7; focus=double ResolveBarLaserPreviewEnvelopeThickness(,shell.SetTar(policy.shellExpanded ? 1.0 : 0.0, duration);,BarRenderLoopStageResult BarRenderLoopCoordinator::CalculateDirtyAndDrawPre	deep: actual diff + current Bar/Draw3 call chain; see deep-ui3-laser-review.md	H0 tracked counterpart:Inkeys/Inkeys/UI/Bar/Bar.RenderLoop.cpp (1/1 changed code paths map); .trellis/tasks/09-27-commit-and-security-audit/research/deep-ui3-laser-review.md	Core-white brush retrieval ordering retained; historical color bug fixed at H0; no new severe defect confirmed by static review		Static review complete; GUI/D2D visual and device behavior manual/unverified	fix laser preview core color
ea277bf26f77178c1892ebbfad10cbec28c924b7	9c9faeed6e11f071652f192efb327de3c450e18c	2026-08-20T17:41:11+08:00	2026-08-20T17:41:11+08:00	bugfix/animation bugfix/eraser bugfix/pptui bugfix/settingui chore/publish dev draw feature/cursor feature/recognition feature/ui3-i18n origin/bugfix/eraser origin/dev origin/feature/recognition origin/theme theme	yes	H0 reachable	fix	UI3-Bar	p1:11f,+691/-113,sha256:4574d1aa57a4,paths:.trellis/spec/native-desktop/rendering-and-ui.md,.trellis/tasks/08-20-fix-draw-attribute-pen-animations/check.jsonl,.trellis/tasks/08-20-fix-draw-attribute-pen-animations/design.md,.trellis/tasks/08-20-fix-draw-attribute-pen-animations/implement.jsonl…,hunks:33; focus=BarPenTypeExtensionPresentation ResolveBarPenTypeExtensionPresentation(,module;,namespace Inkeys::UI::Bar	deep: actual diff + current Bar/Draw3 call chain; see deep-ui3-laser-review.md	H0 tracked counterpart:Inkeys/Inkeys/UI/Bar/Bar.Animation.cppm,Inkeys/Inkeys/UI/Bar/Bar.Initialization.cpp,Inkeys/Inkeys/UI/Bar/Bar.RenderLoop.cpp (3/3 changed code paths map); .trellis/tasks/09-27-commit-and-security-audit/research/deep-ui3-laser-review.md	Laser phase/core color remains; brush color reuse fixed by ae91403; no new severe defect confirmed by static review		Static review complete; GUI/D2D visual and device behavior manual/unverified	fix draw attribute pen animations
9c9faeed6e11f071652f192efb327de3c450e18c	a6bf819c2f1722add352cf67358b32e41f05d648	2026-08-20T15:23:51+08:00	2026-08-20T15:23:51+08:00	bugfix/animation bugfix/eraser bugfix/pptui bugfix/settingui chore/publish dev draw feature/cursor feature/recognition feature/ui3-i18n origin/bugfix/eraser origin/dev origin/feature/recognition origin/theme theme	yes	H0 reachable	documentation/workflow	workflow/docs	p1:21f,+602/-185,sha256:f9e3c6616edc,paths:.agents/skills/trellis-before-dev/SKILL.md,.agents/skills/trellis-check/SKILL.md,.agents/skills/trellis-meta/SKILL.md,.agents/skills/trellis-meta/references/local-architecture/bundled-skills.md…,hunks:85; focus=Execute these steps:,Run the project's lint, type-check, and test commands. Fix any failures bef,Skip this step if your change is confined to a single layer.	diff content (documentation/workflow)	no runtime source path	不适用产品运行：仅规范、任务或 journal 内容变更；未修改运行时代码		静态差异与 H0 路径核对；未运行本批测试	trellis update
a6bf819c2f1722add352cf67358b32e41f05d648	6dccc5979ad9c26602fb817c5501eaf6a178ca13	2026-08-20T15:16:57+08:00	2026-08-20T15:16:57+08:00	bugfix/animation bugfix/eraser bugfix/pptui bugfix/settingui chore/publish dev draw feature/cursor feature/recognition feature/ui3-i18n origin/bugfix/eraser origin/dev origin/feature/recognition origin/theme theme	yes	H0 reachable	fix	UI3-Bar	p1:5f,+588/-188,sha256:d509c1671502,paths:.trellis/spec/native-desktop/rendering-and-ui.md,Inkeys/Inkeys/UI/Bar/Bar.Animation.cppm,Inkeys/Inkeys/UI/Bar/Bar.Layout.cppm,Inkeys/Inkeys/UI/Bar/Bar.RenderLoop.cpp…,hunks:34; focus=shape.frameCursorLightIntensityScale = buttonIntensity;,import :Theme;,enum class BarDirtyFixedVisual : BarDirtyVisualKey	deep: actual diff + current Bar/Draw3 call chain; see deep-ui3-laser-review.md	H0 tracked counterpart:Inkeys/Inkeys/UI/Bar/Bar.Animation.cppm,Inkeys/Inkeys/UI/Bar/Bar.Layout.cppm,Inkeys/Inkeys/UI/Bar/Bar.RenderLoop.cpp (3/3 changed code paths map); .trellis/tasks/09-27-commit-and-security-audit/research/deep-ui3-laser-review.md	Common pen helper and animation remains; laser phase later revised by ea277bf; no new severe defect confirmed by static review		Static review complete; GUI/D2D visual and device behavior manual/unverified	fix bar tool transition state animations
6dccc5979ad9c26602fb817c5501eaf6a178ca13	97b90fbae4c3048bac2e20ac0ed427fc33e72c8a	2026-08-20T08:23:21+08:00	2026-08-20T08:23:21+08:00	bugfix/animation bugfix/eraser bugfix/pptui bugfix/settingui chore/publish dev draw feature/cursor feature/recognition feature/ui3-i18n origin/bugfix/eraser origin/dev origin/feature/recognition origin/theme theme	yes	H0 reachable	fix	Draw3,StateBridge,UI3-Bar	p1:9f,+51/-54,sha256:818e635c53c4,paths:Inkeys/IdtState.cpp,Inkeys/IdtState.h,Inkeys/Inkeys/Drawing/Draw3/Draw3.DrawingController.cpp,Inkeys/Inkeys/Drawing/Draw3/Draw3.StrokeGeometry.cpp…,hunks:27; focus=namespace Inkeys::Drawing::Draw3,auto annotationLabel = make_shared<BarUiWordClass>(,private:	deep: actual diff + current State/Draw3/UI/PPT call/failure chain; see deep-state-draw3-review.md	H0 tracked counterpart:Inkeys/IdtState.cpp,Inkeys/IdtState.h,Inkeys/Inkeys/Drawing/Draw3/Draw3.DrawingController.cpp,Inkeys/Inkeys/Drawing/Draw3/Draw3.StrokeGeometry.cpp… (9/9 changed code paths map); .trellis/tasks/09-27-commit-and-security-audit/research/deep-state-draw3-review.md	Continuous width rounded into preset identity at H0; F-028 fixed in working tree, dynamic pending	F-028	Static deep review complete; mapped fixes/build/manual GUI or Win7 pending as noted	fix pen modes, thickness interaction and bar transitions
97b90fbae4c3048bac2e20ac0ed427fc33e72c8a	5f6201c45492fbb01c33e1a0013c6b48431e9dff	2026-08-19T20:41:21+08:00	2026-08-19T20:41:21+08:00	bugfix/animation bugfix/eraser bugfix/pptui bugfix/settingui chore/publish dev draw feature/cursor feature/recognition feature/ui3-i18n origin/bugfix/eraser origin/dev origin/feature/recognition origin/theme theme	yes	H0 reachable	feature	Draw3,StateBridge,UI3-Bar	p1:14f,+305/-115,sha256:f2b3d3682c8d,paths:Inkeys/IdtState.cpp,Inkeys/IdtState.h,Inkeys/Inkeys/Drawing/Draw3/Draw3.Bridge.h,Inkeys/Inkeys/Drawing/Draw3/Draw3.DrawingController.cpp…,hunks:79; focus=bool SetPenWidth(float targetWidth, bool setMemory),bool SetPenColor(COLORREF targetColor, bool setMemory),enum class PenModeSelectEnum	deep: actual diff + current State/Draw3/UI/PPT call/failure chain; see deep-state-draw3-review.md	H0 tracked counterpart:Inkeys/IdtState.cpp,Inkeys/IdtState.h,Inkeys/Inkeys/Drawing/Draw3/Draw3.Bridge.h,Inkeys/Inkeys/Drawing/Draw3/Draw3.DrawingController.cpp… (14/14 changed code paths map); .trellis/tasks/09-27-commit-and-security-audit/research/deep-state-draw3-review.md	HardPen addition left stale Eraser enum numeric 2; fixed by H0 ancestor 7af954bb; F-009 state entry related	F-009	Static deep review complete; mapped fixes/build/manual GUI or Win7 pending as noted	Add HardPen/SoftPen modes and update UI/geometry
5f6201c45492fbb01c33e1a0013c6b48431e9dff	18619a4193374b492206cc36fdafcd5625c4d967	2026-08-19T17:04:35+08:00	2026-08-19T17:04:35+08:00	bugfix/animation bugfix/eraser bugfix/pptui bugfix/settingui chore/publish dev draw feature/cursor feature/recognition feature/ui3-i18n origin/bugfix/eraser origin/dev origin/feature/recognition origin/theme theme	yes	H0 reachable	ordinary	UI3-Bar	p1:1f,+19/-8,sha256:0fcc7d84f781,paths:Inkeys/Inkeys/UI/Bar/Bar.RenderLoop.cpp,hunks:2; focus=BarRenderLoopStageResult BarRenderLoopCoordinator::CalculateDirtyAndDrawPre,BarRenderLoopStageResult BarRenderLoopCoordinator::CalculateDirtyAndDrawPre,BarRenderLoopStageResult BarRenderLoopCoordinator::CalculateDirtyAndDrawPre	deep: actual diff + current Bar/Draw3 call chain; see deep-ui3-laser-review.md	H0 tracked counterpart:Inkeys/Inkeys/UI/Bar/Bar.RenderLoop.cpp (1/1 changed code paths map); .trellis/tasks/09-27-commit-and-security-audit/research/deep-ui3-laser-review.md	Preview envelope/end interpolation superseded by current Animation helpers; no new severe defect confirmed by static review		Static review complete; GUI/D2D visual and device behavior manual/unverified	Smooth laser preview thickness transition
18619a4193374b492206cc36fdafcd5625c4d967	9064374be07fdf8b82a2b89916392816ed8b1e41	2026-08-19T16:40:11+08:00	2026-08-19T16:40:11+08:00	bugfix/animation bugfix/eraser bugfix/pptui bugfix/settingui chore/publish dev draw feature/cursor feature/recognition feature/ui3-i18n origin/bugfix/eraser origin/dev origin/feature/recognition origin/theme theme	yes	H0 reachable	fix	UI3-Bar	p1:4f,+51/-9,sha256:70dd9cfe6e5c,paths:Inkeys/Inkeys/UI/Bar/Bar.Interaction.cpp,Inkeys/Inkeys/UI/Bar/Bar.Main.cppm,Inkeys/Inkeys/UI/Bar/Bar.RenderLoop.cpp,Inkeys/Inkeys/UI/Bar/Bar.State.cppm,hunks:21; focus=private:,public:,case IndependentHoverTargetEnum::DrawAttributeThicknessFine:	deep: actual diff + current Bar/Draw3 call chain; see deep-ui3-laser-review.md	H0 tracked counterpart:Inkeys/Inkeys/UI/Bar/Bar.Interaction.cpp,Inkeys/Inkeys/UI/Bar/Bar.Main.cppm,Inkeys/Inkeys/UI/Bar/Bar.RenderLoop.cpp,Inkeys/Inkeys/UI/Bar/Bar.State.cppm (4/4 changed code paths map); .trellis/tasks/09-27-commit-and-security-audit/research/deep-ui3-laser-review.md	Laser hover/press/selected behavior remains; H0 click bare write predates SHA and relates to F-009; no new severe defect confirmed by static review	F-009	Static review complete; GUI/D2D visual and device behavior manual/unverified	Fix laser tool interaction states
9064374be07fdf8b82a2b89916392816ed8b1e41	39c32be1205ece6db7c076fb8dc8a5f11351c77a	2026-08-19T15:41:15+08:00	2026-08-19T15:41:15+08:00	bugfix/animation bugfix/eraser bugfix/pptui bugfix/settingui chore/publish dev draw feature/cursor feature/recognition feature/ui3-i18n origin/bugfix/eraser origin/dev origin/feature/recognition origin/theme theme	yes	H0 reachable	fix	Draw3,UI3-Bar	p1:3f,+226/-61,sha256:ea8beffd3ac0,paths:Inkeys/Inkeys/Drawing/Draw3/Draw3.DrawingController.cpp,Inkeys/Inkeys/UI/Bar/Bar.Layout.cppm,Inkeys/Inkeys/UI/Bar/Bar.RenderLoop.cpp,hunks:23; focus=namespace Inkeys::Drawing::Draw3,struct BarRenderLoopState,if (stateMode.StateModeSelect == StateModeSelectEnum::IdtPen)	deep: actual diff + current Bar/Draw3 call chain; see deep-ui3-laser-review.md	H0 tracked counterpart:Inkeys/Inkeys/Drawing/Draw3/Draw3.DrawingController.cpp,Inkeys/Inkeys/UI/Bar/Bar.Layout.cppm,Inkeys/Inkeys/UI/Bar/Bar.RenderLoop.cpp (3/3 changed code paths map); .trellis/tasks/09-27-commit-and-security-audit/research/deep-ui3-laser-review.md	UI cursor/DIP width remains; transition superseded; H0 Layout state read relates to F-009; no new severe defect confirmed by static review	F-009	Static review complete; GUI/D2D visual and device behavior manual/unverified	Fix laser-to-highlighter transition animation
39c32be1205ece6db7c076fb8dc8a5f11351c77a	540cd8b9814a48221940f87e2566ca605b7bbc5f	2026-08-19T11:10:12+08:00	2026-08-19T11:10:12+08:00	bugfix/animation bugfix/eraser bugfix/pptui bugfix/settingui chore/publish dev draw feature/cursor feature/recognition feature/ui3-i18n origin/bugfix/eraser origin/dev origin/feature/recognition origin/theme theme	yes	H0 reachable	feature	Draw3,StateBridge,UI3-Bar	p1:6f,+143/-35,sha256:b4e5f9104e56,paths:Inkeys/IdtState.cpp,Inkeys/IdtState.h,Inkeys/Inkeys/Drawing/Draw3/Draw3.DrawingController.cpp,Inkeys/Inkeys/UI/Bar/Bar.Interaction.cpp…,hunks:28; focus=bool SetPenWidth(float targetWidth, bool setMemory),float GetPenWidth(),public:	deep: actual diff + current State/Draw3/UI/PPT call/failure chain; see deep-state-draw3-review.md	H0 tracked counterpart:Inkeys/IdtState.cpp,Inkeys/IdtState.h,Inkeys/Inkeys/Drawing/Draw3/Draw3.DrawingController.cpp,Inkeys/Inkeys/UI/Bar/Bar.Interaction.cpp… (6/6 changed code paths map); .trellis/tasks/09-27-commit-and-security-audit/research/deep-state-draw3-review.md	Laser width/preset chain remains, later preview revisions supersede early implementation; no new severe defect confirmed	F-025	Static deep review complete; mapped fixes/build/manual GUI or Win7 pending as noted	Support laser pen with independent thickness presets
540cd8b9814a48221940f87e2566ca605b7bbc5f	5d0777b68c23a4d368690ce69aea0f80b635b7c9	2026-08-19T10:17:46+08:00	2026-08-19T10:17:46+08:00	bugfix/animation bugfix/eraser bugfix/pptui bugfix/settingui chore/publish dev draw feature/cursor feature/recognition feature/ui3-i18n origin/bugfix/eraser origin/dev origin/feature/recognition origin/theme theme	yes	H0 reachable	revert	Draw3,StateBridge,UI3-Bar	p1:13f,+59/-314,sha256:66d4f986464a,paths:.trellis/spec/native-desktop/draw3-integration.md,.trellis/tasks/08-18-laser-pointer-independent-width/check.jsonl,.trellis/tasks/08-18-laser-pointer-independent-width/design.md,.trellis/tasks/08-18-laser-pointer-independent-width/implement.jsonl…,hunks:35; focus=Windows 对创建时带 `WS_EX_NOREDIRECTIONBITMAP` 且已经绑定过 DComp tar,bool SetPenWidth(float targetWidth, bool setMemory),float GetPenWidth()	paired diff/revert + H0 state map	H0 tracked counterpart:Inkeys/IdtState.cpp,Inkeys/IdtState.h,Inkeys/Inkeys/Drawing/Draw3/Draw3.DrawingController.cpp,Inkeys/Inkeys/UI/Bar/Bar.Interaction.cpp… (6/6 changed code paths map)	历史变更与撤销成对；当前独立激光宽度由后续 39c32be12 路径决定，非此 patch 单独生效		静态差异与 H0 路径核对；未运行本批测试	"Revert ""feat(draw3): add independent laser pointer widths"""
5d0777b68c23a4d368690ce69aea0f80b635b7c9	e62b2f17b93cfb1fb1240a2a229904b07ae9732c	2026-08-19T09:34:48+08:00	2026-08-19T09:34:48+08:00	bugfix/animation bugfix/eraser bugfix/pptui bugfix/settingui chore/publish dev draw feature/cursor feature/recognition feature/ui3-i18n origin/bugfix/eraser origin/dev origin/feature/recognition origin/theme theme	yes	H0 reachable	feature	Draw3,StateBridge,UI3-Bar	p1:13f,+314/-59,sha256:b7ff799a7cbf,paths:.trellis/spec/native-desktop/draw3-integration.md,.trellis/tasks/08-18-laser-pointer-independent-width/check.jsonl,.trellis/tasks/08-18-laser-pointer-independent-width/design.md,.trellis/tasks/08-18-laser-pointer-independent-width/implement.jsonl…,hunks:35; focus=Windows 对创建时带 `WS_EX_NOREDIRECTIONBITMAP` 且已经绑定过 DComp tar,bool SetPenWidth(float targetWidth, bool setMemory),float GetPenWidth()	paired diff/revert + H0 state map	H0 tracked counterpart:Inkeys/IdtState.cpp,Inkeys/IdtState.h,Inkeys/Inkeys/Drawing/Draw3/Draw3.DrawingController.cpp,Inkeys/Inkeys/UI/Bar/Bar.Interaction.cpp… (6/6 changed code paths map)	历史变更与撤销成对；当前独立激光宽度由后续 39c32be12 路径决定，非此 patch 单独生效		静态差异与 H0 路径核对；未运行本批测试	feat(draw3): add independent laser pointer widths
e62b2f17b93cfb1fb1240a2a229904b07ae9732c	7a6db3f68ea29659c0b92e4c696a9344d94764fc	2026-08-17T21:08:07+08:00	2026-08-17T21:08:07+08:00	bugfix/animation bugfix/eraser bugfix/pptui bugfix/settingui chore/publish dev draw feature/cursor feature/recognition feature/ui3-i18n origin/bugfix/eraser origin/dev origin/feature/recognition origin/theme theme	yes	H0 reachable	documentation/workflow	workflow/docs	p1:2f,+26/-4,sha256:b1ca6c75ec47,paths:.trellis/workspace/codex/index.md,.trellis/workspace/codex/journal-1.md,hunks:5; focus=file-level	diff content (documentation/workflow)	no runtime source path	不适用产品运行：仅规范、任务或 journal 内容变更；未修改运行时代码		静态差异与 H0 路径核对；未运行本批测试	chore: record journal
7a6db3f68ea29659c0b92e4c696a9344d94764fc	ca8d06e393652f42835b9686a586647a382917a0	2026-08-17T21:07:23+08:00	2026-08-17T21:07:23+08:00	bugfix/animation bugfix/eraser bugfix/pptui bugfix/settingui chore/publish dev draw feature/cursor feature/recognition feature/ui3-i18n origin/bugfix/eraser origin/dev origin/feature/recognition origin/theme theme	yes	H0 reachable	documentation/workflow	workflow/docs	p1:14f,+212/-212,sha256:4c0728e22b68,paths:.trellis/tasks/08-17-draw3-tool-cursor-visuals/check.jsonl,.trellis/tasks/08-17-draw3-tool-cursor-visuals/design.md,.trellis/tasks/08-17-draw3-tool-cursor-visuals/implement.jsonl,.trellis/tasks/08-17-draw3-tool-cursor-visuals/implement.md…,hunks:14; focus=file-level	diff content (documentation/workflow)	no runtime source path	不适用产品运行：仅规范、任务或 journal 内容变更；未修改运行时代码		静态差异与 H0 路径核对；未运行本批测试	chore(task): archive 08-17-draw3-tool-cursor-visuals
ca8d06e393652f42835b9686a586647a382917a0	348de674930a192a10871d79e2610b536fdbf9cf	2026-08-17T21:07:01+08:00	2026-08-17T21:07:01+08:00	bugfix/animation bugfix/eraser bugfix/pptui bugfix/settingui chore/publish dev draw feature/cursor feature/recognition feature/ui3-i18n origin/bugfix/eraser origin/dev origin/feature/recognition origin/theme theme	yes	H0 reachable	fix	Build,Draw3,StateBridge,UI3-Bar	p1:17f,+462/-44,sha256:c545a1f8d52a,paths:.trellis/spec/native-desktop/draw3-integration.md,.trellis/tasks/08-15-migrate-draw3-into-inkeys/task.json,.trellis/tasks/08-17-draw3-tool-cursor-visuals/check.jsonl,.trellis/tasks/08-17-draw3-tool-cursor-visuals/design.md…,hunks:29; focus=Windows 对创建时带 `WS_EX_NOREDIRECTIONBITMAP` 且已经绑定过 DComp tar,COLORREF GetPenColor(),COLORREF GetPenColor();	deep: actual diff + current State/Draw3/UI/PPT call/failure chain; see deep-state-draw3-review.md	H0 tracked counterpart:Inkeys/IdtState.cpp,Inkeys/IdtState.h,Inkeys/Inkeys/Drawing/Draw3/Draw3.Bridge.h,Inkeys/Inkeys/Drawing/Draw3/Draw3.DrawingController.cpp… (6/6 changed code paths map); .trellis/tasks/09-27-commit-and-security-audit/research/deep-state-draw3-review.md	Highlighter alpha 0.35 path remains; cursor width later changed; no residual defect confirmed		Static deep review complete; mapped fixes/build/manual GUI or Win7 pending as noted	fix(draw3): align tool cursor visuals
348de674930a192a10871d79e2610b536fdbf9cf	017883f6e77a6c78454aecb66a925f1be2807c86	2026-08-17T18:01:37+08:00	2026-08-17T18:01:37+08:00	bugfix/animation bugfix/eraser bugfix/pptui bugfix/settingui chore/publish dev draw feature/cursor feature/recognition feature/ui3-i18n origin/bugfix/eraser origin/dev origin/feature/recognition origin/theme theme	yes	H0 reachable	fix	Draw3,Inkeys,StateBridge,UI3-Bar	p1:10f,+220/-81,sha256:55c2cd0f7427,paths:.trellis/spec/native-desktop/input-and-ink.md,Inkeys/IdtState.cpp,Inkeys/Inkeys/Drawing/Draw3/Draw3.DrawingController.cpp,Inkeys/Inkeys/Drawing/Draw3/Draw3.HiddenWindowTest.cpp…,hunks:30; focus=Draw3 Host 在图形资源准备后才初始化 RTS，退出时先停止 produce,void ReconcileDraw3Presentation(),namespace Inkeys::Drawing::Draw3	deep: actual diff + current State/Draw3/UI/PPT call/failure chain; see deep-state-draw3-review.md	H0 tracked counterpart:Inkeys/IdtState.cpp,Inkeys/Inkeys/Drawing/Draw3/Draw3.DrawingController.cpp,Inkeys/Inkeys/Drawing/Draw3/Draw3.HiddenWindowTest.cpp,Inkeys/Inkeys/Drawing/Draw3/Draw3.Host.cpp… (8/8 changed code paths map); .trellis/tasks/09-27-commit-and-security-audit/research/deep-state-draw3-review.md	Down style latch and promoted-mouse filter remain; historical first-Down issue from 017883f fixed at H0		Static deep review complete; mapped fixes/build/manual GUI or Win7 pending as noted	fix(draw3): stabilize pen and bar input handling
017883f6e77a6c78454aecb66a925f1be2807c86	6303e3387cf87584ab0d46684e52b38c207ab765	2026-08-16T21:11:11+08:00	2026-08-16T21:11:11+08:00	bugfix/animation bugfix/eraser bugfix/pptui bugfix/settingui chore/publish dev draw feature/cursor feature/recognition feature/ui3-i18n origin/bugfix/eraser origin/dev origin/feature/recognition origin/theme theme	yes	H0 reachable	fix	Draw3,Host/PPT,Inkeys,StateBridge	p1:22f,+715/-216,sha256:2f8060a5db1e,paths:.trellis/spec/native-desktop/draw3-integration.md,.trellis/spec/native-desktop/index.md,.trellis/spec/native-desktop/input-and-ink.md,.trellis/spec/native-desktop/rendering-and-ui.md…,hunks:117; focus=Correct：`Debug 保留调试信息 + /MT + undef _DEBUG + Release Vcpkg libs ->,Windows 对创建时带 `WS_EX_NOREDIRECTIONBITMAP` 且已经绑定过 DComp tar,Wrong：`selection = current WS_EX_TRANSPARENT`，或 `Clear -> append erase/bla	deep: actual diff + current State/Draw3/UI/PPT call/failure chain; see deep-state-draw3-review.md	H0 tracked counterpart:Inkeys/IdtMain.cpp,Inkeys/IdtState.cpp,Inkeys/Inkeys/Drawing/Draw3/Draw3.DrawingController.cpp,Inkeys/Inkeys/Drawing/Draw3/Draw3.DrawingController.cppm… (14/14 changed code paths map); .trellis/tasks/09-27-commit-and-security-audit/research/deep-state-draw3-review.md	Auxiliary HWND handoff remains; runtime DComp/ULW failure and exit-save gaps F-027/F-026 open	F-026,F-027	Static deep review complete; mapped fixes/build/manual GUI or Win7 pending as noted	fix(draw3): add selection presentation window
6303e3387cf87584ab0d46684e52b38c207ab765	2bef49bf9bc38c5af132cb2a4d467049089e1077	2026-08-16T18:40:52+08:00	2026-08-16T18:40:52+08:00	bugfix/animation bugfix/eraser bugfix/pptui bugfix/settingui chore/publish dev draw feature/cursor feature/recognition feature/ui3-i18n origin/bugfix/eraser origin/dev origin/feature/recognition origin/theme theme	yes	H0 reachable	fix	Build,Draw3,Host/PPT,Inkeys,PptCOM,StateBridge,UI3-Bar,binary	p1:43f,+895/-239,sha256:2e75e6c06970,paths:.trellis/spec/native-desktop/configuration-i18n-and-assets.md,.trellis/spec/native-desktop/draw3-integration.md,Inkeys/IdtMain.cpp,Inkeys/IdtPlug-in.cpp…,hunks:133; focus=SetDebugOptions(config.Debug.Enable, config.Debug.ShowFrameRate);,Windows 对创建时带 `WS_EX_NOREDIRECTIONBITMAP` 且已经绑定过 DComp tar,import Inkeys.Display;	deep: actual diff + current State/Draw3/UI/PPT call/failure chain; see deep-state-draw3-review.md	H0 tracked counterpart:Inkeys/IdtMain.cpp,Inkeys/IdtPlug-in.cpp,Inkeys/IdtState.cpp,Inkeys/IdtState.h… (36/36 changed code paths map); .trellis/tasks/09-27-commit-and-security-audit/research/deep-state-draw3-review.md	Clear/content chain remains; F-018/F-024 related working-tree fixes; local Release diagnostic code opt-in default false	F-018,F-024	Static deep review complete; mapped fixes/build/manual GUI or Win7 pending as noted	fix(draw3): repair selection clear and diagnostics behavior
2bef49bf9bc38c5af132cb2a4d467049089e1077	13e81fa0cee233bab91dc2b112d1d518aa2f2f8c	2026-08-16T15:17:14+08:00	2026-08-16T15:17:14+08:00	bugfix/animation bugfix/eraser bugfix/pptui bugfix/settingui chore/publish dev draw feature/cursor feature/recognition feature/ui3-i18n origin/bugfix/eraser origin/dev origin/feature/recognition origin/theme theme	yes	H0 reachable	ordinary	Build,Host/PPT	p1:3f,+1525/-14,sha256:17bc933764e1,paths:Inkeys/IdtMain.h,Inkeys/Inkeys.vcxproj,Inkeys/Inkeys.vcxproj.filters,hunks:5; focus=file-level	diff semantics + H0 project/diagnostic gate map	H0 tracked counterpart:Inkeys/IdtMain.h (1/1 changed code paths map)	IDT_RELEASE 注释使诊断受配置启用；头文件枚举为项目登记变更；正式 Debug/Release 行为须构建和产物核对		静态差异与 H0 路径核对；未运行本批测试	Disable IDT_RELEASE and enumerate headers
13e81fa0cee233bab91dc2b112d1d518aa2f2f8c	fc9a8b865cd8233f0fca66363dc10f35823465a4	2026-08-16T14:58:30+08:00	2026-08-16T15:06:53+08:00	bugfix/animation bugfix/eraser bugfix/pptui bugfix/settingui chore/publish dev draw feature/cursor feature/recognition feature/ui3-i18n origin/bugfix/eraser origin/dev origin/feature/recognition origin/theme theme	yes	H0 reachable	build/refactor	Build,Draw3,Draw3-demo,Inkeys,binary	p1:452f,+84/-125751,sha256:3ef850205e42,paths:.trellis/spec/native-desktop/draw3-integration.md,.trellis/tasks/08-15-migrate-draw3-into-inkeys/design.md,.trellis/tasks/08-15-migrate-draw3-into-inkeys/implement.md,.trellis/tasks/08-15-migrate-draw3-into-inkeys/prd.md…,hunks:469; focus=Windows 对创建时带 `WS_EX_NOREDIRECTIONBITMAP` 且已经绑定过 DComp tar,Draw3 作为 Inkeys Drawpad 的新实现进入主进程，但不成为新的顶,used by Draw3.	diff semantics + H0 fixed-library ABI/build map	H0 tracked counterpart:Inkeys/Inkeys/Drawing/Draw3/Draw3.InkPrediction.cpp (1/441 changed code paths map)	固定 Modeler 静态库取代源码编译，Debug 改 Release CRT/vcpkg；三架构 ABI/链接及许可证来源须发布构建验证		静态差异与 H0 路径核对；未运行本批测试	build(draw3): use fixed stroke modeler libraries
fc9a8b865cd8233f0fca66363dc10f35823465a4	1bc302d105b71c2831b6746e012a641b210a6a06	2026-08-16T13:45:50+08:00	2026-08-16T13:45:50+08:00	bugfix/animation bugfix/eraser bugfix/pptui bugfix/settingui chore/publish dev draw feature/cursor feature/recognition feature/ui3-i18n origin/bugfix/eraser origin/dev origin/feature/recognition origin/theme theme	yes	H0 reachable	feature	Build,Draw3,Draw3-demo,Host/PPT,Inkeys,StateBridge,UI3-Bar,binary	p1:953f,+189854/-6010,sha256:ee6b4c8b71fb,paths:.gitignore,.trellis/spec/native-desktop/draw3-integration.md,.trellis/spec/native-desktop/draw3-shaders.md,.trellis/spec/native-desktop/index.md…,hunks:1020; focus=PPT/WPS 的托管 COM 服务和原生边界另见 [../ppt-interop/index.md](../p,import Inkeys.Other.Config;,bool ReadSetting()	deep 953-file product integration path/blob/ABI/call-chain review	Current IdtMain/State/DrawpadFacade to Product Host/Bridge/RTS/Renderer/Presenter mapped in deep-import-review.md	F006 DWM gate confirmed at H0 and fixed pending runtime; F009 state bypass addressed pending GUI; Win7/present/save/ABI runtime still open	F006,F009	Static current-code review; GUI/Win7/runtime and final HF diff not verified	feat(draw3): integrate Draw3 drawpad runtime
1bc302d105b71c2831b6746e012a641b210a6a06	a0c7d568bd6260266b09f67cdbfaffac1e584c24 8d045298eaaac76f752b4f8b5f3303b3520e50b7	2026-08-15T17:21:45+08:00	2026-08-15T17:21:45+08:00	bugfix/animation bugfix/eraser bugfix/pptui bugfix/settingui chore/publish dev draw feature/cursor feature/recognition feature/ui3-i18n origin/bugfix/eraser origin/dev origin/feature/recognition origin/theme theme	yes	H0 reachable	merge	Build,Draw3,Draw3-demo,Host/PPT,Inkeys,PptCOM,StateBridge,UI3-Bar,binary	"p1:951f,+213849/-490,sha256:51ae7fbd8690,paths:.agents/skills/trellis-before-dev/SKILL.md,.agents/skills/trellis-brainstorm/SKILL.md,.agents/skills/trellis-break-loop/SKILL.md,.agents/skills/trellis-channel/SKILL.md…,hunks:961 | p2:671f,+306934/-297,sha256:cc13305f7242,paths:.coderabbit.yaml,.gitattributes,.github/workflows/build-windows.yml,.gitignore…,hunks:614; focus=When you copy-paste or rewrite existing logic:,grep -r ""functionName"" .,grep -r ""keyword"" ."	two-parent diffs + combined merge inspection	H0 tracked counterpart:Inkeys/additional/absl/algorithm/algorithm.h,Inkeys/additional/absl/algorithm/container.h,Inkeys/additional/absl/base/attributes.h,Inkeys/additional/absl/base/call_once.h… (737/963 changed code paths map)	已审合并范围：source history imported; combined diff has no runtime-code conflict resolution; imported source requires current-product review	B2-001	静态差异与 H0 路径核对；未运行本批测试	merge: import Draw3 source history
8d045298eaaac76f752b4f8b5f3303b3520e50b7	d32816b0e05d8f26a457199709179fbf5a4e37a6	2026-08-15T15:35:30+08:00	2026-08-15T15:35:30+08:00	bugfix/animation bugfix/eraser bugfix/pptui bugfix/settingui chore/publish dev draw draw3-source/main feature/cursor feature/recognition feature/ui3-i18n origin/bugfix/eraser origin/dev origin/feature/recognition origin/theme theme	yes	H0 reachable	feature	Draw3	p1:14f,+1590/-37,sha256:ac193a94824c,paths:.trellis/spec/native/runtime-and-rendering.md,.trellis/tasks/08-15-speed-eraser-oc/check.jsonl,.trellis/tasks/08-15-speed-eraser-oc/design.md,.trellis/tasks/08-15-speed-eraser-oc/implement.jsonl…,hunks:70; focus=Correct：关闭时直接回收后续 Touch 的 consumer slot；该手指必须,Correct：`mouseUsesSystemCursor -> WindowController 原子单一真值 -> 同,export namespace draw3	diff semantics + H0 product source map	H0 tracked counterpart:Inkeys/Inkeys/Drawing/Draw3/Draw3.DrawingController.cpp,Inkeys/Inkeys/Drawing/Draw3/Draw3.InkPrediction.cpp,Inkeys/Inkeys/Drawing/Draw3/Draw3.InkPrediction.cppm,Inkeys/Inkeys/Drawing/Draw3/Draw3.StrokeGeometry.cpp… (6/6 changed code paths map)	静态未确认该历史差异带来的现存缺陷；生产行为与自动/真机回归由 Draw3 专项验证		静态差异与 H0 路径核对；未运行本批测试	feat(eraser): add speed eraser OC smoothing
d32816b0e05d8f26a457199709179fbf5a4e37a6	56f778a7d6fc4c0b87622dc97103570872daac01	2026-08-15T08:39:13+08:00	2026-08-15T08:39:13+08:00	bugfix/animation bugfix/eraser bugfix/pptui bugfix/settingui chore/publish dev draw draw3-source/main feature/cursor feature/recognition feature/ui3-i18n origin/bugfix/eraser origin/dev origin/feature/recognition origin/theme theme	yes	H0 reachable	documentation/workflow	workflow/docs	p1:2f,+25/-3,sha256:aa676405d869,paths:.trellis/workspace/AlanCRL/index.md,.trellis/workspace/AlanCRL/journal-1.md,hunks:4; focus=Adjusted dashed-line center spacing from 4:2 to 4:6 so round-capped visible	diff content (documentation/workflow)	no runtime source path	不适用产品运行：仅规范、任务或 journal 内容变更；未修改运行时代码		静态差异与 H0 路径核对；未运行本批测试	chore: record journal
56f778a7d6fc4c0b87622dc97103570872daac01	9de6b7beaa029682b5f2bea7de7fa8c993dc3496	2026-08-15T08:38:48+08:00	2026-08-15T08:38:48+08:00	bugfix/animation bugfix/eraser bugfix/pptui bugfix/settingui chore/publish dev draw draw3-source/main feature/cursor feature/recognition feature/ui3-i18n origin/bugfix/eraser origin/dev origin/feature/recognition origin/theme theme	yes	H0 reachable	documentation/workflow	workflow/docs	p1:12f,+111/-111,sha256:48a1d5bc29a9,paths:.trellis/tasks/08-14-redo-history/check.jsonl,.trellis/tasks/08-14-redo-history/design.md,.trellis/tasks/08-14-redo-history/implement.jsonl,.trellis/tasks/08-14-redo-history/implement.md…,hunks:12; focus=file-level	diff content (documentation/workflow)	no runtime source path	不适用产品运行：仅规范、任务或 journal 内容变更；未修改运行时代码		静态差异与 H0 路径核对；未运行本批测试	chore(task): archive 08-14-redo-history
9de6b7beaa029682b5f2bea7de7fa8c993dc3496	92671d0ef0a2c6925ea06f4a65c6fd269959e88b	2026-08-15T08:37:56+08:00	2026-08-15T08:37:56+08:00	bugfix/animation bugfix/eraser bugfix/pptui bugfix/settingui chore/publish dev draw draw3-source/main feature/cursor feature/recognition feature/ui3-i18n origin/bugfix/eraser origin/dev origin/feature/recognition origin/theme theme	yes	H0 reachable	feature	Draw3	p1:14f,+462/-21,sha256:7bca522a9cb9,paths:.trellis/spec/native/runtime-and-rendering.md,.trellis/tasks/08-14-redo-history/check.jsonl,.trellis/tasks/08-14-redo-history/design.md,.trellis/tasks/08-14-redo-history/implement.jsonl…,hunks:29; focus=contact 结束时，Pen 用已确认真实点合并稳定前缀和完成态 tape,Correct：`活动 Touch 跟手 + Pen mailbox -> suppression 锁存到 Up；惯,Correct：`只用确认真实点生成最终 Stroke；先 Append，再从该对	diff semantics + H0 history/document call-chain map	H0 tracked counterpart:Inkeys/Inkeys/Drawing/Draw3/Draw3.DrawingController.cpp,Inkeys/Inkeys/Drawing/Draw3/Draw3.InkHistory.cpp,Inkeys/Inkeys/Drawing/Draw3/Draw3.InkHistory.cppm,Inkeys/Inkeys/Drawing/Draw3/Draw3.WindowControl.cpp… (5/5 changed code paths map)	静态映射到 H0 InkDocument/InkHistory；撤销/重做/页恢复真实持久化行为未由本审计验证		静态差异与 H0 路径核对；未运行本批测试	feat(history): add runtime redo and branch discard
92671d0ef0a2c6925ea06f4a65c6fd269959e88b	73caf7ae57f53b3332e4d974d0070656f345e006	2026-08-14T21:35:28+08:00	2026-08-14T21:35:28+08:00	bugfix/animation bugfix/eraser bugfix/pptui bugfix/settingui chore/publish dev draw draw3-source/main feature/cursor feature/recognition feature/ui3-i18n origin/bugfix/eraser origin/dev origin/feature/recognition origin/theme theme	yes	H0 reachable	fix	Draw3	p1:9f,+615/-43,sha256:da240fdeb91f,paths:inkStrokeModelerTest/draw3/drawing_controller.cpp,inkStrokeModelerTest/draw3/pen_cursor.cpp,inkStrokeModelerTest/draw3/pen_cursor.cppm,inkStrokeModelerTest/draw3/realtime_stylus.cpp…,hunks:52; focus=export namespace draw3,import draw3.ink_prediction;,int wmain(int argc, wchar_t* argv[])	diff semantics + H0 product source map	H0 tracked counterpart:Inkeys/Inkeys/Drawing/Draw3/Draw3.DrawingController.cpp,Inkeys/Inkeys/Drawing/Draw3/Draw3.PenCursor.cpp,Inkeys/Inkeys/Drawing/Draw3/Draw3.PenCursor.cppm,Inkeys/Inkeys/Drawing/Draw3/Draw3.RealtimeStylus.cpp… (7/7 changed code paths map)	静态未确认该历史差异带来的现存缺陷；生产行为与自动/真机回归由 Draw3 专项验证		静态差异与 H0 路径核对；未运行本批测试	fix(input): reject stale mouse cursor events after touch
73caf7ae57f53b3332e4d974d0070656f345e006	f44f9388802a5570e204aa7b09f9096884f4059f	2026-08-14T14:59:19+08:00	2026-08-14T14:59:19+08:00	bugfix/animation bugfix/eraser bugfix/pptui bugfix/settingui chore/publish dev draw draw3-source/main feature/cursor feature/recognition feature/ui3-i18n origin/bugfix/eraser origin/dev origin/feature/recognition origin/theme theme	yes	H0 reachable	documentation/workflow	workflow/docs	p1:2f,+26/-3,sha256:e6bcbfab9fb2,paths:.trellis/workspace/AlanCRL/index.md,.trellis/workspace/AlanCRL/journal-1.md,hunks:4; focus=Adjusted dashed-line center spacing from 4:2 to 4:6 so round-capped visible	diff content (documentation/workflow)	no runtime source path	不适用产品运行：仅规范、任务或 journal 内容变更；未修改运行时代码		静态差异与 H0 路径核对；未运行本批测试	chore: record journal
f44f9388802a5570e204aa7b09f9096884f4059f	5c29821a083ad0b6ea41ce322ebf79771ad37499	2026-08-14T14:58:57+08:00	2026-08-14T14:58:57+08:00	bugfix/animation bugfix/eraser bugfix/pptui bugfix/settingui chore/publish dev draw draw3-source/main feature/cursor feature/recognition feature/ui3-i18n origin/bugfix/eraser origin/dev origin/feature/recognition origin/theme theme	yes	H0 reachable	documentation/workflow	workflow/docs	p1:12f,+124/-124,sha256:5ed1ccf961e3,paths:.trellis/tasks/08-12-canvas-pan-dynamic-rendering/check.jsonl,.trellis/tasks/08-12-canvas-pan-dynamic-rendering/design.md,.trellis/tasks/08-12-canvas-pan-dynamic-rendering/implement.jsonl,.trellis/tasks/08-12-canvas-pan-dynamic-rendering/implement.md…,hunks:12; focus=file-level	diff content (documentation/workflow)	no runtime source path	不适用产品运行：仅规范、任务或 journal 内容变更；未修改运行时代码		静态差异与 H0 路径核对；未运行本批测试	chore(task): archive 08-12-canvas-pan-dynamic-rendering
5c29821a083ad0b6ea41ce322ebf79771ad37499	e4ddd5c9e010f2bea5c3df62966d7445fe85891f	2026-08-14T14:58:05+08:00	2026-08-14T14:58:05+08:00	bugfix/animation bugfix/eraser bugfix/pptui bugfix/settingui chore/publish dev draw draw3-source/main feature/cursor feature/recognition feature/ui3-i18n origin/bugfix/eraser origin/dev origin/feature/recognition origin/theme theme	yes	H0 reachable	ordinary	Draw3	p1:6f,+49/-12,sha256:576bbb5a877a,paths:.trellis/spec/native/runtime-and-rendering.md,inkStrokeModelerTest/draw3/diagnostics.cpp,inkStrokeModelerTest/draw3/drawing_controller.cpp,inkStrokeModelerTest/draw3/window_control.cpp…,hunks:10; focus=Correct：`Error 只清 active contact state；decoder/binding 通过 rare-write,export namespace draw3,int RunLaserIncrementalCoverageTests()	diff semantics + H0 gate/call-site map	H0 tracked counterpart:Inkeys/Inkeys/Drawing/Draw3/Draw3.Diagnostics.cpp,Inkeys/Inkeys/Drawing/Draw3/Draw3.DrawingController.cpp,Inkeys/Inkeys/Drawing/Draw3/Draw3.WindowControl.cpp,Inkeys/Inkeys/Drawing/Draw3/Draw3.WindowControl.cppm (4/4 changed code paths map)	当前发布入口未开放：H0 Canvas Navigation gate=false；共用输入/渲染代码仍需 Draw3 常规回归		静态差异与 H0 路径核对；未运行本批测试	chore: disable canvas navigation until integration
e4ddd5c9e010f2bea5c3df62966d7445fe85891f	a227744446f97cd5e090a8f8b262ab7318a70b48	2026-08-14T14:27:58+08:00	2026-08-14T14:27:58+08:00	bugfix/animation bugfix/eraser bugfix/pptui bugfix/settingui chore/publish dev draw draw3-source/main feature/cursor feature/recognition feature/ui3-i18n origin/bugfix/eraser origin/dev origin/feature/recognition origin/theme theme	yes	H0 reachable	fix	Draw3	p1:14f,+661/-229,sha256:a739195a6b2f,paths:.trellis/spec/native/runtime-and-rendering.md,.trellis/tasks/08-12-canvas-pan-dynamic-rendering/design.md,.trellis/tasks/08-12-canvas-pan-dynamic-rendering/implement.md,.trellis/tasks/08-12-canvas-pan-dynamic-rendering/prd.md…,hunks:76; focus=Correct：`Error 只清 active contact state；decoder/binding 通过 rare-write,Wrong：`screen point 直接写文档 -> viewport 进入 history key -> 平移,export namespace draw3	diff semantics + H0 gate/call-site map	H0 tracked counterpart:Inkeys/Inkeys/Drawing/Draw3/Draw3.CanvasNavigation.cpp,Inkeys/Inkeys/Drawing/Draw3/Draw3.CanvasNavigation.cppm,Inkeys/Inkeys/Drawing/Draw3/Draw3.DrawingController.cpp,Inkeys/Inkeys/Drawing/Draw3/Draw3.PenCursor.cpp… (7/7 changed code paths map)	当前发布入口未开放：H0 Canvas Navigation gate=false；共用输入/渲染代码仍需 Draw3 常规回归		静态差异与 H0 路径核对；未运行本批测试	fix: correct pan velocity and cursor ownership
a227744446f97cd5e090a8f8b262ab7318a70b48	dfa0d4f8700a968b2e4119738e80fbf449f29d80	2026-08-13T21:29:25+08:00	2026-08-13T21:29:25+08:00	bugfix/animation bugfix/eraser bugfix/pptui bugfix/settingui chore/publish dev draw draw3-source/main feature/cursor feature/recognition feature/ui3-i18n origin/bugfix/eraser origin/dev origin/feature/recognition origin/theme theme	yes	H0 reachable	fix	Draw3	p1:10f,+120/-33,sha256:14217d514a74,paths:.trellis/spec/native/runtime-and-rendering.md,inkStrokeModelerTest/draw3/canvas_navigation.cpp,inkStrokeModelerTest/draw3/canvas_navigation.cppm,inkStrokeModelerTest/draw3/drawing_controller.cpp…,hunks:28; focus=Correct：`Error 只清 active contact state；decoder/binding 通过 rare-write,Wrong：`screen point 直接写文档 -> viewport 进入 history key -> 平移,export namespace draw3	diff semantics + H0 gate/call-site map	H0 tracked counterpart:Inkeys/Inkeys/Drawing/Draw3/Draw3.CanvasNavigation.cpp,Inkeys/Inkeys/Drawing/Draw3/Draw3.CanvasNavigation.cppm,Inkeys/Inkeys/Drawing/Draw3/Draw3.DrawingController.cpp,Inkeys/Inkeys/Drawing/Draw3/Draw3.PenCursor.cpp… (7/7 changed code paths map)	当前发布入口未开放：H0 Canvas Navigation gate=false；共用输入/渲染代码仍需 Draw3 常规回归		静态差异与 H0 路径核对；未运行本批测试	fix: stabilize pan momentum and pen cursor
dfa0d4f8700a968b2e4119738e80fbf449f29d80	281c7400a3c1f75631ab759e109da965e24c2c73	2026-08-13T20:53:01+08:00	2026-08-13T20:53:01+08:00	bugfix/animation bugfix/eraser bugfix/pptui bugfix/settingui chore/publish dev draw draw3-source/main feature/cursor feature/recognition feature/ui3-i18n origin/bugfix/eraser origin/dev origin/feature/recognition origin/theme theme	yes	H0 reachable	ordinary	Draw3	p1:6f,+609/-14,sha256:1344976d52f8,paths:inkStrokeModelerTest/draw3/drawing_controller.cpp,inkStrokeModelerTest/draw3/pen_cursor.cpp,inkStrokeModelerTest/draw3/pen_cursor.cppm,inkStrokeModelerTest/draw3/window_control.cpp…,hunks:34; focus=export namespace draw3,int RunLaserIncrementalCoverageTests()	diff semantics + H0 gate/call-site map	H0 tracked counterpart:Inkeys/Inkeys/Drawing/Draw3/Draw3.DrawingController.cpp,Inkeys/Inkeys/Drawing/Draw3/Draw3.PenCursor.cpp,Inkeys/Inkeys/Drawing/Draw3/Draw3.PenCursor.cppm,Inkeys/Inkeys/Drawing/Draw3/Draw3.WindowControl.cpp… (5/5 changed code paths map)	当前发布入口未开放：H0 Canvas Navigation gate=false；共用输入/渲染代码仍需 Draw3 常规回归		静态差异与 H0 路径核对；未运行本批测试	chore: add canvas pan cursor diagnostics
281c7400a3c1f75631ab759e109da965e24c2c73	7b8bdd30f1495897bd8aa70d50311b1052d57b9f	2026-08-13T19:58:48+08:00	2026-08-13T19:58:48+08:00	bugfix/animation bugfix/eraser bugfix/pptui bugfix/settingui chore/publish dev draw draw3-source/main feature/cursor feature/recognition feature/ui3-i18n origin/bugfix/eraser origin/dev origin/feature/recognition origin/theme theme	yes	H0 reachable	fix	Draw3	p1:12f,+157/-49,sha256:084bea149304,paths:.trellis/spec/guides/cross-layer-thinking-guide.md,.trellis/spec/native/runtime-and-rendering.md,.trellis/tasks/08-12-canvas-pan-dynamic-rendering/design.md,.trellis/tasks/08-12-canvas-pan-dynamic-rendering/implement.md…,hunks:25; focus=Win32 window message,Correct：`Error 只清 active contact state；decoder/binding 通过 rare-write,export namespace draw3	diff semantics + H0 gate/call-site map	H0 tracked counterpart:Inkeys/Inkeys/Drawing/Draw3/Draw3.CanvasNavigation.cpp,Inkeys/Inkeys/Drawing/Draw3/Draw3.CanvasNavigation.cppm,Inkeys/Inkeys/Drawing/Draw3/Draw3.DrawingController.cpp,Inkeys/Inkeys/Drawing/Draw3/Draw3.WindowControl.cpp… (5/5 changed code paths map)	当前发布入口未开放：H0 Canvas Navigation gate=false；共用输入/渲染代码仍需 Draw3 常规回归		静态差异与 H0 路径核对；未运行本批测试	fix: stabilize canvas pan transitions
7b8bdd30f1495897bd8aa70d50311b1052d57b9f	bafb58f4abc6a4eb161b7b61fff1e5fde5f5fa9b	2026-08-13T18:53:54+08:00	2026-08-13T18:53:54+08:00	bugfix/animation bugfix/eraser bugfix/pptui bugfix/settingui chore/publish dev draw draw3-source/main feature/cursor feature/recognition feature/ui3-i18n origin/bugfix/eraser origin/dev origin/feature/recognition origin/theme theme	yes	H0 reachable	fix	Draw3	p1:10f,+503/-396,sha256:9130a42a33d7,paths:.trellis/spec/native/runtime-and-rendering.md,.trellis/tasks/08-12-canvas-pan-dynamic-rendering/design.md,.trellis/tasks/08-12-canvas-pan-dynamic-rendering/implement.md,inkStrokeModelerTest/draw3/canvas_navigation.cpp…,hunks:46; focus=Correct：`Error 只清 active contact state；decoder/binding 通过 rare-write,Wrong：`screen point 直接写文档 -> viewport 进入 history key -> 平移,export namespace draw3	diff semantics + H0 gate/call-site map	H0 tracked counterpart:Inkeys/Inkeys/Drawing/Draw3/Draw3.CanvasNavigation.cpp,Inkeys/Inkeys/Drawing/Draw3/Draw3.CanvasNavigation.cppm,Inkeys/Inkeys/Drawing/Draw3/Draw3.Diagnostics.cpp,Inkeys/Inkeys/Drawing/Draw3/Draw3.Diagnostics.cppm… (5/5 changed code paths map)	当前发布入口未开放：H0 Canvas Navigation gate=false；共用输入/渲染代码仍需 Draw3 常规回归		静态差异与 H0 路径核对；未运行本批测试	fix: replace canvas inertia backend
bafb58f4abc6a4eb161b7b61fff1e5fde5f5fa9b	bcaac0d4b93d9cb05a910772dadbc852654111a6	2026-08-12T21:27:32+08:00	2026-08-12T21:27:32+08:00	bugfix/animation bugfix/eraser bugfix/pptui bugfix/settingui chore/publish dev draw draw3-source/main feature/cursor feature/recognition feature/ui3-i18n origin/bugfix/eraser origin/dev origin/feature/recognition origin/theme theme	yes	H0 reachable	fix	Draw3	p1:11f,+162/-43,sha256:d0f11bde7268,paths:.trellis/spec/native/platform-and-resources.md,.trellis/spec/native/runtime-and-rendering.md,.trellis/tasks/08-12-canvas-pan-dynamic-rendering/design.md,.trellis/tasks/08-12-canvas-pan-dynamic-rendering/implement.md…,hunks:31; focus=bool TransparentPresentationController::Present(RECT dirty, bool presentFul,bool TransparentPresentationController::Present(RECT dirty, bool presentFul,bool TransparentPresentationController::Present(RECT dirty, bool presentFul	diff semantics + H0 gate/call-site map	H0 tracked counterpart:Inkeys/Inkeys/Drawing/Draw3/Draw3.CanvasNavigation.cpp,Inkeys/Inkeys/Drawing/Draw3/Draw3.CanvasNavigation.cppm,Inkeys/Inkeys/Drawing/Draw3/Draw3.DrawingController.cpp,Inkeys/Inkeys/Drawing/Draw3/Draw3.WindowControl.cpp (4/4 changed code paths map)	当前发布入口未开放：H0 Canvas Navigation gate=false；共用输入/渲染代码仍需 Draw3 常规回归		静态差异与 H0 路径核对；未运行本批测试	fix: refine canvas inertia and window behavior
bcaac0d4b93d9cb05a910772dadbc852654111a6	08d95d3fe419fc75270d370d496169ab160a78dc	2026-08-12T20:21:51+08:00	2026-08-12T20:21:51+08:00	bugfix/animation bugfix/eraser bugfix/pptui bugfix/settingui chore/publish dev draw draw3-source/main feature/cursor feature/recognition feature/ui3-i18n origin/bugfix/eraser origin/dev origin/feature/recognition origin/theme theme	yes	H0 reachable	fix	Draw3	p1:14f,+301/-33,sha256:d51f4c81e75e,paths:.trellis/spec/guides/cross-layer-thinking-guide.md,.trellis/spec/native/runtime-and-rendering.md,.trellis/tasks/08-12-canvas-pan-dynamic-rendering/design.md,.trellis/tasks/08-12-canvas-pan-dynamic-rendering/implement.md…,hunks:39; focus=Win32 window message,Correct：`Error 只清 active contact state；decoder/binding 通过 rare-write,Correct：`真实 Touch Move + Touch QPC 更新速度 -> Up 前锁存 -> Windows	diff semantics + H0 gate/call-site map	H0 tracked counterpart:Inkeys/Inkeys/Drawing/Draw3/Draw3.CanvasNavigation.cpp,Inkeys/Inkeys/Drawing/Draw3/Draw3.CanvasNavigation.cppm,Inkeys/Inkeys/Drawing/Draw3/Draw3.DrawingController.cpp,Inkeys/Inkeys/Drawing/Draw3/Draw3.PenCursor.cpp… (7/7 changed code paths map)	当前发布入口未开放：H0 Canvas Navigation gate=false；共用输入/渲染代码仍需 Draw3 常规回归		静态差异与 H0 路径核对；未运行本批测试	fix: refine canvas pan pen suppression
08d95d3fe419fc75270d370d496169ab160a78dc	04081c6e17ee7e42ef253edf600f3fefa67b55a3	2026-08-12T18:24:52+08:00	2026-08-12T18:24:52+08:00	bugfix/animation bugfix/eraser bugfix/pptui bugfix/settingui chore/publish dev draw draw3-source/main feature/cursor feature/recognition feature/ui3-i18n origin/bugfix/eraser origin/dev origin/feature/recognition origin/theme theme	yes	H0 reachable	fix	Draw3	p1:16f,+629/-181,sha256:409437d833bb,paths:.trellis/spec/native/runtime-and-rendering.md,.trellis/tasks/08-12-canvas-pan-dynamic-rendering/design.md,.trellis/tasks/08-12-canvas-pan-dynamic-rendering/implement.md,.trellis/tasks/08-12-canvas-pan-dynamic-rendering/prd.md…,hunks:63; focus=Correct：`Error 只清 active contact state；decoder/binding 通过 rare-write,Wrong：`screen point 直接写文档 -> viewport 进入 history key -> 平移,Correct：`只用确认真实点生成最终 Stroke；先 Append，再从该对	diff semantics + H0 gate/call-site map	H0 tracked counterpart:Inkeys/Inkeys/Drawing/Draw3/Draw3.CanvasNavigation.cpp,Inkeys/Inkeys/Drawing/Draw3/Draw3.CanvasNavigation.cppm,Inkeys/Inkeys/Drawing/Draw3/Draw3.DrawingController.cpp,Inkeys/Inkeys/Drawing/Draw3/Draw3.InkHistory.cpp… (9/9 changed code paths map)	当前发布入口未开放：H0 Canvas Navigation gate=false；共用输入/渲染代码仍需 Draw3 常规回归		静态差异与 H0 路径核对；未运行本批测试	fix: refine canvas navigation and restore behavior
04081c6e17ee7e42ef253edf600f3fefa67b55a3	ca63944ed9b0f3ac994a6255c9dcb7b105b657cd	2026-08-12T15:26:17+08:00	2026-08-12T15:26:17+08:00	bugfix/animation bugfix/eraser bugfix/pptui bugfix/settingui chore/publish dev draw draw3-source/main feature/cursor feature/recognition feature/ui3-i18n origin/bugfix/eraser origin/dev origin/feature/recognition origin/theme theme	yes	H0 reachable	feature	Build,Draw3,Draw3-demo,binary	p1:39f,+2478/-119,sha256:b1c8f376fb5a,paths:.trellis/spec/native/runtime-and-rendering.md,.trellis/spec/shaders/cpu-gpu-contracts.md,.trellis/tasks/08-12-canvas-pan-dynamic-rendering/check.jsonl,.trellis/tasks/08-12-canvas-pan-dynamic-rendering/design.md…,hunks:138; focus=Correct：`Error 只清 active contact state；decoder/binding 通过 rare-write,VS/PS 显式解绑。,Laser 矩形 shape `8/11/12/13` 不读取 `InkData`：CPU 把 `(left, top, right	diff semantics + H0 gate/call-site map	H0 tracked counterpart:Inkeys/Inkeys/Drawing/Draw3/Draw3.CanvasNavigation.cpp,Inkeys/Inkeys/Drawing/Draw3/Draw3.CanvasNavigation.cppm,Inkeys/Inkeys/Drawing/Draw3/Draw3.ContactInput.cpp,Inkeys/Inkeys/Drawing/Draw3/Draw3.ContactInput.cppm… (21/21 changed code paths map)	当前发布入口未开放：H0 Canvas Navigation gate=false；共用输入/渲染代码仍需 Draw3 常规回归		静态差异与 H0 路径核对；未运行本批测试	feat: add free canvas navigation and rendering
ca63944ed9b0f3ac994a6255c9dcb7b105b657cd	ba375f4dc398c18691c594645ba1e69c357be761	2026-08-12T09:18:10+08:00	2026-08-12T09:18:10+08:00	bugfix/animation bugfix/eraser bugfix/pptui bugfix/settingui chore/publish dev draw draw3-source/main feature/cursor feature/recognition feature/ui3-i18n origin/bugfix/eraser origin/dev origin/feature/recognition origin/theme theme	yes	H0 reachable	fix	Draw3	p1:11f,+186/-33,sha256:f2c3f0fa7d05,paths:.trellis/spec/native/runtime-and-rendering.md,inkStrokeModelerTest/draw3/drawing_controller.cpp,inkStrokeModelerTest/draw3/drawing_controller.cppm,inkStrokeModelerTest/draw3/ink_prediction.cppm…,hunks:32; focus=Correct：关闭时直接回收后续 Touch 的 consumer slot；该手指必须,Correct：`drawingCursorDuringContactEnabled -> ResolvePrimaryDrawingCursorVi,export namespace draw3	diff semantics + H0 product source map	H0 tracked counterpart:Inkeys/Inkeys/Drawing/Draw3/Draw3.DrawingController.cpp,Inkeys/Inkeys/Drawing/Draw3/Draw3.DrawingController.cppm,Inkeys/Inkeys/Drawing/Draw3/Draw3.InkPrediction.cppm,Inkeys/Inkeys/Drawing/Draw3/Draw3.PenCursor.cpp… (7/7 changed code paths map)	静态未确认该历史差异带来的现存缺陷；生产行为与自动/真机回归由 Draw3 专项验证		静态差异与 H0 路径核对；未运行本批测试	fix: refine drawing cursor input behavior
ba375f4dc398c18691c594645ba1e69c357be761	1aba44fb98b802febbf2e66c08d6fc99f6c20329	2026-08-12T08:11:30+08:00	2026-08-12T08:11:30+08:00	bugfix/animation bugfix/eraser bugfix/pptui bugfix/settingui chore/publish dev draw draw3-source/main feature/cursor feature/recognition feature/ui3-i18n origin/bugfix/eraser origin/dev origin/feature/recognition origin/theme theme	yes	H0 reachable	documentation/workflow	workflow/docs	p1:2f,+25/-3,sha256:4c51b566da6e,paths:.trellis/workspace/AlanCRL/index.md,.trellis/workspace/AlanCRL/journal-1.md,hunks:4; focus=Implemented Q/W/E/R analytic Shape tools with predicted L0 rendering, store	diff content (documentation/workflow)	no runtime source path	不适用产品运行：仅规范、任务或 journal 内容变更；未修改运行时代码		静态差异与 H0 路径核对；未运行本批测试	chore: record journal
1aba44fb98b802febbf2e66c08d6fc99f6c20329	dfbbd2acffdd1c0878d2ddf822c8664df596e2f6	2026-08-12T08:11:08+08:00	2026-08-12T08:11:08+08:00	bugfix/animation bugfix/eraser bugfix/pptui bugfix/settingui chore/publish dev draw draw3-source/main feature/cursor feature/recognition feature/ui3-i18n origin/bugfix/eraser origin/dev origin/feature/recognition origin/theme theme	yes	H0 reachable	documentation/workflow	workflow/docs	p1:12f,+168/-168,sha256:0afa871b67dc,paths:.trellis/tasks/08-11-shape-tools-line-rectangle/check.jsonl,.trellis/tasks/08-11-shape-tools-line-rectangle/design.md,.trellis/tasks/08-11-shape-tools-line-rectangle/implement.jsonl,.trellis/tasks/08-11-shape-tools-line-rectangle/implement.md…,hunks:12; focus=file-level	diff content (documentation/workflow)	no runtime source path	不适用产品运行：仅规范、任务或 journal 内容变更；未修改运行时代码		静态差异与 H0 路径核对；未运行本批测试	chore(task): archive 08-11-shape-tools-line-rectangle
dfbbd2acffdd1c0878d2ddf822c8664df596e2f6	40a0b5ec5aeaa0782bc0e7a78cd438d1e39ffbf6	2026-08-12T08:10:10+08:00	2026-08-12T08:10:10+08:00	bugfix/animation bugfix/eraser bugfix/pptui bugfix/settingui chore/publish dev draw draw3-source/main feature/cursor feature/recognition feature/ui3-i18n origin/bugfix/eraser origin/dev origin/feature/recognition origin/theme theme	yes	H0 reachable	fix	Draw3,Draw3-demo,binary	p1:19f,+182/-179,sha256:313db8499e98,paths:.trellis/spec/native/runtime-and-rendering.md,.trellis/spec/shaders/cpu-gpu-contracts.md,.trellis/tasks/08-11-shape-tools-line-rectangle/check.jsonl,.trellis/tasks/08-11-shape-tools-line-rectangle/design.md…,hunks:21; focus=float2 halfSize,Laser 矩形 shape `8/11/12/13` 不读取 `InkData`：CPU 把 `(left, top, right,MSBuild.exe .\inkStrokeModelerTest.sln /m /p:Configuration=Debug /p:Platfor	diff semantics + H0 product source map	H0 tracked counterpart:Inkeys/Inkeys/Drawing/Draw3/Draw3.Renderer.cppm,Inkeys/Inkeys/Drawing/Draw3/Assets/inkPixelShader.hlsl (2/2 changed code paths map)	静态未确认该历史差异带来的现存缺陷；生产行为与自动/真机回归由 Draw3 专项验证		静态差异与 H0 路径核对；未运行本批测试	fix: tune shape dash spacing and corner radius
40a0b5ec5aeaa0782bc0e7a78cd438d1e39ffbf6	f7ee8911a1e21aa0466500d1d61fb9e0f8df2a9f	2026-08-11T21:56:48+08:00	2026-08-11T21:56:48+08:00	bugfix/animation bugfix/eraser bugfix/pptui bugfix/settingui chore/publish dev draw draw3-source/main feature/cursor feature/recognition feature/ui3-i18n origin/bugfix/eraser origin/dev origin/feature/recognition origin/theme theme	yes	H0 reachable	documentation/workflow	workflow/docs	p1:2f,+24/-2,sha256:8881b8aa2e77,paths:.trellis/workspace/AlanCRL/index.md,.trellis/workspace/AlanCRL/journal-1.md,hunks:4; focus=Fixed Pen/Mouse cursor authority handoff, immediate Pen hover coordinates, 	diff content (documentation/workflow)	no runtime source path	不适用产品运行：仅规范、任务或 journal 内容变更；未修改运行时代码		静态差异与 H0 路径核对；未运行本批测试	chore: record journal
f7ee8911a1e21aa0466500d1d61fb9e0f8df2a9f	d192f249ec45f495f25a339c74ad371ef5aa7a4b	2026-08-11T21:56:29+08:00	2026-08-11T21:56:29+08:00	bugfix/animation bugfix/eraser bugfix/pptui bugfix/settingui chore/publish dev draw draw3-source/main feature/cursor feature/recognition feature/ui3-i18n origin/bugfix/eraser origin/dev origin/feature/recognition origin/theme theme	yes	H0 reachable	documentation/workflow	workflow/docs	p1:12f,+168/-168,sha256:0076dd74db20,paths:.trellis/tasks/08-11-shape-tools-line-rectangle/check.jsonl,.trellis/tasks/08-11-shape-tools-line-rectangle/design.md,.trellis/tasks/08-11-shape-tools-line-rectangle/implement.jsonl,.trellis/tasks/08-11-shape-tools-line-rectangle/implement.md…,hunks:12; focus=file-level	diff content (documentation/workflow)	no runtime source path	不适用产品运行：仅规范、任务或 journal 内容变更；未修改运行时代码		静态差异与 H0 路径核对；未运行本批测试	chore(task): archive 08-11-shape-tools-line-rectangle
d192f249ec45f495f25a339c74ad371ef5aa7a4b	f217b19c8feba3cc3d78bda3f352317192ba3359	2026-08-11T21:55:48+08:00	2026-08-11T21:55:48+08:00	bugfix/animation bugfix/eraser bugfix/pptui bugfix/settingui chore/publish dev draw draw3-source/main feature/cursor feature/recognition feature/ui3-i18n origin/bugfix/eraser origin/dev origin/feature/recognition origin/theme theme	yes	H0 reachable	feature	Draw3,Draw3-demo,binary	p1:29f,+1262/-56,sha256:01fd3d4cde49,paths:.trellis/spec/guides/cross-layer-thinking-guide.md,.trellis/spec/native/runtime-and-rendering.md,.trellis/spec/shaders/cpu-gpu-contracts.md,.trellis/tasks/08-11-shape-tools-line-rectangle/check.jsonl…,hunks:84; focus=Win32 window message,C++ 用 `static_assert(sizeof(InkPoint) == 16)`，D3D buffer 的 `StructureByteS,float2 halfSize	diff semantics + H0 product source map	H0 tracked counterpart:Inkeys/Inkeys/Drawing/Draw3/Draw3.DrawingController.cpp,Inkeys/Inkeys/Drawing/Draw3/Draw3.InkDocument.cpp,Inkeys/Inkeys/Drawing/Draw3/Draw3.InkDocument.cppm,Inkeys/Inkeys/Drawing/Draw3/Draw3.InkHistory.cpp… (13/13 changed code paths map)	静态未确认该历史差异带来的现存缺陷；生产行为与自动/真机回归由 Draw3 专项验证		静态差异与 H0 路径核对；未运行本批测试	feat: add analytic line and rectangle tools
f217b19c8feba3cc3d78bda3f352317192ba3359	f3a573bcc91fc93d387daa3b5826fb8778086e28	2026-08-11T00:24:09+08:00	2026-08-11T00:24:09+08:00	bugfix/animation bugfix/eraser bugfix/pptui bugfix/settingui chore/publish dev draw draw3-source/main feature/cursor feature/recognition feature/ui3-i18n origin/bugfix/eraser origin/dev origin/feature/recognition origin/theme theme	yes	H0 reachable	documentation/workflow	workflow/docs	p1:2f,+26/-3,sha256:1bf538e48b91,paths:.trellis/workspace/AlanCRL/index.md,.trellis/workspace/AlanCRL/journal-1.md,hunks:4; focus=Fixed Pen/Mouse cursor authority handoff, immediate Pen hover coordinates, 	diff content (documentation/workflow)	no runtime source path	不适用产品运行：仅规范、任务或 journal 内容变更；未修改运行时代码		静态差异与 H0 路径核对；未运行本批测试	chore: record journal
f3a573bcc91fc93d387daa3b5826fb8778086e28	ebfd0ed63b837632d265e1f79ec23d785088fbdf	2026-08-11T00:23:20+08:00	2026-08-11T00:23:20+08:00	bugfix/animation bugfix/eraser bugfix/pptui bugfix/settingui chore/publish dev draw draw3-source/main feature/cursor feature/recognition feature/ui3-i18n origin/bugfix/eraser origin/dev origin/feature/recognition origin/theme theme	yes	H0 reachable	documentation/workflow	workflow/docs	p1:12f,+385/-385,sha256:3958a725b6e3,paths:.trellis/tasks/08-09-ink-persistence-document-model/check.jsonl,.trellis/tasks/08-09-ink-persistence-document-model/design.md,.trellis/tasks/08-09-ink-persistence-document-model/implement.jsonl,.trellis/tasks/08-09-ink-persistence-document-model/implement.md…,hunks:12; focus=file-level	diff content (documentation/workflow)	no runtime source path	不适用产品运行：仅规范、任务或 journal 内容变更；未修改运行时代码		静态差异与 H0 路径核对；未运行本批测试	chore(task): archive 08-09-ink-persistence-document-model
ebfd0ed63b837632d265e1f79ec23d785088fbdf	1cc746e7442ac62dd9dd069ab6b386a591fa63a4	2026-08-11T00:18:14+08:00	2026-08-11T00:18:14+08:00	bugfix/animation bugfix/eraser bugfix/pptui bugfix/settingui chore/publish dev draw draw3-source/main feature/cursor feature/recognition feature/ui3-i18n origin/bugfix/eraser origin/dev origin/feature/recognition origin/theme theme	yes	H0 reachable	feature	Build,Draw3,Draw3-demo,binary	p1:30f,+4765/-227,sha256:594a9d33c8bf,paths:.trellis/spec/guides/cross-layer-thinking-guide.md,.trellis/spec/native/runtime-and-rendering.md,.trellis/spec/shaders/cpu-gpu-contracts.md,.trellis/tasks/08-09-ink-persistence-document-model/design.md…,hunks:75; focus=Win32 window message,Correct：关闭时直接回收后续 Touch 的 consumer slot；该手指必须,Wrong：`每个 RTS/WM_POINTER Contact cursor 样本都 SetEvent`，或为避免	diff semantics + H0 history/document call-chain map	H0 tracked counterpart:Inkeys/Inkeys/Drawing/Draw3/Draw3.DrawingController.cpp,Inkeys/Inkeys/Drawing/Draw3/Draw3.DrawingController.cppm,Inkeys/Inkeys/Drawing/Draw3/Draw3.InkHistory.cpp,Inkeys/Inkeys/Drawing/Draw3/Draw3.InkHistory.cppm… (15/15 changed code paths map)	静态映射到 H0 InkDocument/InkHistory；撤销/重做/页恢复真实持久化行为未由本审计验证		静态差异与 H0 路径核对；未运行本批测试	feat: add tiled ink undo and page restore
1cc746e7442ac62dd9dd069ab6b386a591fa63a4	87f58dd0c4a711748b02545d260a163a89062e50	2026-08-10T15:16:01+08:00	2026-08-10T15:16:01+08:00	bugfix/animation bugfix/eraser bugfix/pptui bugfix/settingui chore/publish dev draw draw3-source/main feature/cursor feature/recognition feature/ui3-i18n origin/bugfix/eraser origin/dev origin/feature/recognition origin/theme theme	yes	H0 reachable	feature	Build,Draw3	p1:27f,+1207/-246,sha256:e61b196df8b0,paths:.trellis/spec/guides/cross-layer-thinking-guide.md,.trellis/spec/native/quality-and-validation.md,.trellis/spec/native/runtime-and-rendering.md,.trellis/spec/open-questions.md…,hunks:68; focus=Win32 window message,Release 运行指标用 `--metrics-output <json> --strict-metrics` 启用；关,Correct：关闭时直接回收后续 Touch 的 consumer slot；该手指必须	diff semantics + H0 history/document call-chain map	H0 tracked counterpart:Inkeys/Inkeys/Drawing/Draw3/Draw3.DrawingController.cpp,Inkeys/Inkeys/Drawing/Draw3/Draw3.DrawingController.cppm,Inkeys/Inkeys/Drawing/Draw3/Draw3.InkDocument.cpp,Inkeys/Inkeys/Drawing/Draw3/Draw3.InkDocument.cppm… (8/8 changed code paths map)	静态映射到 H0 InkDocument/InkHistory；撤销/重做/页恢复真实持久化行为未由本审计验证		静态差异与 H0 路径核对；未运行本批测试	feat: add ink document persistence model
87f58dd0c4a711748b02545d260a163a89062e50	ab208713cb492ce56800fd042e215e5cc5a3a5e6	2026-08-09T20:07:35+08:00	2026-08-09T20:07:35+08:00	bugfix/animation bugfix/eraser bugfix/pptui bugfix/settingui chore/publish dev draw draw3-source/main feature/cursor feature/recognition feature/ui3-i18n origin/bugfix/eraser origin/dev origin/feature/recognition origin/theme theme	yes	H0 reachable	documentation/workflow	workflow/docs	p1:2f,+25/-3,sha256:3bcd509a0e6b,paths:.trellis/workspace/AlanCRL/index.md,.trellis/workspace/AlanCRL/journal-1.md,hunks:4; focus=Fixed Pen/Mouse cursor authority handoff, immediate Pen hover coordinates, 	diff content (documentation/workflow)	no runtime source path	不适用产品运行：仅规范、任务或 journal 内容变更；未修改运行时代码		静态差异与 H0 路径核对；未运行本批测试	chore: record journal
ab208713cb492ce56800fd042e215e5cc5a3a5e6	49dcbfebc1537ea31506d7e53b54c5c735f0a8c2	2026-08-09T20:07:16+08:00	2026-08-09T20:07:16+08:00	bugfix/animation bugfix/eraser bugfix/pptui bugfix/settingui chore/publish dev draw draw3-source/main feature/cursor feature/recognition feature/ui3-i18n origin/bugfix/eraser origin/dev origin/feature/recognition origin/theme theme	yes	H0 reachable	documentation/workflow	workflow/docs	p1:14f,+733/-733,sha256:d38847992564,paths:.trellis/tasks/08-08-windows-ink-input-lag-regression/check.jsonl,.trellis/tasks/08-08-windows-ink-input-lag-regression/design.md,.trellis/tasks/08-08-windows-ink-input-lag-regression/implement.jsonl,.trellis/tasks/08-08-windows-ink-input-lag-regression/implement.md…,hunks:14; focus=file-level	diff content (documentation/workflow)	no runtime source path	不适用产品运行：仅规范、任务或 journal 内容变更；未修改运行时代码		静态差异与 H0 路径核对；未运行本批测试	chore(task): archive 08-08-windows-ink-input-lag-regression
49dcbfebc1537ea31506d7e53b54c5c735f0a8c2	2520c2ccf1559cf975aa3e95f51163cb2ef75a99	2026-08-09T20:06:33+08:00	2026-08-09T20:06:33+08:00	bugfix/animation bugfix/eraser bugfix/pptui bugfix/settingui chore/publish dev draw draw3-source/main feature/cursor feature/recognition feature/ui3-i18n origin/bugfix/eraser origin/dev origin/feature/recognition origin/theme theme	yes	H0 reachable	fix	Build,Draw3,Draw3-demo	p1:24f,+354/-2839,sha256:5e5b0b19e10f,paths:.trellis/spec/native/runtime-and-rendering.md,.trellis/tasks/08-08-windows-ink-input-lag-regression/design.md,.trellis/tasks/08-08-windows-ink-input-lag-regression/implement.md,.trellis/tasks/08-08-windows-ink-input-lag-regression/prd.md…,hunks:116; focus=Correct：关闭时直接回收后续 Touch 的 consumer slot；该手指必须,Correct：`Contact sample -> latest mailbox only`；已有 120 Hz 活动帧读,DrawingController 每帧只在 trace 已启用时执行少量 QPC、标量复制	diff semantics + H0 product source map	H0 tracked counterpart:Inkeys/Inkeys/Drawing/Draw3/Draw3.ContactInput.cpp,Inkeys/Inkeys/Drawing/Draw3/Draw3.Diagnostics.cpp,Inkeys/Inkeys/Drawing/Draw3/Draw3.Diagnostics.cppm,Inkeys/Inkeys/Drawing/Draw3/Draw3.DrawingController.cpp… (12/13 changed code paths map)	静态未确认该历史差异带来的现存缺陷；生产行为与自动/真机回归由 Draw3 专项验证		静态差异与 H0 路径核对；未运行本批测试	fix: clean up Windows Ink diagnostics and add contact cursor setting
2520c2ccf1559cf975aa3e95f51163cb2ef75a99	418338aca007127ac87a379012fec698638bd6c2	2026-08-09T02:41:57+08:00	2026-08-09T02:41:57+08:00	bugfix/animation bugfix/eraser bugfix/pptui bugfix/settingui chore/publish dev draw draw3-source/main feature/cursor feature/recognition feature/ui3-i18n origin/bugfix/eraser origin/dev origin/feature/recognition origin/theme theme	yes	H0 reachable	feature	Draw3	p1:10f,+1608/-26,sha256:86a9c5b6597a,paths:.trellis/tasks/08-08-windows-ink-input-lag-regression/design.md,.trellis/tasks/08-08-windows-ink-input-lag-regression/implement.md,.trellis/tasks/08-08-windows-ink-input-lag-regression/prd.md,inkStrokeModelerTest/draw3/diagnostics.cpp…,hunks:60; focus=RTS decoder 的 `TDK_Mouse` 映射为 MouseLeft，Down 时按既有按键状态,export namespace draw3,import draw3.contact_input;	diff semantics + H0 product source map	H0 tracked counterpart:Inkeys/Inkeys/Drawing/Draw3/Draw3.Diagnostics.cpp,Inkeys/Inkeys/Drawing/Draw3/Draw3.Diagnostics.cppm,Inkeys/Inkeys/Drawing/Draw3/Draw3.DrawingController.cpp,Inkeys/Inkeys/Drawing/Draw3/Draw3.DrawingController.cppm… (6/6 changed code paths map)	静态未确认该历史差异带来的现存缺陷；生产行为与自动/真机回归由 Draw3 专项验证		静态差异与 H0 路径核对；未运行本批测试	Add Modeler->Present diagnostics (Phase 2)
418338aca007127ac87a379012fec698638bd6c2	949752a15746375e25befb615ad98675198f6e9f	2026-08-09T00:15:16+08:00	2026-08-09T00:15:16+08:00	bugfix/animation bugfix/eraser bugfix/pptui bugfix/settingui chore/publish dev draw draw3-source/main feature/cursor feature/recognition feature/ui3-i18n origin/bugfix/eraser origin/dev origin/feature/recognition origin/theme theme	yes	H0 reachable	feature	Build,Draw3,Draw3-demo	p1:16f,+1756/-192,sha256:800059d1560f,paths:.trellis/tasks/08-08-windows-ink-input-lag-regression/check.jsonl,.trellis/tasks/08-08-windows-ink-input-lag-regression/design.md,.trellis/tasks/08-08-windows-ink-input-lag-regression/implement.jsonl,.trellis/tasks/08-08-windows-ink-input-lag-regression/implement.md…,hunks:64; focus=cursor-before-Move 在 0729 已存在。区别是旧 `WaitForWake` 会让 cursor,Drawing thread,RTS 与 `WM_POINTER` 继续使用同一个 `PublishPenCursorSample`，两者的	diff semantics + H0 product source map	H0 tracked counterpart:Inkeys/Inkeys/Drawing/Draw3/Draw3.Diagnostics.cpp,Inkeys/Inkeys/Drawing/Draw3/Draw3.Diagnostics.cppm,Inkeys/Inkeys/Drawing/Draw3/Draw3.DrawingController.cpp,Inkeys/Inkeys/Drawing/Draw3/Draw3.RealtimeStylus.cpp… (5/6 changed code paths map)	静态未确认该历史差异带来的现存缺陷；生产行为与自动/真机回归由 Draw3 专项验证		静态差异与 H0 路径核对；未运行本批测试	Add RTS input diagnostics and tracing
949752a15746375e25befb615ad98675198f6e9f	707cc0ffd8dd54fc5d0c1833e1af1fb63a3f4fb1	2026-08-08T12:11:46+08:00	2026-08-08T12:11:46+08:00	bugfix/animation bugfix/eraser bugfix/pptui bugfix/settingui chore/publish dev draw draw3-source/main feature/cursor feature/recognition feature/ui3-i18n origin/bugfix/eraser origin/dev origin/feature/recognition origin/theme theme	yes	H0 reachable	fix	Draw3	p1:9f,+187/-6,sha256:b0872d5b5365,paths:.trellis/spec/native/runtime-and-rendering.md,.trellis/tasks/08-08-windows-ink-input-lag-regression/check.jsonl,.trellis/tasks/08-08-windows-ink-input-lag-regression/design.md,.trellis/tasks/08-08-windows-ink-input-lag-regression/implement.jsonl…,hunks:14; focus=Correct：关闭时直接回收后续 Touch 的 consumer slot；该手指必须,Correct：`StylusUp/WM_POINTERUP -> clear Pen sample`；后续真实 InAir/Point,contact 结束时由 `StrokeModelConfiguration::retainPredictionOnUp` 选择收	diff semantics + H0 product source map	H0 tracked counterpart:Inkeys/Inkeys/Drawing/Draw3/Draw3.RealtimeStylus.cpp,Inkeys/Inkeys/Drawing/Draw3/Draw3.WindowControl.cpp (2/2 changed code paths map)	静态未确认该历史差异带来的现存缺陷；生产行为与自动/真机回归由 Draw3 专项验证		静态差异与 H0 路径核对；未运行本批测试	fix: reduce Windows Ink contact wake latency
707cc0ffd8dd54fc5d0c1833e1af1fb63a3f4fb1	462097a3e8e939030ae9b4bdda9f09f9abc40992	2026-08-07T21:38:27+08:00	2026-08-07T21:38:27+08:00	bugfix/animation bugfix/eraser bugfix/pptui bugfix/settingui chore/publish dev draw draw3-source/main feature/cursor feature/recognition feature/ui3-i18n origin/bugfix/eraser origin/dev origin/feature/recognition origin/theme theme	yes	H0 reachable	documentation/workflow	workflow/docs	p1:2f,+26/-3,sha256:5f148fb790de,paths:.trellis/workspace/AlanCRL/index.md,.trellis/workspace/AlanCRL/journal-1.md,hunks:4; focus=Fixed Pen/Mouse cursor authority handoff, immediate Pen hover coordinates, 	diff content (documentation/workflow)	no runtime source path	不适用产品运行：仅规范、任务或 journal 内容变更；未修改运行时代码		静态差异与 H0 路径核对；未运行本批测试	chore: record journal
462097a3e8e939030ae9b4bdda9f09f9abc40992	74c33fc5abba599334f99bddc74ea78f7f013f25	2026-08-07T21:38:01+08:00	2026-08-07T21:38:01+08:00	bugfix/animation bugfix/eraser bugfix/pptui bugfix/settingui chore/publish dev draw draw3-source/main feature/cursor feature/recognition feature/ui3-i18n origin/bugfix/eraser origin/dev origin/feature/recognition origin/theme theme	yes	H0 reachable	documentation/workflow	workflow/docs	p1:12f,+420/-420,sha256:b121f41782f2,paths:.trellis/tasks/08-07-rts-packet-decoder-hot-path/check.jsonl,.trellis/tasks/08-07-rts-packet-decoder-hot-path/design.md,.trellis/tasks/08-07-rts-packet-decoder-hot-path/implement.jsonl,.trellis/tasks/08-07-rts-packet-decoder-hot-path/implement.md…,hunks:12; focus=file-level	diff content (documentation/workflow)	no runtime source path	不适用产品运行：仅规范、任务或 journal 内容变更；未修改运行时代码		静态差异与 H0 路径核对；未运行本批测试	chore(task): archive 08-07-rts-packet-decoder-hot-path
74c33fc5abba599334f99bddc74ea78f7f013f25	415ee5ef767a97edd5f31216293fbbb455ea255f	2026-08-07T21:37:13+08:00	2026-08-07T21:37:13+08:00	bugfix/animation bugfix/eraser bugfix/pptui bugfix/settingui chore/publish dev draw draw3-source/main feature/cursor feature/recognition feature/ui3-i18n origin/bugfix/eraser origin/dev origin/feature/recognition origin/theme theme	yes	H0 reachable	fix	Draw3	p1:8f,+363/-30,sha256:2b985f3cfca3,paths:.trellis/spec/native/runtime-and-rendering.md,.trellis/tasks/08-07-rts-packet-decoder-hot-path/design.md,.trellis/tasks/08-07-rts-packet-decoder-hot-path/implement.md,.trellis/tasks/08-07-rts-packet-decoder-hot-path/prd.md…,hunks:36; focus=contact 结束时由 `StrokeModelConfiguration::retainPredictionOnUp` 选择收,Correct：`非空 ContactRecord* 只表示 Down，nullptr 只表示 ControlWake,InAirPackets	diff semantics + H0 RTS/contact capacity and publication map	H0 tracked counterpart:Inkeys/Inkeys/Drawing/Draw3/Draw3.RealtimeStylus.cpp,Inkeys/Inkeys/Drawing/Draw3/Draw3.RealtimeStylus.cppm (2/2 changed code paths map)	静态未确认现存竞态/越界；RTS 4096 槽边界与状态门仍在 H0；高并发设备行为未验证		静态差异与 H0 路径核对；未运行本批测试	fix: harden RTS decoder lifecycle synchronization
415ee5ef767a97edd5f31216293fbbb455ea255f	e92d0b51f1a764f44d79bff9f760150f9c155587	2026-08-07T19:29:18+08:00	2026-08-07T19:29:18+08:00	bugfix/animation bugfix/eraser bugfix/pptui bugfix/settingui chore/publish dev draw draw3-source/main feature/cursor feature/recognition feature/ui3-i18n origin/bugfix/eraser origin/dev origin/feature/recognition origin/theme theme	yes	H0 reachable	performance	Draw3	p1:10f,+1611/-285,sha256:376516d7daa8,paths:.trellis/tasks/08-07-rts-packet-decoder-hot-path/check.jsonl,.trellis/tasks/08-07-rts-packet-decoder-hot-path/design.md,.trellis/tasks/08-07-rts-packet-decoder-hot-path/implement.jsonl,.trellis/tasks/08-07-rts-packet-decoder-hot-path/implement.md…,hunks:34; focus=export namespace draw3,int wmain(int argc, wchar_t* argv[]),int RunLaserIncrementalCoverageTests()	diff semantics + H0 RTS/contact capacity and publication map	H0 tracked counterpart:Inkeys/Inkeys/Drawing/Draw3/Draw3.RealtimeStylus.cpp,Inkeys/Inkeys/Drawing/Draw3/Draw3.RealtimeStylus.cppm (2/2 changed code paths map)	静态未确认现存竞态/越界；RTS 4096 槽边界与状态门仍在 H0；高并发设备行为未验证		静态差异与 H0 路径核对；未运行本批测试	perf: optimize RTS packet decoder hot path
e92d0b51f1a764f44d79bff9f760150f9c155587	d417cba1407bcb746e453172a5ec9de8f191b9c4	2026-08-07T13:40:06+08:00	2026-08-07T13:40:06+08:00	bugfix/animation bugfix/eraser bugfix/pptui bugfix/settingui chore/publish dev draw draw3-source/main feature/cursor feature/recognition feature/ui3-i18n origin/bugfix/eraser origin/dev origin/feature/recognition origin/theme theme	yes	H0 reachable	documentation/workflow	workflow/docs	p1:12f,+253/-244,sha256:47da5d530ff2,paths:.trellis/tasks/08-05-fix-touchpad-drag-drawing/check.jsonl,.trellis/tasks/08-05-fix-touchpad-drag-drawing/design.md,.trellis/tasks/08-05-fix-touchpad-drag-drawing/implement.jsonl,.trellis/tasks/08-05-fix-touchpad-drag-drawing/implement.md…,hunks:12; focus=file-level	diff content (documentation/workflow)	no runtime source path	不适用产品运行：仅规范、任务或 journal 内容变更；未修改运行时代码		静态差异与 H0 路径核对；未运行本批测试	chore(task): archive fix-touchpad-drag-drawing
d417cba1407bcb746e453172a5ec9de8f191b9c4	16c0d8912dbd9e5a5643c723cc52fabd29571d9b	2026-08-07T12:19:27+08:00	2026-08-07T12:19:27+08:00	bugfix/animation bugfix/eraser bugfix/pptui bugfix/settingui chore/publish dev draw draw3-source/main feature/cursor feature/recognition feature/ui3-i18n origin/bugfix/eraser origin/dev origin/feature/recognition origin/theme theme	yes	H0 reachable	performance	Draw3,Draw3-demo	p1:17f,+340/-834,sha256:baebfcc0b2ef,paths:.trellis/spec/native/runtime-and-rendering.md,inkStrokeModelerTest/draw3/diagnostics.cpp,inkStrokeModelerTest/draw3/diagnostics.cppm,inkStrokeModelerTest/draw3/drawing_controller.cpp…,hunks:84; focus=contact 结束时由 `StrokeModelConfiguration::retainPredictionOnUp` 选择收,export namespace draw3,int wmain(int argc, wchar_t* argv[])	diff semantics + H0 product source map	H0 tracked counterpart:Inkeys/Inkeys/Drawing/Draw3/Draw3.Diagnostics.cpp,Inkeys/Inkeys/Drawing/Draw3/Draw3.Diagnostics.cppm,Inkeys/Inkeys/Drawing/Draw3/Draw3.DrawingController.cpp,Inkeys/Inkeys/Drawing/Draw3/Draw3.DrawingController.cppm… (11/13 changed code paths map)	静态未确认该历史差异带来的现存缺陷；生产行为与自动/真机回归由 Draw3 专项验证		静态差异与 H0 路径核对；未运行本批测试	perf: simplify HUD and harden RTS diagnostics
16c0d8912dbd9e5a5643c723cc52fabd29571d9b	dfe606c8b6a4425dca998695c4700dbe809270ec	2026-08-06T14:03:10+08:00	2026-08-06T14:03:10+08:00	bugfix/animation bugfix/eraser bugfix/pptui bugfix/settingui chore/publish dev draw draw3-source/main feature/cursor feature/recognition feature/ui3-i18n origin/bugfix/eraser origin/dev origin/feature/recognition origin/theme theme	yes	H0 reachable	ordinary	Build,Draw3,Draw3-demo	p1:16f,+1122/-92,sha256:d0f4ee215ac1,paths:.trellis/spec/native/runtime-and-rendering.md,.trellis/tasks/08-05-fix-touchpad-drag-drawing/check.jsonl,.trellis/tasks/08-05-fix-touchpad-drag-drawing/design.md,.trellis/tasks/08-05-fix-touchpad-drag-drawing/implement.jsonl…,hunks:54; focus=export namespace draw3,module draw3.window_control;,int wmain(int argc, wchar_t* argv[])	diff semantics + H0 product source map	H0 tracked counterpart:Inkeys/Inkeys/Drawing/Draw3/Draw3.Diagnostics.cpp,Inkeys/Inkeys/Drawing/Draw3/Draw3.Diagnostics.cppm,Inkeys/Inkeys/Drawing/Draw3/Draw3.RealtimeStylus.cpp,Inkeys/Inkeys/Drawing/Draw3/Draw3.RealtimeStylus.cppm… (6/7 changed code paths map)	静态未确认该历史差异带来的现存缺陷；生产行为与自动/真机回归由 Draw3 专项验证		静态差异与 H0 路径核对；未运行本批测试	20260806 1403 update
dfe606c8b6a4425dca998695c4700dbe809270ec	817ebde7160341acbb1af34cffae3cc0478c7d22	2026-08-04T20:59:37+08:00	2026-08-04T20:59:37+08:00	bugfix/animation bugfix/eraser bugfix/pptui bugfix/settingui chore/publish dev draw draw3-source/main feature/cursor feature/recognition feature/ui3-i18n origin/bugfix/eraser origin/dev origin/feature/recognition origin/theme theme	yes	H0 reachable	fix	Build,Draw3	p1:23f,+586/-92,sha256:f19d4a85b4ba,paths:.trellis/spec/native/quality-and-validation.md,.trellis/tasks/08-02-staged-code-acceptance/implement.md,.trellis/tasks/08-02-staged-code-acceptance/prd.md,inkStrokeModelerTest/draw3/contact_input.cpp…,hunks:65; focus=MSBuild.exe .\inkStrokeModelerTest.sln /m /p:Configuration=Debug /p:Platfor,int wmain(int argc, wchar_t* argv[]),HIGHLIGHTER_CHECK(NearlyEqual(	diff semantics + H0 device/input/failure-path inspection	H0 tracked counterpart:Inkeys/Inkeys/Drawing/Draw3/Draw3.ContactInput.cpp,Inkeys/Inkeys/Drawing/Draw3/Draw3.Diagnostics.cpp,Inkeys/Inkeys/Drawing/Draw3/Draw3.DrawingController.cpp,Inkeys/Inkeys/Drawing/Draw3/Draw3.HapticFeedback.cpp… (12/12 changed code paths map)	静态映射：H0 有 11_1→11_0、HARDWARE→WARP 与输入边界保护；Win7 FL11 有/无真实运行未验证		静态差异与 H0 路径核对；未运行本批测试	fix: harden draw3 security and Win7 compatibility
817ebde7160341acbb1af34cffae3cc0478c7d22	b54676a0e6e083dc5b5365c28e463fb2c33273a0	2026-08-04T17:01:31+08:00	2026-08-04T17:01:31+08:00	bugfix/animation bugfix/eraser bugfix/pptui bugfix/settingui chore/publish dev draw draw3-source/main feature/cursor feature/recognition feature/ui3-i18n origin/bugfix/eraser origin/dev origin/feature/recognition origin/theme theme	yes	H0 reachable	fix	Draw3	p1:5f,+118/-25,sha256:e857247518a0,paths:.trellis/tasks/08-02-staged-code-acceptance/prd.md,.trellis/tasks/08-02-staged-code-acceptance/task.json,inkStrokeModelerTest/draw3/realtime_stylus.cpp,inkStrokeModelerTest/draw3/realtime_stylus.cppm…,hunks:20; focus=export namespace draw3	diff semantics + H0 product source map	H0 tracked counterpart:Inkeys/Inkeys/Drawing/Draw3/Draw3.RealtimeStylus.cpp,Inkeys/Inkeys/Drawing/Draw3/Draw3.RealtimeStylus.cppm (2/2 changed code paths map)	静态未确认该历史差异带来的现存缺陷；生产行为与自动/真机回归由 Draw3 专项验证		静态差异与 H0 路径核对；未运行本批测试	fix: publish RTS touch contact size
b54676a0e6e083dc5b5365c28e463fb2c33273a0	8f1ee5a2279c48929a5d4b49eaa5145c9c0bdbd9	2026-08-04T15:03:49+08:00	2026-08-04T15:03:49+08:00	bugfix/animation bugfix/eraser bugfix/pptui bugfix/settingui chore/publish dev draw draw3-source/main feature/cursor feature/recognition feature/ui3-i18n origin/bugfix/eraser origin/dev origin/feature/recognition origin/theme theme	yes	H0 reachable	performance	Draw3	p1:11f,+325/-96,sha256:0cba0dddf924,paths:.trellis/tasks/08-02-staged-code-acceptance/design.md,.trellis/tasks/08-02-staged-code-acceptance/implement.md,.trellis/tasks/08-02-staged-code-acceptance/prd.md,inkStrokeModelerTest/draw3/drawing_controller.cpp…,hunks:33; focus=HUD 不进入 D3D backbuffer。当前 presenter 只接受一个矩形 dirty；,export namespace draw3,int RunLaserIncrementalCoverageTests()	diff semantics + H0 product source map	H0 tracked counterpart:Inkeys/Inkeys/Drawing/Draw3/Draw3.DrawingController.cpp,Inkeys/Inkeys/Drawing/Draw3/Draw3.DrawingController.cppm,Inkeys/Inkeys/Drawing/Draw3/Draw3.RuntimeMetrics.cpp,Inkeys/Inkeys/Drawing/Draw3/Draw3.RuntimeMetrics.cppm… (5/6 changed code paths map)	静态未确认该历史差异带来的现存缺陷；生产行为与自动/真机回归由 Draw3 专项验证		静态差异与 H0 路径核对；未运行本批测试	Performance HUD: per-frame contacts & Chinese UI
8f1ee5a2279c48929a5d4b49eaa5145c9c0bdbd9	d1ba0c7d674bc6895d7c4a64fb4cb9ee3422786e	2026-08-03T20:40:51+08:00	2026-08-03T20:40:51+08:00	bugfix/animation bugfix/eraser bugfix/pptui bugfix/settingui chore/publish dev draw draw3-source/main feature/cursor feature/recognition feature/ui3-i18n origin/bugfix/eraser origin/dev origin/feature/recognition origin/theme theme	yes	H0 reachable	fix	Draw3	p1:10f,+68/-6,sha256:908dccf5996d,paths:.trellis/spec/native/runtime-and-rendering.md,.trellis/tasks/08-02-staged-code-acceptance/design.md,.trellis/tasks/08-02-staged-code-acceptance/implement.md,inkStrokeModelerTest/draw3/contact_input.cpp…,hunks:15; focus=contact 结束时由 `StrokeModelConfiguration::retainPredictionOnUp` 选择收,HUD 不进入 D3D backbuffer。当前 presenter 只接受一个矩形 dirty；,export namespace draw3	diff semantics + H0 product source map	H0 tracked counterpart:Inkeys/Inkeys/Drawing/Draw3/Draw3.ContactInput.cpp,Inkeys/Inkeys/Drawing/Draw3/Draw3.ContactInput.cppm,Inkeys/Inkeys/Drawing/Draw3/Draw3.DrawingController.cpp,Inkeys/Inkeys/Drawing/Draw3/Draw3.RuntimeMetrics.cpp… (5/5 changed code paths map)	静态未确认该历史差异带来的现存缺陷；生产行为与自动/真机回归由 Draw3 专项验证		静态差异与 H0 路径核对；未运行本批测试	fix: enforce drawing frame deadline
d1ba0c7d674bc6895d7c4a64fb4cb9ee3422786e	de5dbdf4ae5b680000c1dc1a7f9464db701c0fbe	2026-08-03T20:16:31+08:00	2026-08-03T20:16:31+08:00	bugfix/animation bugfix/eraser bugfix/pptui bugfix/settingui chore/publish dev draw draw3-source/main feature/cursor feature/recognition feature/ui3-i18n origin/bugfix/eraser origin/dev origin/feature/recognition origin/theme theme	yes	H0 reachable	performance	Build,Draw3	p1:21f,+889/-1,sha256:65ff1428c19b,paths:.trellis/spec/native/runtime-and-rendering.md,.trellis/tasks/08-02-staged-code-acceptance/design.md,.trellis/tasks/08-02-staged-code-acceptance/implement.md,.trellis/tasks/08-02-staged-code-acceptance/prd.md…,hunks:43; focus=contact 结束时由 `StrokeModelConfiguration::retainPredictionOnUp` 选择收,renderer 暴露单个 batched particle step：绑定 UAV/公共常量一次，,export namespace draw3	diff semantics + H0 product source map	H0 tracked counterpart:Inkeys/Inkeys/Drawing/Draw3/Draw3.DrawingController.cpp,Inkeys/Inkeys/Drawing/Draw3/Draw3.DrawingController.cppm,Inkeys/Inkeys/Drawing/Draw3/Draw3.InkPrediction.cppm,Inkeys/Inkeys/Drawing/Draw3/Draw3.Renderer.cpp… (9/10 changed code paths map)	静态未确认该历史差异带来的现存缺陷；生产行为与自动/真机回归由 Draw3 专项验证		静态差异与 H0 路径核对；未运行本批测试	feat: add drawing performance HUD
de5dbdf4ae5b680000c1dc1a7f9464db701c0fbe	9ff123652a723e817baff5deec6d7a6c12c69cb9	2026-08-03T19:08:14+08:00	2026-08-03T19:18:52+08:00	bugfix/animation bugfix/eraser bugfix/pptui bugfix/settingui chore/publish dev draw draw3-source/main feature/cursor feature/recognition feature/ui3-i18n origin/bugfix/eraser origin/dev origin/feature/recognition origin/theme theme	yes	H0 reachable	fix	Draw3	p1:2f,+20/-1,sha256:a677efbafbd3,paths:inkStrokeModelerTest/draw3/drawing_controller.cpp,inkStrokeModelerTestTests/laser_incremental_coverage_tests.cpp,hunks:4; focus=int RunLaserIncrementalCoverageTests()	diff semantics + H0 product source map	H0 tracked counterpart:Inkeys/Inkeys/Drawing/Draw3/Draw3.DrawingController.cpp (1/1 changed code paths map)	静态未确认该历史差异带来的现存缺陷；生产行为与自动/真机回归由 Draw3 专项验证		静态差异与 H0 路径核对；未运行本批测试	fix: restore laser dirty bounds after fade input
9ff123652a723e817baff5deec6d7a6c12c69cb9	748c331d5b1454ac86848a44d0e6b0cc05c6cc82	2026-08-03T18:53:16+08:00	2026-08-03T18:53:16+08:00	bugfix/animation bugfix/eraser bugfix/pptui bugfix/settingui chore/publish dev draw draw3-source/main feature/cursor feature/recognition feature/ui3-i18n origin/bugfix/eraser origin/dev origin/feature/recognition origin/theme theme	yes	H0 reachable	build/refactor	Build,Draw3	p1:20f,+1915/-1828,sha256:375022ff5eb3,paths:.trellis/spec/native/modules-and-code-style.md,.trellis/tasks/08-02-staged-code-acceptance/design.md,.trellis/tasks/08-02-staged-code-acceptance/implement.md,.trellis/tasks/08-02-staged-code-acceptance/prd.md…,hunks:50; focus=renderer 暴露单个 batched particle step：绑定 UAV/公共常量一次，,double ResolveLiveTipTaperDurationSeconds(StrokeWidthMode widthMode,,export namespace draw3	diff semantics + H0 product source map	H0 tracked counterpart:Inkeys/Inkeys/Drawing/Draw3/Draw3.InkPrediction.cpp,Inkeys/Inkeys/Drawing/Draw3/Draw3.InkPrediction.cppm,Inkeys/Inkeys/Drawing/Draw3/Draw3.LaserParticleSystem.cpp,Inkeys/Inkeys/Drawing/Draw3/Draw3.LaserParticles.cpp… (10/10 changed code paths map)	静态未确认该历史差异带来的现存缺陷；生产行为与自动/真机回归由 Draw3 专项验证		静态差异与 H0 路径核对；未运行本批测试	refactor: split draw3 implementation units
748c331d5b1454ac86848a44d0e6b0cc05c6cc82	1a4ccd9060cc723bd58ed6a659687cb757e72fee	2026-08-03T13:46:32+08:00	2026-08-03T13:46:32+08:00	bugfix/animation bugfix/eraser bugfix/pptui bugfix/settingui chore/publish dev draw draw3-source/main feature/cursor feature/recognition feature/ui3-i18n origin/bugfix/eraser origin/dev origin/feature/recognition origin/theme theme	yes	H0 reachable	fix	Draw3	p1:6f,+79/-31,sha256:9c78abe66dd3,paths:.trellis/spec/native/runtime-and-rendering.md,inkStrokeModelerTest/draw3/drawing_controller.cpp,inkStrokeModelerTest/draw3/drawing_controller.cppm,inkStrokeModelerTest/draw3/ink_prediction.cpp…,hunks:21; focus=Correct：`StylusUp/WM_POINTERUP -> clear Pen sample`；后续真实 InAir/Point,export namespace draw3,double ResolveLiveTipTaperDurationSeconds(StrokeWidthMode widthMode,	diff semantics + H0 product source map	H0 tracked counterpart:Inkeys/Inkeys/Drawing/Draw3/Draw3.DrawingController.cpp,Inkeys/Inkeys/Drawing/Draw3/Draw3.DrawingController.cppm,Inkeys/Inkeys/Drawing/Draw3/Draw3.InkPrediction.cpp,Inkeys/Inkeys/Drawing/Draw3/Draw3.InkPrediction.cppm (4/4 changed code paths map)	静态未确认该历史差异带来的现存缺陷；生产行为与自动/真机回归由 Draw3 专项验证		静态差异与 H0 路径核对；未运行本批测试	fix: limit stroke reconnect to touch input
1a4ccd9060cc723bd58ed6a659687cb757e72fee	7e61a4f7d73c766cd5ef578ae6639a85cf8b4416	2026-08-03T12:26:33+08:00	2026-08-03T12:26:33+08:00	bugfix/animation bugfix/eraser bugfix/pptui bugfix/settingui chore/publish dev draw draw3-source/main feature/cursor feature/recognition feature/ui3-i18n origin/bugfix/eraser origin/dev origin/feature/recognition origin/theme theme	yes	H0 reachable	performance	Draw3,Draw3-demo,binary	p1:24f,+1094/-329,sha256:4cd2c4fbd1db,paths:.trellis/spec/native/runtime-and-rendering.md,.trellis/spec/shaders/cpu-gpu-contracts.md,.trellis/tasks/08-02-staged-code-acceptance/check.jsonl,.trellis/tasks/08-02-staged-code-acceptance/design.md…,hunks:109; focus=float2 halfSize,Laser coverage 写入绑定当前 coverage RTV（稳定前缀为 `t7`、实时,Result = Add + Retain * Destination	diff semantics + H0 product source map	H0 tracked counterpart:Inkeys/Inkeys/Drawing/Draw3/Draw3.DrawingController.cpp,Inkeys/Inkeys/Drawing/Draw3/Draw3.InkPrediction.cpp,Inkeys/Inkeys/Drawing/Draw3/Draw3.InkPrediction.cppm,Inkeys/Inkeys/Drawing/Draw3/Draw3.LaserParticles.cpp… (9/9 changed code paths map)	静态未确认该历史差异带来的现存缺陷；生产行为与自动/真机回归由 Draw3 专项验证		静态差异与 H0 路径核对；未运行本批测试	perf: optimize drawing pipelines and laser particles
7e61a4f7d73c766cd5ef578ae6639a85cf8b4416	b035a675478e8b5f202c8ea6556868dfdc6e6dce	2026-08-02T20:10:40+08:00	2026-08-02T20:10:40+08:00	bugfix/animation bugfix/eraser bugfix/pptui bugfix/settingui chore/publish dev draw draw3-source/main feature/cursor feature/recognition feature/ui3-i18n origin/bugfix/eraser origin/dev origin/feature/recognition origin/theme theme	yes	H0 reachable	documentation/workflow	workflow/docs	p1:54f,+805/-761,sha256:4f600bff191c,paths:.trellis/tasks/07-25-laser-pointer-glow-trail/design.md,.trellis/tasks/07-25-laser-pointer-glow-trail/implement.md,.trellis/tasks/07-25-laser-pointer-glow-trail/prd.md,.trellis/tasks/07-25-laser-pointer-glow-trail/task.json…,hunks:56; focus=Fixed Pen/Mouse cursor authority handoff, immediate Pen hover coordinates, 	diff content (documentation/workflow)	no runtime source path	不适用产品运行：仅规范、任务或 journal 内容变更；未修改运行时代码		静态差异与 H0 路径核对；未运行本批测试	chore(task): archive completed tasks 4-8
b035a675478e8b5f202c8ea6556868dfdc6e6dce	be50ae40c1e4ee5201904bb52ee955d1a9947471	2026-08-02T19:42:27+08:00	2026-08-02T19:42:27+08:00	bugfix/animation bugfix/eraser bugfix/pptui bugfix/settingui chore/publish dev draw draw3-source/main feature/cursor feature/recognition feature/ui3-i18n origin/bugfix/eraser origin/dev origin/feature/recognition origin/theme theme	yes	H0 reachable	feature	Draw3	p1:5f,+6/-6,sha256:274281c11bf1,paths:.trellis/spec/native/runtime-and-rendering.md,inkStrokeModelerTest/draw3/drawing_controller.cpp,inkStrokeModelerTest/draw3/drawing_controller.cppm,inkStrokeModelerTest/draw3/ink_prediction.cppm…,hunks:6; focus=export namespace draw3,int RunHighlighterGeometryTests()	diff semantics + H0 product source map	H0 tracked counterpart:Inkeys/Inkeys/Drawing/Draw3/Draw3.DrawingController.cpp,Inkeys/Inkeys/Drawing/Draw3/Draw3.DrawingController.cppm,Inkeys/Inkeys/Drawing/Draw3/Draw3.InkPrediction.cppm (3/3 changed code paths map)	静态未确认该历史差异带来的现存缺陷；生产行为与自动/真机回归由 Draw3 专项验证		静态差异与 H0 路径核对；未运行本批测试	feat: shorten default laser hold duration
be50ae40c1e4ee5201904bb52ee955d1a9947471	b91366d6c5dc4fda6c58b999b391088948fa8ff3	2026-08-02T19:36:35+08:00	2026-08-02T19:36:35+08:00	bugfix/animation bugfix/eraser bugfix/pptui bugfix/settingui chore/publish dev draw draw3-source/main feature/cursor feature/recognition feature/ui3-i18n origin/bugfix/eraser origin/dev origin/feature/recognition origin/theme theme	yes	H0 reachable	feature	Draw3	p1:10f,+93/-16,sha256:00b03ab6b19a,paths:.trellis/spec/native/runtime-and-rendering.md,inkStrokeModelerTest/draw3/drawing_controller.cpp,inkStrokeModelerTest/draw3/drawing_controller.cppm,inkStrokeModelerTest/draw3/ink_prediction.cppm…,hunks:24; focus=Correct：`从当前 L0 笔尖/切线创建发射请求 -> GPU Update/Emit ->,Correct：`Pen leave -> clear Pen sample + keep Pen authority；新 WM_MOUSEMOVE,export namespace draw3	diff semantics + H0 product source map	H0 tracked counterpart:Inkeys/Inkeys/Drawing/Draw3/Draw3.DrawingController.cpp,Inkeys/Inkeys/Drawing/Draw3/Draw3.DrawingController.cppm,Inkeys/Inkeys/Drawing/Draw3/Draw3.InkPrediction.cppm,Inkeys/Inkeys/Drawing/Draw3/Draw3.PenCursor.cpp… (7/7 changed code paths map)	静态未确认该历史差异带来的现存缺陷；生产行为与自动/真机回归由 Draw3 专项验证		静态差异与 H0 路径核对；未运行本批测试	feat: add laser input settings and fix cursor cleanup
b91366d6c5dc4fda6c58b999b391088948fa8ff3	41754d16152abedd2d6c22ffb9dbd38ff6d8b675	2026-08-02T16:53:11+08:00	2026-08-02T16:53:11+08:00	bugfix/animation bugfix/eraser bugfix/pptui bugfix/settingui chore/publish dev draw draw3-source/main feature/cursor feature/recognition feature/ui3-i18n origin/bugfix/eraser origin/dev origin/feature/recognition origin/theme theme	yes	H0 reachable	build/refactor	Build,Draw3,Draw3-demo,binary	p1:89f,+329/-15110,sha256:160628335be2,paths:.trellis/spec/guides/code-reuse-thinking-guide.md,.trellis/spec/guides/cross-layer-thinking-guide.md,.trellis/spec/index.md,.trellis/spec/native/index.md…,hunks:108; focus=Win32/HiEasyX message,Windows/标准库头放在模块声明前；模块依赖用 `import draw3.xxx;`,bool TransparentPresentationController::Present(RECT dirty, bool presentFul	diff semantics + historical host/product integration map	H0 tracked counterpart:Inkeys/Inkeys/Drawing/Draw3/Draw3.DrawingController.cpp,Inkeys/Inkeys/Drawing/Draw3/Draw3.DrawingController.cppm,Inkeys/Inkeys/Drawing/Draw3/Draw3.WindowControl.cpp,Inkeys/Inkeys/Drawing/Draw3/Draw3.WindowControl.cppm (4/65 changed code paths map)	旧 Draw3 demo 改用 Win32 host；产品经 227 导入与 Window Service 结合，历史 HiEasyX 删除本身无 H0 产品入口		静态差异与 H0 路径核对；未运行本批测试	refactor: replace HiEasyX with native Win32 host
41754d16152abedd2d6c22ffb9dbd38ff6d8b675	bc22d077c64807939ce96d364dcd617393da8577	2026-08-02T15:08:30+08:00	2026-08-02T15:08:30+08:00	bugfix/animation bugfix/eraser bugfix/pptui bugfix/settingui chore/publish dev draw draw3-source/main feature/cursor feature/recognition feature/ui3-i18n origin/bugfix/eraser origin/dev origin/feature/recognition origin/theme theme	yes	H0 reachable	fix	Build,Draw3	p1:8f,+77/-5,sha256:4e926c4a683d,paths:.trellis/spec/guides/cross-layer-thinking-guide.md,.trellis/spec/native/platform-and-resources.md,.trellis/spec/native/quality-and-validation.md,.trellis/tasks/08-02-dcomp-unexpected-ulw-fallback/design.md…,hunks:18; focus=Win32/HiEasyX message,bool TransparentPresentationController::Present(RECT dirty, bool presentFul,bool TransparentPresentationController::Present(RECT dirty, bool presentFul	diff semantics + H0 presenter/fallback path	H0 tracked counterpart:Inkeys/Inkeys/Drawing/Draw3/Draw3.TransparentPresentation.cpp (1/1 changed code paths map)	DComp 样式保持检查在 H0 presenter；本提交未引入 DWM 选择，Win7 DComp 不可用→ULW 仍待运行验证		静态差异与 H0 路径核对；未运行本批测试	fix: preserve DComp window style in release
bc22d077c64807939ce96d364dcd617393da8577	28bd0005e2a6153aaa7e616097bee1c853bfc110	2026-08-02T14:20:12+08:00	2026-08-02T14:20:12+08:00	bugfix/animation bugfix/eraser bugfix/pptui bugfix/settingui chore/publish dev draw draw3-source/main feature/cursor feature/recognition feature/ui3-i18n origin/bugfix/eraser origin/dev origin/feature/recognition origin/theme theme	yes	H0 reachable	fix	Draw3	p1:10f,+155/-27,sha256:1ef5321fc003,paths:.trellis/spec/guides/cross-layer-thinking-guide.md,.trellis/spec/native/platform-and-resources.md,.trellis/spec/native/runtime-and-rendering.md,.trellis/tasks/08-02-dcomp-unexpected-ulw-fallback/check.jsonl…,hunks:12; focus=Win32/HiEasyX message,Windows 7 SP1 + KB2670838 是 Inkeys 的正式项目级兼容目标。面向平,DirectCompositionVisualTree	diff semantics + H0 presenter/fallback path	H0 tracked counterpart:Inkeys/Inkeys/Drawing/Draw3/Draw3.TransparentPresentation.cpp (1/1 changed code paths map)	已映射 H0 presenter；FLIP_SEQUENTIAL 保留；自动/强制路径仍可选 DWM，见 B2-001；Win7 device runtime 未验证	B2-001	静态差异与 H0 路径核对；未运行本批测试	fix: restore DComp-first transparent presentation
28bd0005e2a6153aaa7e616097bee1c853bfc110	67b264a0d0601b38dd644046f41691a69c1f52b8	2026-08-02T12:13:46+08:00	2026-08-02T12:13:46+08:00	bugfix/animation bugfix/eraser bugfix/pptui bugfix/settingui chore/publish dev draw draw3-source/main feature/cursor feature/recognition feature/ui3-i18n origin/bugfix/eraser origin/dev origin/feature/recognition origin/theme theme	yes	H0 reachable	documentation/workflow	workflow/docs	p1:2f,+25/-3,sha256:e6f44acc4f09,paths:.trellis/workspace/AlanCRL/index.md,.trellis/workspace/AlanCRL/journal-1.md,hunks:4; focus=Fixed Pen/Mouse cursor authority handoff, immediate Pen hover coordinates, 	diff content (documentation/workflow)	no runtime source path	不适用产品运行：仅规范、任务或 journal 内容变更；未修改运行时代码		静态差异与 H0 路径核对；未运行本批测试	chore: record journal
67b264a0d0601b38dd644046f41691a69c1f52b8	56e95d75c3ef96e4f8de85ba3526c95f851ee9e0	2026-08-02T12:13:26+08:00	2026-08-02T12:13:26+08:00	bugfix/animation bugfix/eraser bugfix/pptui bugfix/settingui chore/publish dev draw draw3-source/main feature/cursor feature/recognition feature/ui3-i18n origin/bugfix/eraser origin/dev origin/feature/recognition origin/theme theme	yes	H0 reachable	documentation/workflow	workflow/docs	p1:12f,+175/-182,sha256:6877ddc46a2b,paths:.trellis/tasks/08-02-pen-live-tip-policy/check.jsonl,.trellis/tasks/08-02-pen-live-tip-policy/design.md,.trellis/tasks/08-02-pen-live-tip-policy/implement.jsonl,.trellis/tasks/08-02-pen-live-tip-policy/implement.md…,hunks:12; focus=file-level	diff content (documentation/workflow)	no runtime source path	不适用产品运行：仅规范、任务或 journal 内容变更；未修改运行时代码		静态差异与 H0 路径核对；未运行本批测试	chore(task): archive 08-02-pen-live-tip-policy
56e95d75c3ef96e4f8de85ba3526c95f851ee9e0	b7af67fdb62272d307033400728676115a0d8e8a	2026-08-02T12:11:25+08:00	2026-08-02T12:11:25+08:00	bugfix/animation bugfix/eraser bugfix/pptui bugfix/settingui chore/publish dev draw draw3-source/main feature/cursor feature/recognition feature/ui3-i18n origin/bugfix/eraser origin/dev origin/feature/recognition origin/theme theme	yes	H0 reachable	ordinary	Draw3,Draw3-demo,binary	p1:14f,+250/-167,sha256:80b178befaab,paths:.trellis/spec/native/runtime-and-rendering.md,.trellis/tasks/08-02-laser-particle-core-red-white/check.jsonl,.trellis/tasks/08-02-laser-particle-core-red-white/implement.jsonl,.trellis/tasks/08-02-laser-particle-core-red-white/prd.md…,hunks:18; focus=export namespace draw3,OperatorOutput main(PS_INPUT input),PS_INPUT main(uint id : SV_VertexID, uint instanceId : SV_InstanceID)	diff semantics + H0 product source map	H0 tracked counterpart:Inkeys/Inkeys/Drawing/Draw3/Draw3.LaserParticles.cpp,Inkeys/Inkeys/Drawing/Draw3/Draw3.LaserParticles.cppm,Inkeys/Inkeys/Drawing/Draw3/Draw3.Renderer.cpp,Inkeys/Inkeys/Drawing/Draw3/Draw3.Renderer.cppm… (6/6 changed code paths map)	静态未确认该历史差异带来的现存缺陷；生产行为与自动/真机回归由 Draw3 专项验证		静态差异与 H0 路径核对；未运行本批测试	style: use laser border red for particle cores
b7af67fdb62272d307033400728676115a0d8e8a	aa305d30daf67a5b4ed9ae95790a0473d1a246f3	2026-08-02T11:52:01+08:00	2026-08-02T11:52:01+08:00	bugfix/animation bugfix/eraser bugfix/pptui bugfix/settingui chore/publish dev draw draw3-source/main feature/cursor feature/recognition feature/ui3-i18n origin/bugfix/eraser origin/dev origin/feature/recognition origin/theme theme	yes	H0 reachable	fix	Draw3	p1:12f,+358/-60,sha256:89ca5b5f7f5e,paths:.trellis/spec/native/runtime-and-rendering.md,.trellis/tasks/08-02-pen-live-tip-policy/check.jsonl,.trellis/tasks/08-02-pen-live-tip-policy/design.md,.trellis/tasks/08-02-pen-live-tip-policy/implement.jsonl…,hunks:29; focus=Correct：`Pen leave -> clear Pen sample + keep Pen authority；新 WM_MOUSEMOVE,Correct：`保持预测弦走廊不变；其失败后只在预测末端速度方,liveTipDuration + predictionDuration	diff semantics + H0 product source map	H0 tracked counterpart:Inkeys/Inkeys/Drawing/Draw3/Draw3.DrawingController.cpp,Inkeys/Inkeys/Drawing/Draw3/Draw3.InkPrediction.cpp,Inkeys/Inkeys/Drawing/Draw3/Draw3.InkPrediction.cppm (3/3 changed code paths map)	静态未确认该历史差异带来的现存缺陷；生产行为与自动/真机回归由 Draw3 专项验证		静态差异与 H0 路径核对；未运行本批测试	fix: restore pen live tip and freeze tip on up
aa305d30daf67a5b4ed9ae95790a0473d1a246f3	c241e4d74242420e9b4a8a3251169fd5ebae1bfd	2026-07-31T21:18:21+08:00	2026-07-31T21:18:21+08:00	bugfix/animation bugfix/eraser bugfix/pptui bugfix/settingui chore/publish dev draw draw3-source/main feature/cursor feature/recognition feature/ui3-i18n origin/bugfix/eraser origin/dev origin/feature/recognition origin/theme theme	yes	H0 reachable	ordinary	Build,Draw3,Draw3-demo,binary	p1:22f,+1080/-50,sha256:51bc52367bf9,paths:.trellis/spec/native/runtime-and-rendering.md,.trellis/spec/shaders/cpu-gpu-contracts.md,.trellis/tasks/07-31-laser-incremental-coverage-optimization/check.jsonl,.trellis/tasks/07-31-laser-incremental-coverage-optimization/design.md…,hunks:67; focus=float2 halfSize,Laser coverage 写入只绑定 `t7` RTV，并以 `D3D11_BLEND_OP_MAX` 累积单,Result = Add + Retain * Destination	diff semantics + H0 product source map	H0 tracked counterpart:Inkeys/Inkeys/Drawing/Draw3/Draw3.DrawingController.cpp,Inkeys/Inkeys/Drawing/Draw3/Draw3.InkPrediction.cpp,Inkeys/Inkeys/Drawing/Draw3/Draw3.InkPrediction.cppm,Inkeys/Inkeys/Drawing/Draw3/Draw3.Renderer.cpp… (8/8 changed code paths map)	静态未确认该历史差异带来的现存缺陷；生产行为与自动/真机回归由 Draw3 专项验证		静态差异与 H0 路径核对；未运行本批测试	20260731 激光笔增量 coverage：单 contact L1/L0 快路与完整回退
c241e4d74242420e9b4a8a3251169fd5ebae1bfd	989b443c81d5e6cae55b1c9ac42c9ae7544737b8	2026-07-31T15:52:54+08:00	2026-07-31T15:52:54+08:00	bugfix/animation bugfix/eraser bugfix/pptui bugfix/settingui chore/publish dev draw draw3-source/main feature/cursor feature/recognition feature/ui3-i18n origin/bugfix/eraser origin/dev origin/feature/recognition origin/theme theme	yes	H0 reachable	revert	Draw3	p1:5f,+26/-111,sha256:8cce976aaaa0,paths:inkStrokeModelerTest/draw3/drawing_controller.cpp,inkStrokeModelerTest/draw3/ink_prediction.cpp,inkStrokeModelerTest/draw3/ink_prediction.cppm,inkStrokeModelerTest/draw3/renderer.cpp…,hunks:9; focus=export namespace draw3	paired diff/revert + H0 render map	H0 tracked counterpart:Inkeys/Inkeys/Drawing/Draw3/Draw3.DrawingController.cpp,Inkeys/Inkeys/Drawing/Draw3/Draw3.InkPrediction.cpp,Inkeys/Inkeys/Drawing/Draw3/Draw3.InkPrediction.cppm,Inkeys/Inkeys/Drawing/Draw3/Draw3.Renderer.cpp… (5/5 changed code paths map)	历史增量渲染 patch 被后续 revert 撤回；当前增量路径按 aa305d30d 与产品导入审		静态差异与 H0 路径核对；未运行本批测试	Revert 989b443: 回滚激光笔增量渲染优化
989b443c81d5e6cae55b1c9ac42c9ae7544737b8	5884f391bb0485807e45bda78d113e3cad0e6121	2026-07-31T14:57:27+08:00	2026-07-31T14:57:27+08:00	bugfix/animation bugfix/eraser bugfix/pptui bugfix/settingui chore/publish dev draw draw3-source/main feature/cursor feature/recognition feature/ui3-i18n origin/bugfix/eraser origin/dev origin/feature/recognition origin/theme theme	yes	H0 reachable	ordinary	Draw3	p1:5f,+111/-26,sha256:304a4857e787,paths:inkStrokeModelerTest/draw3/drawing_controller.cpp,inkStrokeModelerTest/draw3/ink_prediction.cpp,inkStrokeModelerTest/draw3/ink_prediction.cppm,inkStrokeModelerTest/draw3/renderer.cpp…,hunks:9; focus=export namespace draw3	paired diff/revert + H0 render map	H0 tracked counterpart:Inkeys/Inkeys/Drawing/Draw3/Draw3.DrawingController.cpp,Inkeys/Inkeys/Drawing/Draw3/Draw3.InkPrediction.cpp,Inkeys/Inkeys/Drawing/Draw3/Draw3.InkPrediction.cppm,Inkeys/Inkeys/Drawing/Draw3/Draw3.Renderer.cpp… (5/5 changed code paths map)	历史增量渲染 patch 被后续 revert 撤回；当前增量路径按 aa305d30d 与产品导入审		静态差异与 H0 路径核对；未运行本批测试	20260731 激光笔增量渲染：L0→L1 样式，O(N)→O(delta+tip) 绘制
5884f391bb0485807e45bda78d113e3cad0e6121	eb75478c8d07e462160101011902f81e951ae17c	2026-07-31T14:14:18+08:00	2026-07-31T14:14:18+08:00	bugfix/animation bugfix/eraser bugfix/pptui bugfix/settingui chore/publish dev draw draw3-source/main feature/cursor feature/recognition feature/ui3-i18n origin/bugfix/eraser origin/dev origin/feature/recognition origin/theme theme	yes	H0 reachable	fix	Draw3	p1:1f,+13/-6,sha256:0d5a8f0c7cd4,paths:inkStrokeModelerTest/draw3/drawing_controller.cpp,hunks:6; focus=file-level	diff semantics + H0 product source map	H0 tracked counterpart:Inkeys/Inkeys/Drawing/Draw3/Draw3.DrawingController.cpp (1/1 changed code paths map)	静态未确认该历史差异带来的现存缺陷；生产行为与自动/真机回归由 Draw3 专项验证		静态差异与 H0 路径核对；未运行本批测试	fix: defer particle toggle to next session after screen clears
eb75478c8d07e462160101011902f81e951ae17c	77094f0e15375dc91af0924fd399b08a2c1bcc51	2026-07-31T14:04:46+08:00	2026-07-31T14:04:46+08:00	bugfix/animation bugfix/eraser bugfix/pptui bugfix/settingui chore/publish dev draw draw3-source/main feature/cursor feature/recognition feature/ui3-i18n origin/bugfix/eraser origin/dev origin/feature/recognition origin/theme theme	yes	H0 reachable	documentation/workflow	workflow/docs	p1:3f,+19/-15,sha256:35e6a5efad2e,paths:.trellis/tasks/07-25-laser-pointer-glow-trail/design.md,.trellis/tasks/07-25-laser-pointer-glow-trail/implement.md,.trellis/tasks/07-25-laser-pointer-glow-trail/prd.md,hunks:4; focus=coverage 四通道分别保存白芯、白色散射脊、红色实体外套和	diff content (documentation/workflow)	no runtime source path	不适用产品运行：仅规范、任务或 journal 内容变更；未修改运行时代码		静态差异与 H0 路径核对；未运行本批测试	docs: sync particle refinement params to prd/design/implement
77094f0e15375dc91af0924fd399b08a2c1bcc51	e277a35a45540260840a8f5536220aa62e007f86	2026-07-31T13:57:59+08:00	2026-07-31T13:57:59+08:00	bugfix/animation bugfix/eraser bugfix/pptui bugfix/settingui chore/publish dev draw draw3-source/main feature/cursor feature/recognition feature/ui3-i18n origin/bugfix/eraser origin/dev origin/feature/recognition origin/theme theme	yes	H0 reachable	ordinary	Draw3,Draw3-demo,binary	p1:3f,+18/-16,sha256:e33630a7576f,paths:inkStrokeModelerTest/draw3/laser_particles.cppm,inkStrokeModelerTest/inkPixelShader.cso,inkStrokeModelerTest/inkPixelShader.hlsl,hunks:2; focus=export namespace draw3,OperatorOutput main(PS_INPUT input)	diff semantics + H0 product source map	H0 tracked counterpart:Inkeys/Inkeys/Drawing/Draw3/Draw3.LaserParticles.cppm,Inkeys/Inkeys/Drawing/Draw3/Assets/inkPixelShader.hlsl (2/2 changed code paths map)	静态未确认该历史差异带来的现存缺陷；生产行为与自动/真机回归由 Draw3 专项验证		静态差异与 H0 路径核对；未运行本批测试	tweak: particle size/density/travel/color refinements
e277a35a45540260840a8f5536220aa62e007f86	13f3ab385c92986a85568cc7fe1858268de55752	2026-07-31T13:51:21+08:00	2026-07-31T13:51:21+08:00	bugfix/animation bugfix/eraser bugfix/pptui bugfix/settingui chore/publish dev draw draw3-source/main feature/cursor feature/recognition feature/ui3-i18n origin/bugfix/eraser origin/dev origin/feature/recognition origin/theme theme	yes	H0 reachable	performance	Draw3	p1:3f,+48/-0,sha256:141f6e420a50,paths:inkStrokeModelerTest/draw3/drawing_controller.cpp,inkStrokeModelerTest/draw3/renderer.cpp,inkStrokeModelerTest/draw3/renderer.cppm,hunks:3; focus=export namespace draw3	diff semantics + H0 product source map	H0 tracked counterpart:Inkeys/Inkeys/Drawing/Draw3/Draw3.DrawingController.cpp,Inkeys/Inkeys/Drawing/Draw3/Draw3.Renderer.cpp,Inkeys/Inkeys/Drawing/Draw3/Draw3.Renderer.cppm (3/3 changed code paths map)	静态未确认该历史差异带来的现存缺陷；生产行为与自动/真机回归由 Draw3 专项验证		静态差异与 H0 路径核对；未运行本批测试	perf: pre-warm all laser shader paths before main loop
13f3ab385c92986a85568cc7fe1858268de55752	7f4dd4ffea9365594c268647f5b9aa182a90674c	2026-07-31T13:41:41+08:00	2026-07-31T13:41:41+08:00	bugfix/animation bugfix/eraser bugfix/pptui bugfix/settingui chore/publish dev draw draw3-source/main feature/cursor feature/recognition feature/ui3-i18n origin/bugfix/eraser origin/dev origin/feature/recognition origin/theme theme	yes	H0 reachable	documentation/workflow	workflow/docs	p1:1f,+2/-1,sha256:192821bec5a1,paths:.trellis/tasks/07-25-laser-pointer-glow-trail/implement.md,hunks:1; focus=file-level	diff content (documentation/workflow)	no runtime source path	不适用产品运行：仅规范、任务或 journal 内容变更；未修改运行时代码		静态差异与 H0 路径核对；未运行本批测试	docs: record stutter root cause analysis in implement.md
7f4dd4ffea9365594c268647f5b9aa182a90674c	3bafae927c3ee076510766edd2dcd458b9b536d4	2026-07-31T13:41:10+08:00	2026-07-31T13:41:10+08:00	bugfix/animation bugfix/eraser bugfix/pptui bugfix/settingui chore/publish dev draw draw3-source/main feature/cursor feature/recognition feature/ui3-i18n origin/bugfix/eraser origin/dev origin/feature/recognition origin/theme theme	yes	H0 reachable	performance	Draw3	p1:1f,+0/-39,sha256:8960fcd5c289,paths:inkStrokeModelerTest/draw3/drawing_controller.cpp,hunks:4; focus=file-level	diff semantics + H0 product source map	H0 tracked counterpart:Inkeys/Inkeys/Drawing/Draw3/Draw3.DrawingController.cpp (1/1 changed code paths map)	静态未确认该历史差异带来的现存缺陷；生产行为与自动/真机回归由 Draw3 专项验证		静态差异与 H0 路径核对；未运行本批测试	cleanup: remove LaserPerf diagnostic timing code
3bafae927c3ee076510766edd2dcd458b9b536d4	ac31a1ef6791646a4e0c6d10ce87062d36ca65e1	2026-07-31T12:49:01+08:00	2026-07-31T12:49:01+08:00	bugfix/animation bugfix/eraser bugfix/pptui bugfix/settingui chore/publish dev draw draw3-source/main feature/cursor feature/recognition feature/ui3-i18n origin/bugfix/eraser origin/dev origin/feature/recognition origin/theme theme	yes	H0 reachable	performance	Draw3	p1:1f,+40/-1,sha256:f95c754c5266,paths:inkStrokeModelerTest/draw3/drawing_controller.cpp,hunks:4; focus=file-level	diff semantics + H0 product source map	H0 tracked counterpart:Inkeys/Inkeys/Drawing/Draw3/Draw3.DrawingController.cpp (1/1 changed code paths map)	静态未确认该历史差异带来的现存缺陷；生产行为与自动/真机回归由 Draw3 专项验证		静态差异与 H0 路径核对；未运行本批测试	debug: add LaserPerf timing diagnostics for stutter investigation
ac31a1ef6791646a4e0c6d10ce87062d36ca65e1	1f7a13debf3c12180189c9a9dfded6dc9018c9a8	2026-07-31T12:05:01+08:00	2026-07-31T12:05:01+08:00	bugfix/animation bugfix/eraser bugfix/pptui bugfix/settingui chore/publish dev draw draw3-source/main feature/cursor feature/recognition feature/ui3-i18n origin/bugfix/eraser origin/dev origin/feature/recognition origin/theme theme	yes	H0 reachable	build/refactor	Draw3,Draw3-demo,binary	p1:7f,+11/-9,sha256:008284d3fc30,paths:.trellis/tasks/07-25-laser-pointer-glow-trail/design.md,.trellis/tasks/07-25-laser-pointer-glow-trail/implement.md,.trellis/tasks/07-25-laser-pointer-glow-trail/prd.md,inkStrokeModelerTest/draw3/drawing_controller.cpp…,hunks:8; focus=coverage 四通道分别保存白芯、白色散射脊、红色实体外套和,export namespace draw3,OperatorOutput main(PS_INPUT input)	diff semantics + H0 product source map	H0 tracked counterpart:Inkeys/Inkeys/Drawing/Draw3/Draw3.DrawingController.cpp,Inkeys/Inkeys/Drawing/Draw3/Draw3.LaserParticles.cppm,Inkeys/Inkeys/Drawing/Draw3/Assets/inkPixelShader.hlsl (3/3 changed code paths map)	静态未确认该历史差异带来的现存缺陷；生产行为与自动/真机回归由 Draw3 专项验证		静态差异与 H0 路径核对；未运行本批测试	refactor: 粒子层级下移 + 辉光收敛，减少对演示内容的遮挡
1f7a13debf3c12180189c9a9dfded6dc9018c9a8	234c942300788e6e9c532ce6c4e7abc61b6ed47b	2026-07-31T11:45:29+08:00	2026-07-31T11:45:29+08:00	bugfix/animation bugfix/eraser bugfix/pptui bugfix/settingui chore/publish dev draw draw3-source/main feature/cursor feature/recognition feature/ui3-i18n origin/bugfix/eraser origin/dev origin/feature/recognition origin/theme theme	yes	H0 reachable	ordinary	binary	p1:5f,+9/-9,sha256:d03e57030cec,paths:.trellis/tasks/07-25-laser-pointer-glow-trail/design.md,.trellis/tasks/07-25-laser-pointer-glow-trail/implement.md,.trellis/tasks/07-25-laser-pointer-glow-trail/prd.md,inkStrokeModelerTest/inkPixelShader.cso…,hunks:4; focus=coverage 四通道分别保存白芯、白色散射脊、红色实体外套和	diff content + provenance map	no runtime source path	无当前产品源码映射；相关构建/二进制 provenance 需发布检查		静态差异与 H0 路径核对；未运行本批测试	docs: 同步粒子可见性调优参数到 prd/design/implement
234c942300788e6e9c532ce6c4e7abc61b6ed47b	4bf27032fbb239dfc6b13323f6ea1fb330e388d2	2026-07-31T10:44:20+08:00	2026-07-31T10:44:20+08:00	bugfix/animation bugfix/eraser bugfix/pptui bugfix/settingui chore/publish dev draw draw3-source/main feature/cursor feature/recognition feature/ui3-i18n origin/bugfix/eraser origin/dev origin/feature/recognition origin/theme theme	yes	H0 reachable	ordinary	Draw3,Draw3-demo	p1:5f,+18/-17,sha256:e1ea9a5623cf,paths:.trellis/tasks/07-25-laser-pointer-glow-trail/implement.md,inkStrokeModelerTest/draw3/laser_particles.cpp,inkStrokeModelerTest/draw3/laser_particles.cppm,inkStrokeModelerTest/inkPixelShader.hlsl…,hunks:5; focus=export namespace draw3,OperatorOutput main(PS_INPUT input),PS_INPUT main(uint id : SV_VertexID, uint instanceId : SV_InstanceID)	diff semantics + H0 product source map	H0 tracked counterpart:Inkeys/Inkeys/Drawing/Draw3/Draw3.LaserParticles.cpp,Inkeys/Inkeys/Drawing/Draw3/Draw3.LaserParticles.cppm,Inkeys/Inkeys/Drawing/Draw3/Assets/inkPixelShader.hlsl,Inkeys/Inkeys/Drawing/Draw3/Assets/inkVertexShader.hlsl (4/4 changed code paths map)	静态未确认该历史差异带来的现存缺陷；生产行为与自动/真机回归由 Draw3 专项验证		静态差异与 H0 路径核对；未运行本批测试	20260731 粒子效果可见性调优：扩大尺寸/速度/辉光范围，柔化 PS falloff
4bf27032fbb239dfc6b13323f6ea1fb330e388d2	3cd751b4b53e00020b4027cede48da3d9cdc68b5	2026-07-31T09:07:21+08:00	2026-07-31T09:07:21+08:00	bugfix/animation bugfix/eraser bugfix/pptui bugfix/settingui chore/publish dev draw draw3-source/main feature/cursor feature/recognition feature/ui3-i18n origin/bugfix/eraser origin/dev origin/feature/recognition origin/theme theme	yes	H0 reachable	ordinary	other	"p1:86f,+10462/-319,sha256:43be60631f09,paths:.agents/skills/trellis-brainstorm/SKILL.md,.agents/skills/trellis-meta/SKILL.md,.agents/skills/trellis-meta/references/customize-local/change-skills-or-commands.md,.agents/skills/trellis-meta/references/platform-files/agents.md…,hunks:187; focus=description: ""Guides collaborative requirements discovery before implementa,description: ""Guides collaborative requirements discovery before implementa,Interview me relentlessly about every aspect of this plan until we reach a "	diff content + provenance map	no runtime source path	无当前产品源码映射；相关构建/二进制 provenance 需发布检查		静态差异与 H0 路径核对；未运行本批测试	20260731 0907 update
3cd751b4b53e00020b4027cede48da3d9cdc68b5	86a111600a529dbfdfa2006b3f5429dfd2d87540	2026-07-30T18:34:01+08:00	2026-07-30T18:34:01+08:00	bugfix/animation bugfix/eraser bugfix/pptui bugfix/settingui chore/publish dev draw draw3-source/main feature/cursor feature/recognition feature/ui3-i18n origin/bugfix/eraser origin/dev origin/feature/recognition origin/theme theme	yes	H0 reachable	ordinary	Draw3,Draw3-demo,binary	p1:16f,+256/-94,sha256:94957aad60ac,paths:.trellis/spec/native/runtime-and-rendering.md,.trellis/spec/shaders/cpu-gpu-contracts.md,.trellis/tasks/07-25-laser-pointer-glow-trail/design.md,.trellis/tasks/07-25-laser-pointer-glow-trail/implement.md…,hunks:36; focus=for (const auto& layer : layersInDownOrder) {,coverage 四通道分别保存白芯、白色散射脊、红色实体外套和,Pen/Mouse Hover 和所有活动 contact 的笔尖使用专用 LaserDot shader sh	diff semantics + H0 product source map	H0 tracked counterpart:Inkeys/Inkeys/Drawing/Draw3/Draw3.LaserParticles.cpp,Inkeys/Inkeys/Drawing/Draw3/Draw3.LaserParticles.cppm,Inkeys/Inkeys/Drawing/Draw3/Draw3.Renderer.cpp,Inkeys/Inkeys/Drawing/Draw3/Draw3.Renderer.cppm… (7/7 changed code paths map)	静态未确认该历史差异带来的现存缺陷；生产行为与自动/真机回归由 Draw3 专项验证		静态差异与 H0 路径核对；未运行本批测试	Update laser particle emission, sizing & shading
86a111600a529dbfdfa2006b3f5429dfd2d87540	eb020571ce0a5f715538bf791e43adf2a192e373	2026-07-30T13:36:54+08:00	2026-07-30T13:36:54+08:00	bugfix/animation bugfix/eraser bugfix/pptui bugfix/settingui chore/publish dev draw draw3-source/main feature/cursor feature/recognition feature/ui3-i18n origin/bugfix/eraser origin/dev origin/feature/recognition origin/theme theme	yes	H0 reachable	feature	Draw3,Draw3-demo,binary	p1:18f,+714/-1413,sha256:3cfd538e50c4,paths:.trellis/spec/native/runtime-and-rendering.md,.trellis/spec/shaders/cpu-gpu-contracts.md,.trellis/tasks/07-25-laser-pointer-glow-trail/design.md,.trellis/tasks/07-25-laser-pointer-glow-trail/implement.md…,hunks:83; focus=Wrong：`每帧 CPU 更新 vector<Particle> -> 上传 InkData -> Draw`，或 CS,for (const auto& layer : layersInDownOrder) {,coverage 四通道分别保存白芯、白色散射脊、红色实体外套和	diff semantics + H0 product source map	H0 tracked counterpart:Inkeys/Inkeys/Drawing/Draw3/Draw3.DrawingController.cpp,Inkeys/Inkeys/Drawing/Draw3/Draw3.LaserParticles.cpp,Inkeys/Inkeys/Drawing/Draw3/Draw3.LaserParticles.cppm,Inkeys/Inkeys/Drawing/Draw3/Draw3.Renderer.cpp… (8/8 changed code paths map)	静态未确认该历史差异带来的现存缺陷；生产行为与自动/真机回归由 Draw3 专项验证		静态差异与 H0 路径核对；未运行本批测试	Implement screen-space normal-ejected laser particles
eb020571ce0a5f715538bf791e43adf2a192e373	7a53cb2a143160cb6d485704f9d29db4b44d7d19	2026-07-30T10:20:20+08:00	2026-07-30T10:20:20+08:00	bugfix/animation bugfix/eraser bugfix/pptui bugfix/settingui chore/publish dev draw draw3-source/main feature/cursor feature/recognition feature/ui3-i18n origin/bugfix/eraser origin/dev origin/feature/recognition origin/theme theme	yes	H0 reachable	fix	Draw3,Draw3-demo,binary	p1:15f,+142/-104,sha256:8b700f4cca50,paths:.trellis/spec/native/runtime-and-rendering.md,.trellis/spec/shaders/cpu-gpu-contracts.md,.trellis/tasks/07-25-laser-pointer-glow-trail/design.md,.trellis/tasks/07-25-laser-pointer-glow-trail/implement.md…,hunks:30; focus=for (const auto& layer : layersInDownOrder) {,coverage 四通道分别保存白芯、白色散射脊、红色实体外套和,export namespace draw3	diff semantics + H0 product source map	H0 tracked counterpart:Inkeys/Inkeys/Drawing/Draw3/Draw3.DrawingController.cpp,Inkeys/Inkeys/Drawing/Draw3/Draw3.LaserParticles.cpp,Inkeys/Inkeys/Drawing/Draw3/Draw3.LaserParticles.cppm,Inkeys/Inkeys/Drawing/Draw3/Assets/laserParticleCommon.hlsli… (6/6 changed code paths map)	静态未确认该历史差异带来的现存缺陷；生产行为与自动/真机回归由 Draw3 专项验证		静态差异与 H0 路径核对；未运行本批测试	Fix laser particle endpoint accumulation
7a53cb2a143160cb6d485704f9d29db4b44d7d19	8ff31af8011497d583169e7077451a72a52802db	2026-07-30T09:50:39+08:00	2026-07-30T09:50:39+08:00	bugfix/animation bugfix/eraser bugfix/pptui bugfix/settingui chore/publish dev draw draw3-source/main feature/cursor feature/recognition feature/ui3-i18n origin/bugfix/eraser origin/dev origin/feature/recognition origin/theme theme	yes	H0 reachable	ordinary	Draw3,Draw3-demo,binary	p1:13f,+97/-38,sha256:5d83d0dbddda,paths:.trellis/spec/native/runtime-and-rendering.md,.trellis/spec/shaders/cpu-gpu-contracts.md,.trellis/tasks/07-25-laser-pointer-glow-trail/design.md,.trellis/tasks/07-25-laser-pointer-glow-trail/implement.md…,hunks:23; focus=for (const auto& layer : layersInDownOrder) {,coverage 四通道分别保存白芯、白色散射脊、红色实体外套和,Pen/Mouse Hover 和所有活动 contact 的笔尖使用专用 LaserDot shader sh	diff semantics + H0 product source map	H0 tracked counterpart:Inkeys/Inkeys/Drawing/Draw3/Draw3.LaserParticles.cpp,Inkeys/Inkeys/Drawing/Draw3/Draw3.LaserParticles.cppm,Inkeys/Inkeys/Drawing/Draw3/Assets/laserParticleCommon.hlsli,Inkeys/Inkeys/Drawing/Draw3/Assets/laserParticleUpdateCS.hlsl (4/4 changed code paths map)	静态未确认该历史差异带来的现存缺陷；生产行为与自动/真机回归由 Draw3 专项验证		静态差异与 H0 路径核对；未运行本批测试	Tune laser particle spread and prediction recovery
8ff31af8011497d583169e7077451a72a52802db	f76a35add6b8bbdae85ad1253c8840fa5fee9869	2026-07-30T09:02:08+08:00	2026-07-30T09:02:08+08:00	bugfix/animation bugfix/eraser bugfix/pptui bugfix/settingui chore/publish dev draw draw3-source/main feature/cursor feature/recognition feature/ui3-i18n origin/bugfix/eraser origin/dev origin/feature/recognition origin/theme theme	yes	H0 reachable	ordinary	Draw3,Draw3-demo,binary	p1:22f,+793/-377,sha256:e58ebcdd859b,paths:.trellis/spec/native/runtime-and-rendering.md,.trellis/spec/shaders/cpu-gpu-contracts.md,.trellis/tasks/07-25-laser-pointer-glow-trail/design.md,.trellis/tasks/07-25-laser-pointer-glow-trail/implement.md…,hunks:76; focus=Wrong：`每帧 CPU 更新 vector<Particle> -> 上传 InkData -> Draw`，或 CS,for (const auto& layer : layersInDownOrder) {,coverage 四通道分别保存白芯、白色散射脊、红色实体外套和	diff semantics + H0 product source map	H0 tracked counterpart:Inkeys/Inkeys/Drawing/Draw3/Draw3.DrawingController.cpp,Inkeys/Inkeys/Drawing/Draw3/Draw3.InkPrediction.cpp,Inkeys/Inkeys/Drawing/Draw3/Draw3.InkPrediction.cppm,Inkeys/Inkeys/Drawing/Draw3/Draw3.LaserParticles.cpp… (12/12 changed code paths map)	静态未确认该历史差异带来的现存缺陷；生产行为与自动/真机回归由 Draw3 专项验证		静态差异与 H0 路径核对；未运行本批测试	Upgrade laser particles with L0 prediction following
f76a35add6b8bbdae85ad1253c8840fa5fee9869	617a24a5b60e0fd451ffa82623601c286ca2900a	2026-07-29T19:31:26+08:00	2026-07-29T19:31:26+08:00	bugfix/animation bugfix/eraser bugfix/pptui bugfix/settingui chore/publish dev draw draw3-source/main feature/cursor feature/recognition feature/ui3-i18n origin/bugfix/eraser origin/dev origin/feature/recognition origin/theme theme	yes	H0 reachable	feature	Build,Draw3,Draw3-demo,binary	p1:33f,+2181/-593,sha256:d885837e2520,paths:.trellis/spec/native/index.md,.trellis/spec/native/runtime-and-rendering.md,.trellis/spec/shaders/build-and-encoding.md,.trellis/spec/shaders/cpu-gpu-contracts.md…,hunks:89; focus=Wrong：`Up -> ApplyOperatorLayers(layerL2) -> Present`，或 Hold 期间用固,Windows SDK FXC 10.1 不接受文件开头的 UTF-8 BOM，因此不要直接移,for (const auto& layer : layersInDownOrder) {	diff semantics + H0 product source map	H0 tracked counterpart:Inkeys/Inkeys/Drawing/Draw3/Draw3.DrawingController.cpp,Inkeys/Inkeys/Drawing/Draw3/Draw3.DrawingController.cppm,Inkeys/Inkeys/Drawing/Draw3/Draw3.InkPrediction.cpp,Inkeys/Inkeys/Drawing/Draw3/Draw3.InkPrediction.cppm… (14/15 changed code paths map)	静态未确认该历史差异带来的现存缺陷；生产行为与自动/真机回归由 Draw3 专项验证		静态差异与 H0 路径核对；未运行本批测试	Implement D3D11 path-bound laser particles
617a24a5b60e0fd451ffa82623601c286ca2900a	ad98c1c4c6891249f62eb7b47903b228c52585a9	2026-07-29T16:28:28+08:00	2026-07-29T16:28:28+08:00	bugfix/animation bugfix/eraser bugfix/pptui bugfix/settingui chore/publish dev draw draw3-source/main feature/cursor feature/recognition feature/ui3-i18n origin/bugfix/eraser origin/dev origin/feature/recognition origin/theme theme	yes	H0 reachable	ordinary	Draw3,Draw3-demo,binary	p1:12f,+71/-61,sha256:55a91d1d9cd5,paths:.trellis/spec/native/runtime-and-rendering.md,.trellis/spec/shaders/cpu-gpu-contracts.md,.trellis/tasks/07-25-laser-pointer-glow-trail/design.md,.trellis/tasks/07-25-laser-pointer-glow-trail/prd.md…,hunks:26; focus=float2 halfSize,Result = Add + Retain * Destination,Laser 复用现有 `RuntimeStroke` 的模型输入、真实点和 prediction，	diff semantics + H0 product source map	H0 tracked counterpart:Inkeys/Inkeys/Drawing/Draw3/Draw3.InkPrediction.cppm,Inkeys/Inkeys/Drawing/Draw3/Draw3.Renderer.cpp,Inkeys/Inkeys/Drawing/Draw3/Draw3.Renderer.cppm,Inkeys/Inkeys/Drawing/Draw3/Assets/inkPixelShader.hlsl (4/4 changed code paths map)	静态未确认该历史差异带来的现存缺陷；生产行为与自动/真机回归由 Draw3 专项验证		静态差异与 H0 路径核对；未运行本批测试	Adjust laser visuals: 5px solid & 5px diffuse
ad98c1c4c6891249f62eb7b47903b228c52585a9	2f523beba05003af7a202ef7bf0215e20771a8ee	2026-07-29T11:09:01+08:00	2026-07-29T11:09:01+08:00	bugfix/animation bugfix/eraser bugfix/pptui bugfix/settingui chore/publish dev draw draw3-source/main feature/cursor feature/recognition feature/ui3-i18n origin/bugfix/eraser origin/dev origin/feature/recognition origin/theme theme	yes	H0 reachable	ordinary	Draw3,Draw3-demo,binary	p1:18f,+478/-218,sha256:160435cb2b92,paths:.trellis/spec/native/runtime-and-rendering.md,.trellis/spec/shaders/cpu-gpu-contracts.md,.trellis/tasks/07-25-laser-pointer-glow-trail/design.md,.trellis/tasks/07-25-laser-pointer-glow-trail/implement.md…,hunks:76; focus=Wrong：`Up -> ApplyOperatorLayers(layerL2) -> Present`，或 Hold 期间用固,float2 halfSize,Laser coverage 写入只绑定单张 coverage RTV，并以 `D3D11_BLEND_OP_MAX`	diff semantics + H0 product source map	H0 tracked counterpart:Inkeys/Inkeys/Drawing/Draw3/Draw3.DrawingController.cpp,Inkeys/Inkeys/Drawing/Draw3/Draw3.InkPrediction.cpp,Inkeys/Inkeys/Drawing/Draw3/Draw3.InkPrediction.cppm,Inkeys/Inkeys/Drawing/Draw3/Draw3.Renderer.cpp… (8/8 changed code paths map)	静态未确认该历史差异带来的现存缺陷；生产行为与自动/真机回归由 Draw3 专项验证		静态差异与 H0 路径核对；未运行本批测试	Laser: composited color + per-stroke coverage scratch
2f523beba05003af7a202ef7bf0215e20771a8ee	a607b48a6749184f5da7da960016bdfce0c39676	2026-07-29T08:40:06+08:00	2026-07-29T08:40:06+08:00	bugfix/animation bugfix/eraser bugfix/pptui bugfix/settingui chore/publish dev draw draw3-source/main feature/cursor feature/recognition feature/ui3-i18n origin/bugfix/eraser origin/dev origin/feature/recognition origin/theme theme	yes	H0 reachable	ordinary	Draw3	p1:5f,+7/-7,sha256:1a91f5a5bb66,paths:.trellis/spec/native/runtime-and-rendering.md,inkStrokeModelerTest/draw3/drawing_controller.cpp,inkStrokeModelerTest/draw3/drawing_controller.cppm,inkStrokeModelerTest/draw3/ink_prediction.cppm…,hunks:6; focus=export namespace draw3,int RunHighlighterGeometryTests()	diff semantics + H0 product source map	H0 tracked counterpart:Inkeys/Inkeys/Drawing/Draw3/Draw3.DrawingController.cpp,Inkeys/Inkeys/Drawing/Draw3/Draw3.DrawingController.cppm,Inkeys/Inkeys/Drawing/Draw3/Draw3.InkPrediction.cppm (3/3 changed code paths map)	静态未确认该历史差异带来的现存缺陷；生产行为与自动/真机回归由 Draw3 专项验证		静态差异与 H0 路径核对；未运行本批测试	Adjust Laser sizing and disable particles
a607b48a6749184f5da7da960016bdfce0c39676	d26908e98730be51cec8793fe6c4aff36435486d	2026-07-26T02:41:16+08:00	2026-07-26T02:41:16+08:00	bugfix/animation bugfix/eraser bugfix/pptui bugfix/settingui chore/publish dev draw draw3-source/main feature/cursor feature/recognition feature/ui3-i18n origin/bugfix/eraser origin/dev origin/feature/recognition origin/theme theme	yes	H0 reachable	ordinary	Draw3,Draw3-demo,binary	p1:19f,+512/-108,sha256:68c4e3183fff,paths:.trellis/spec/native/runtime-and-rendering.md,.trellis/spec/shaders/cpu-gpu-contracts.md,.trellis/tasks/07-25-laser-pointer-glow-trail/design.md,.trellis/tasks/07-25-laser-pointer-glow-trail/implement.md…,hunks:62; focus=Correct：`Up -> stable coverage + lifecycle Hold`；只在 Hold deadline/Fade,float2 halfSize,Laser coverage 写入只绑定单张 coverage RTV，并以 `D3D11_BLEND_OP_MAX`	diff semantics + H0 product source map	H0 tracked counterpart:Inkeys/Inkeys/Drawing/Draw3/Draw3.DrawingController.cpp,Inkeys/Inkeys/Drawing/Draw3/Draw3.InkPrediction.cpp,Inkeys/Inkeys/Drawing/Draw3/Draw3.InkPrediction.cppm,Inkeys/Inkeys/Drawing/Draw3/Draw3.Renderer.cpp… (9/9 changed code paths map)	静态未确认该历史差异带来的现存缺陷；生产行为与自动/真机回归由 Draw3 专项验证		静态差异与 H0 路径核对；未运行本批测试	Refine laser pointer visuals and pressure
d26908e98730be51cec8793fe6c4aff36435486d	66fb74f38d3a6abed4560ec133c0de43b9f03909	2026-07-26T01:24:30+08:00	2026-07-26T01:24:30+08:00	bugfix/animation bugfix/eraser bugfix/pptui bugfix/settingui chore/publish dev draw draw3-source/main feature/cursor feature/recognition feature/ui3-i18n origin/bugfix/eraser origin/dev origin/feature/recognition origin/theme theme	yes	H0 reachable	documentation/workflow	workflow/docs	p1:7f,+206/-2,sha256:b5623b11f682,paths:.trellis/spec/native/runtime-and-rendering.md,.trellis/spec/shaders/cpu-gpu-contracts.md,.trellis/tasks/07-25-laser-pointer-glow-trail/design.md,.trellis/tasks/07-25-laser-pointer-glow-trail/implement.md…,hunks:10; focus=float2 halfSize,MSBuild.exe .\inkStrokeModelerTest.sln /m /p:Configuration=Debug /p:Platfor,MSBuild.exe .\inkStrokeModelerTest.sln /m /p:Configuration=Debug /p:Platfor	diff content (documentation/workflow)	no runtime source path	不适用产品运行：仅规范、任务或 journal 内容变更；未修改运行时代码		静态差异与 H0 路径核对；未运行本批测试	Document laser pointer contracts
66fb74f38d3a6abed4560ec133c0de43b9f03909	be552412c46a1447b20a85e169d35354c8d375bc	2026-07-26T01:23:29+08:00	2026-07-26T01:23:29+08:00	bugfix/animation bugfix/eraser bugfix/pptui bugfix/settingui chore/publish dev draw draw3-source/main feature/cursor feature/recognition feature/ui3-i18n origin/bugfix/eraser origin/dev origin/feature/recognition origin/theme theme	yes	H0 reachable	feature	Draw3,Draw3-demo,binary	p1:20f,+1341/-45,sha256:966851ca303c,paths:inkStrokeModelerTest/draw3/drawing_controller.cpp,inkStrokeModelerTest/draw3/drawing_controller.cppm,inkStrokeModelerTest/draw3/ink_prediction.cpp,inkStrokeModelerTest/draw3/ink_prediction.cppm…,hunks:91; focus=export namespace draw3,cbuffer ScreenBuffer : register(b0),Texture2D LiveOperatorRetain : register(t5);	diff semantics + H0 product source map	H0 tracked counterpart:Inkeys/Inkeys/Drawing/Draw3/Draw3.DrawingController.cpp,Inkeys/Inkeys/Drawing/Draw3/Draw3.DrawingController.cppm,Inkeys/Inkeys/Drawing/Draw3/Draw3.InkPrediction.cpp,Inkeys/Inkeys/Drawing/Draw3/Draw3.InkPrediction.cppm… (15/15 changed code paths map)	静态未确认该历史差异带来的现存缺陷；生产行为与自动/真机回归由 Draw3 专项验证		静态差异与 H0 路径核对；未运行本批测试	Implement glowing laser pointer
be552412c46a1447b20a85e169d35354c8d375bc	df55e1451b344eba71538f0db6e068fcc6546c39	2026-07-25T23:00:45+08:00	2026-07-25T23:00:45+08:00	bugfix/animation bugfix/eraser bugfix/pptui bugfix/settingui chore/publish dev draw draw3-source/main feature/cursor feature/recognition feature/ui3-i18n origin/bugfix/eraser origin/dev origin/feature/recognition origin/theme theme	yes	H0 reachable	documentation/workflow	workflow/docs	p1:2f,+36/-2,sha256:49d9e0bb6a32,paths:.trellis/workspace/AlanCRL/index.md,.trellis/workspace/AlanCRL/journal-1.md,hunks:4; focus=Aligned CreateIconIndirect cursor construction with the Microsoft alpha cur	diff content (documentation/workflow)	no runtime source path	不适用产品运行：仅规范、任务或 journal 内容变更；未修改运行时代码		静态差异与 H0 路径核对；未运行本批测试	chore: record journal
df55e1451b344eba71538f0db6e068fcc6546c39	03277967c0f7d4292d10eb83dccfb2aa450a4e73	2026-07-25T23:00:24+08:00	2026-07-25T23:00:24+08:00	bugfix/animation bugfix/eraser bugfix/pptui bugfix/settingui chore/publish dev draw draw3-source/main feature/cursor feature/recognition feature/ui3-i18n origin/bugfix/eraser origin/dev origin/feature/recognition origin/theme theme	yes	H0 reachable	documentation/workflow	workflow/docs	p1:8f,+127/-127,sha256:1c19f29570b4,paths:.trellis/tasks/07-25-l0-transient-drawing-cursor/design.md,.trellis/tasks/07-25-l0-transient-drawing-cursor/implement.md,.trellis/tasks/07-25-l0-transient-drawing-cursor/prd.md,.trellis/tasks/07-25-l0-transient-drawing-cursor/task.json…,hunks:8; focus=file-level	diff content (documentation/workflow)	no runtime source path	不适用产品运行：仅规范、任务或 journal 内容变更；未修改运行时代码		静态差异与 H0 路径核对；未运行本批测试	chore(task): archive 07-25-l0-transient-drawing-cursor
03277967c0f7d4292d10eb83dccfb2aa450a4e73	ec0f008b9d98860f5bb19e73c7d1381b0a4772c7	2026-07-25T22:58:22+08:00	2026-07-25T22:58:22+08:00	bugfix/animation bugfix/eraser bugfix/pptui bugfix/settingui chore/publish dev draw draw3-source/main feature/cursor feature/recognition feature/ui3-i18n origin/bugfix/eraser origin/dev origin/feature/recognition origin/theme theme	yes	H0 reachable	fix	Draw3	p1:6f,+83/-17,sha256:292b8ac05667,paths:.trellis/spec/native/runtime-and-rendering.md,.trellis/tasks/07-25-l0-transient-drawing-cursor/design.md,.trellis/tasks/07-25-l0-transient-drawing-cursor/prd.md,inkStrokeModelerTest/draw3/drawing_controller.cpp…,hunks:14; focus=Wrong：`renderer.SetOperatorTarget(renderer.layerL0); renderer.DrawTransient,int RunPenCursorTests()	diff semantics + H0 product source map	H0 tracked counterpart:Inkeys/Inkeys/Drawing/Draw3/Draw3.DrawingController.cpp,Inkeys/Inkeys/Drawing/Draw3/Draw3.WindowControl.cpp (2/2 changed code paths map)	静态未确认该历史差异带来的现存缺陷；生产行为与自动/真机回归由 Draw3 专项验证		静态差异与 H0 路径核对；未运行本批测试	Fix drawing cursor handoff and opacity
ec0f008b9d98860f5bb19e73c7d1381b0a4772c7	90cd1698b7b92f513cafd8908a11b1761f5b7eca	2026-07-25T22:16:02+08:00	2026-07-25T22:16:02+08:00	bugfix/animation bugfix/eraser bugfix/pptui bugfix/settingui chore/publish dev draw draw3-source/main feature/cursor feature/recognition feature/ui3-i18n origin/bugfix/eraser origin/dev origin/feature/recognition origin/theme theme	yes	H0 reachable	feature	Draw3,Draw3-demo,binary	p1:20f,+1043/-639,sha256:5a77b1ec03ad,paths:.trellis/spec/native/runtime-and-rendering.md,.trellis/spec/shaders/cpu-gpu-contracts.md,.trellis/tasks/07-25-l0-transient-drawing-cursor/design.md,.trellis/tasks/07-25-l0-transient-drawing-cursor/implement.md…,hunks:62; focus=Wrong：`把 DrvSetPointerShape 的预乘要求直接套到 CreateIconIndirect,Correct：`runtime.selectedTool` 保留批次选择，`runtime.tool` 只保存,float2 halfSize	diff semantics + H0 product source map	H0 tracked counterpart:Inkeys/Inkeys/Drawing/Draw3/Draw3.DrawingController.cpp,Inkeys/Inkeys/Drawing/Draw3/Draw3.PenCursor.cpp,Inkeys/Inkeys/Drawing/Draw3/Draw3.PenCursor.cppm,Inkeys/Inkeys/Drawing/Draw3/Draw3.RealtimeStylus.cpp… (11/11 changed code paths map)	静态未确认该历史差异带来的现存缺陷；生产行为与自动/真机回归由 Draw3 专项验证		静态差异与 H0 路径核对；未运行本批测试	Implement L0 transient drawing cursor (GPU backbuffer)
90cd1698b7b92f513cafd8908a11b1761f5b7eca	603ad09afdbdab6f7a5e901d6b0fd8ea8081c79d	2026-07-25T18:58:45+08:00	2026-07-25T18:58:45+08:00	bugfix/animation bugfix/eraser bugfix/pptui bugfix/settingui chore/publish dev draw draw3-source/main feature/cursor feature/recognition feature/ui3-i18n origin/bugfix/eraser origin/dev origin/feature/recognition origin/theme theme	yes	H0 reachable	documentation/workflow	workflow/docs	p1:2f,+37/-3,sha256:d8d7a8696281,paths:.trellis/workspace/AlanCRL/index.md,.trellis/workspace/AlanCRL/journal-1.md,hunks:4; focus=Replaced tangent-oriented highlighter geometry with a fixed 6.25x50px verti	diff content (documentation/workflow)	no runtime source path	不适用产品运行：仅规范、任务或 journal 内容变更；未修改运行时代码		静态差异与 H0 路径核对；未运行本批测试	chore: record journal
603ad09afdbdab6f7a5e901d6b0fd8ea8081c79d	2af3c9b1e16193c034939c9c55e1b73e28e6dfcf	2026-07-25T18:58:28+08:00	2026-07-25T18:58:28+08:00	bugfix/animation bugfix/eraser bugfix/pptui bugfix/settingui chore/publish dev draw draw3-source/main feature/cursor feature/recognition feature/ui3-i18n origin/bugfix/eraser origin/dev origin/feature/recognition origin/theme theme	yes	H0 reachable	documentation/workflow	workflow/docs	p1:8f,+137/-137,sha256:00d00e0fd121,paths:.trellis/tasks/07-25-windows-ink-pen-cursor/design.md,.trellis/tasks/07-25-windows-ink-pen-cursor/implement.md,.trellis/tasks/07-25-windows-ink-pen-cursor/prd.md,.trellis/tasks/07-25-windows-ink-pen-cursor/task.json…,hunks:8; focus=file-level	diff content (documentation/workflow)	no runtime source path	不适用产品运行：仅规范、任务或 journal 内容变更；未修改运行时代码		静态差异与 H0 路径核对；未运行本批测试	chore(task): archive 07-25-windows-ink-pen-cursor
2af3c9b1e16193c034939c9c55e1b73e28e6dfcf	8c9d59a2c6853e78f11c0700c6c00811748a469f	2026-07-25T18:58:05+08:00	2026-07-25T18:58:05+08:00	bugfix/animation bugfix/eraser bugfix/pptui bugfix/settingui chore/publish dev draw draw3-source/main feature/cursor feature/recognition feature/ui3-i18n origin/bugfix/eraser origin/dev origin/feature/recognition origin/theme theme	yes	H0 reachable	ordinary	Draw3	p1:8f,+146/-76,sha256:5fa8e88ae9d5,paths:.trellis/spec/native/runtime-and-rendering.md,.trellis/tasks/07-25-windows-ink-pen-cursor/design.md,.trellis/tasks/07-25-windows-ink-pen-cursor/implement.md,.trellis/tasks/07-25-windows-ink-pen-cursor/prd.md…,hunks:20; focus=Wrong：`RTS 回调直接 SetCursor/ShowCursor；鼠标离开本窗口后仍由,Windows 8+ 的 `WM_POINTER*` 通过动态解析 `GetPointerType`/`GetPointerPenI,git diff --check	diff semantics + H0 product source map	H0 tracked counterpart:Inkeys/Inkeys/Drawing/Draw3/Draw3.DrawingController.cpp,Inkeys/Inkeys/Drawing/Draw3/Draw3.PenCursor.cpp,Inkeys/Inkeys/Drawing/Draw3/Draw3.PenCursor.cppm (3/3 changed code paths map)	静态未确认该历史差异带来的现存缺陷；生产行为与自动/真机回归由 Draw3 专项验证		静态差异与 H0 路径核对；未运行本批测试	Refine eraser cursor alpha handling
8c9d59a2c6853e78f11c0700c6c00811748a469f	4373ba373791e8e1e3565da92a9e63a704eb5109	2026-07-25T14:56:57+08:00	2026-07-25T14:56:57+08:00	bugfix/animation bugfix/eraser bugfix/pptui bugfix/settingui chore/publish dev draw draw3-source/main feature/cursor feature/recognition feature/ui3-i18n origin/bugfix/eraser origin/dev origin/feature/recognition origin/theme theme	yes	H0 reachable	ordinary	Draw3	p1:2f,+3/-2,sha256:17a20495a8ce,paths:.trellis/spec/native/runtime-and-rendering.md,inkStrokeModelerTest/draw3/drawing_controller.cpp,hunks:2; focus=file-level	diff semantics + H0 product source map	H0 tracked counterpart:Inkeys/Inkeys/Drawing/Draw3/Draw3.DrawingController.cpp (1/1 changed code paths map)	静态未确认该历史差异带来的现存缺陷；生产行为与自动/真机回归由 Draw3 专项验证		静态差异与 H0 路径核对；未运行本批测试	Use canvas pixels for EraserGripCircle diameter
4373ba373791e8e1e3565da92a9e63a704eb5109	a19ec4bf154bf2ce8b618c1f3392c932e4171551	2026-07-25T13:51:34+08:00	2026-07-25T13:51:34+08:00	bugfix/animation bugfix/eraser bugfix/pptui bugfix/settingui chore/publish dev draw draw3-source/main feature/cursor feature/recognition feature/ui3-i18n origin/bugfix/eraser origin/dev origin/feature/recognition origin/theme theme	yes	H0 reachable	ordinary	Draw3	p1:4f,+5/-5,sha256:9f1f2b93448e,paths:.trellis/spec/native/runtime-and-rendering.md,.trellis/tasks/07-25-windows-ink-pen-cursor/design.md,.trellis/tasks/07-25-windows-ink-pen-cursor/prd.md,inkStrokeModelerTest/draw3/drawing_controller.cpp,hunks:5; focus=Windows 8+ 的 `WM_POINTER*` 通过动态解析 `GetPointerType`/`GetPointerPenI	diff semantics + H0 product source map	H0 tracked counterpart:Inkeys/Inkeys/Drawing/Draw3/Draw3.DrawingController.cpp (1/1 changed code paths map)	静态未确认该历史差异带来的现存缺陷；生产行为与自动/真机回归由 Draw3 专项验证		静态差异与 H0 路径核对；未运行本批测试	Reduce pen cursor min diameter to 5px
a19ec4bf154bf2ce8b618c1f3392c932e4171551	81f7bfd1741658b01db666746ab9f74540d28f7f	2026-07-25T13:33:39+08:00	2026-07-25T13:33:39+08:00	bugfix/animation bugfix/eraser bugfix/pptui bugfix/settingui chore/publish dev draw draw3-source/main feature/cursor feature/recognition feature/ui3-i18n origin/bugfix/eraser origin/dev origin/feature/recognition origin/theme theme	yes	H0 reachable	feature	Draw3	p1:14f,+339/-101,sha256:5322a20fbd45,paths:.trellis/spec/native/runtime-and-rendering.md,.trellis/tasks/07-25-windows-ink-pen-cursor/design.md,.trellis/tasks/07-25-windows-ink-pen-cursor/implement.md,.trellis/tasks/07-25-windows-ink-pen-cursor/prd.md…,hunks:43; focus=Windows 8+ 的 `WM_POINTER*` 通过动态解析 `GetPointerType`/`GetPointerPenI,git diff --check,export namespace draw3	diff semantics + H0 product source map	H0 tracked counterpart:Inkeys/Inkeys/Drawing/Draw3/Draw3.DrawingController.cpp,Inkeys/Inkeys/Drawing/Draw3/Draw3.InkPrediction.cpp,Inkeys/Inkeys/Drawing/Draw3/Draw3.InkPrediction.cppm,Inkeys/Inkeys/Drawing/Draw3/Draw3.PenCursor.cpp… (8/8 changed code paths map)	静态未确认该历史差异带来的现存缺陷；生产行为与自动/真机回归由 Draw3 专项验证		静态差异与 H0 路径核对；未运行本批测试	Add eraser cursor and hover/contact behavior
81f7bfd1741658b01db666746ab9f74540d28f7f	9aea16b7676adcd88c2ba35d12c4bc8543169598	2026-07-25T10:35:43+08:00	2026-07-25T10:35:43+08:00	bugfix/animation bugfix/eraser bugfix/pptui bugfix/settingui chore/publish dev draw draw3-source/main feature/cursor feature/recognition feature/ui3-i18n origin/bugfix/eraser origin/dev origin/feature/recognition origin/theme theme	yes	H0 reachable	feature	Build,Draw3,Draw3-demo	p1:19f,+883/-45,sha256:064d696f2758,paths:.trellis/spec/native/runtime-and-rendering.md,.trellis/tasks/07-25-windows-ink-pen-cursor/design.md,.trellis/tasks/07-25-windows-ink-pen-cursor/implement.md,.trellis/tasks/07-25-windows-ink-pen-cursor/prd.md…,hunks:57; focus=import draw3.haptic_feedback;,import draw3.contact_input;,export namespace draw3	diff semantics + H0 product source map	H0 tracked counterpart:Inkeys/Inkeys/Drawing/Draw3/Draw3.DrawingController.cpp,Inkeys/Inkeys/Drawing/Draw3/Draw3.PenCursor.cpp,Inkeys/Inkeys/Drawing/Draw3/Draw3.PenCursor.cppm,Inkeys/Inkeys/Drawing/Draw3/Draw3.RealtimeStylus.cpp… (7/8 changed code paths map)	静态未确认该历史差异带来的现存缺陷；生产行为与自动/真机回归由 Draw3 专项验证		静态差异与 H0 路径核对；未运行本批测试	Add window-scoped pen cursor with RTS integration
9aea16b7676adcd88c2ba35d12c4bc8543169598	4a8b04d938b305e6cc1478424ed240f799e7e14e	2026-07-24T20:17:26+08:00	2026-07-24T20:17:26+08:00	bugfix/animation bugfix/eraser bugfix/pptui bugfix/settingui chore/publish dev draw draw3-source/main feature/cursor feature/recognition feature/ui3-i18n origin/bugfix/eraser origin/dev origin/feature/recognition origin/theme theme	yes	H0 reachable	documentation/workflow	workflow/docs	p1:2f,+36/-2,sha256:46a9fe9e2d0d,paths:.trellis/workspace/AlanCRL/index.md,.trellis/workspace/AlanCRL/journal-1.md,hunks:4; focus=Completed 80ms interrupted-stroke retention and model reuse across pen, hig	diff content (documentation/workflow)	no runtime source path	不适用产品运行：仅规范、任务或 journal 内容变更；未修改运行时代码		静态差异与 H0 路径核对；未运行本批测试	chore: record journal
4a8b04d938b305e6cc1478424ed240f799e7e14e	e5ebc97c02e71bb8af5961b489f8448b47c84077	2026-07-24T20:17:10+08:00	2026-07-24T20:17:10+08:00	bugfix/animation bugfix/eraser bugfix/pptui bugfix/settingui chore/publish dev draw draw3-source/main feature/cursor feature/recognition feature/ui3-i18n origin/bugfix/eraser origin/dev origin/feature/recognition origin/theme theme	yes	H0 reachable	documentation/workflow	workflow/docs	p1:8f,+142/-142,sha256:defdfeaec668,paths:.trellis/tasks/07-19-highlighter-start-cap-stability/design.md,.trellis/tasks/07-19-highlighter-start-cap-stability/implement.md,.trellis/tasks/07-19-highlighter-start-cap-stability/prd.md,.trellis/tasks/07-19-highlighter-start-cap-stability/task.json…,hunks:8; focus=file-level	diff content (documentation/workflow)	no runtime source path	不适用产品运行：仅规范、任务或 journal 内容变更；未修改运行时代码		静态差异与 H0 路径核对；未运行本批测试	chore(task): archive 07-19-highlighter-start-cap-stability
e5ebc97c02e71bb8af5961b489f8448b47c84077	016ed57bfc348c6ff123b7c8b2b8362b85fa9aad	2026-07-24T20:16:45+08:00	2026-07-24T20:16:45+08:00	bugfix/animation bugfix/eraser bugfix/pptui bugfix/settingui chore/publish dev draw draw3-source/main feature/cursor feature/recognition feature/ui3-i18n origin/bugfix/eraser origin/dev origin/feature/recognition origin/theme theme	yes	H0 reachable	fix	Draw3,Draw3-demo,binary	p1:21f,+345/-750,sha256:eb70e77e87ca,paths:.trellis/spec/guides/code-reuse-thinking-guide.md,.trellis/spec/guides/cross-layer-thinking-guide.md,.trellis/spec/native/quality-and-validation.md,.trellis/spec/native/runtime-and-rendering.md…,hunks:57; focus=Win32/HiEasyX message,MSBuild.exe .\inkStrokeModelerTest.sln /m /p:Configuration=Debug /p:Platfor,Release 运行指标用 `--metrics-output <json> --strict-metrics` 启用；关	diff semantics + H0 product source map	H0 tracked counterpart:Inkeys/Inkeys/Drawing/Draw3/Draw3.DrawingController.cpp,Inkeys/Inkeys/Drawing/Draw3/Draw3.InkPrediction.cpp,Inkeys/Inkeys/Drawing/Draw3/Draw3.InkPrediction.cppm,Inkeys/Inkeys/Drawing/Draw3/Draw3.Renderer.cppm… (8/8 changed code paths map)	静态未确认该历史差异带来的现存缺陷；生产行为与自动/真机回归由 Draw3 专项验证		静态差异与 H0 路径核对；未运行本批测试	fix(draw3): use fixed vertical highlighter nib
016ed57bfc348c6ff123b7c8b2b8362b85fa9aad	fb8620fa101f098e55dce3ec330460bf35d4724e	2026-07-24T16:24:04+08:00	2026-07-24T16:24:04+08:00	bugfix/animation bugfix/eraser bugfix/pptui bugfix/settingui chore/publish dev draw draw3-source/main feature/cursor feature/recognition feature/ui3-i18n origin/bugfix/eraser origin/dev origin/feature/recognition origin/theme theme	yes	H0 reachable	feature	Build,Draw3,Draw3-demo	p1:13f,+1144/-5,sha256:a02f027f8960,paths:inkStrokeModelerTest/draw3/drawing_controller.cpp,inkStrokeModelerTest/draw3/drawing_controller.cppm,inkStrokeModelerTest/draw3/haptic_feedback.cpp,inkStrokeModelerTest/draw3/haptic_feedback.cppm…,hunks:37; focus=import draw3.diagnostics;,import draw3.contact_input;,export namespace draw3	diff semantics + H0 product source map	H0 tracked counterpart:Inkeys/Inkeys/Drawing/Draw3/Draw3.DrawingController.cpp,Inkeys/Inkeys/Drawing/Draw3/Draw3.DrawingController.cppm,Inkeys/Inkeys/Drawing/Draw3/Draw3.HapticFeedback.cpp,Inkeys/Inkeys/Drawing/Draw3/Draw3.HapticFeedback.cppm… (7/8 changed code paths map)	静态未确认该历史差异带来的现存缺陷；生产行为与自动/真机回归由 Draw3 专项验证		静态差异与 H0 路径核对；未运行本批测试	feat(draw3): add pen haptic feedback compatibility
fb8620fa101f098e55dce3ec330460bf35d4724e	d0b31fdc0cef4bccac33e446ba0578d10dcb66ab	2026-07-24T08:55:44+08:00	2026-07-24T08:55:44+08:00	bugfix/animation bugfix/eraser bugfix/pptui bugfix/settingui chore/publish dev draw draw3-source/main feature/cursor feature/recognition feature/ui3-i18n origin/bugfix/eraser origin/dev origin/feature/recognition origin/theme theme	yes	H0 reachable	documentation/workflow	workflow/docs	p1:2f,+37/-3,sha256:90322c9c1950,paths:.trellis/workspace/AlanCRL/index.md,.trellis/workspace/AlanCRL/journal-1.md,hunks:4; focus=Added MPP2.0 inverted-pen eraser routing, pressure suppression, runtime tog	diff content (documentation/workflow)	no runtime source path	不适用产品运行：仅规范、任务或 journal 内容变更；未修改运行时代码		静态差异与 H0 路径核对；未运行本批测试	chore: record journal
d0b31fdc0cef4bccac33e446ba0578d10dcb66ab	6104fd5bcea2f56230f97c8d3e47ac43ba09692e	2026-07-24T08:55:09+08:00	2026-07-24T08:55:09+08:00	bugfix/animation bugfix/eraser bugfix/pptui bugfix/settingui chore/publish dev draw draw3-source/main feature/cursor feature/recognition feature/ui3-i18n origin/bugfix/eraser origin/dev origin/feature/recognition origin/theme theme	yes	H0 reachable	documentation/workflow	workflow/docs	p1:8f,+244/-244,sha256:9859c71ed3b4,paths:.trellis/tasks/07-21-rts-interrupted-stroke-reconnect/design.md,.trellis/tasks/07-21-rts-interrupted-stroke-reconnect/implement.md,.trellis/tasks/07-21-rts-interrupted-stroke-reconnect/prd.md,.trellis/tasks/07-21-rts-interrupted-stroke-reconnect/task.json…,hunks:8; focus=file-level	diff content (documentation/workflow)	no runtime source path	不适用产品运行：仅规范、任务或 journal 内容变更；未修改运行时代码		静态差异与 H0 路径核对；未运行本批测试	chore(task): archive 07-21-rts-interrupted-stroke-reconnect
6104fd5bcea2f56230f97c8d3e47ac43ba09692e	e60bc2013ed595a4742cd58611f467002985ee36	2026-07-24T08:54:12+08:00	2026-07-24T08:54:12+08:00	bugfix/animation bugfix/eraser bugfix/pptui bugfix/settingui chore/publish dev draw draw3-source/main feature/cursor feature/recognition feature/ui3-i18n origin/bugfix/eraser origin/dev origin/feature/recognition origin/theme theme	yes	H0 reachable	fix	Draw3,Draw3-demo	p1:13f,+1331/-170,sha256:809f1086f017,paths:.trellis/spec/native/platform-and-resources.md,.trellis/spec/native/runtime-and-rendering.md,.trellis/tasks/07-21-rts-interrupted-stroke-reconnect/design.md,.trellis/tasks/07-21-rts-interrupted-stroke-reconnect/implement.md…,hunks:53; focus=DirectCompositionVisualTree,Correct：`Up 暂作 kMove 并保存快照；命中后把新 Down 作为原模,Wrong：`只用真实尾部 12px 弦方向和固定 32px 上限判断曲线断	diff semantics + H0 product source map	H0 tracked counterpart:Inkeys/Inkeys/Drawing/Draw3/Draw3.DrawingController.cpp,Inkeys/Inkeys/Drawing/Draw3/Draw3.InkPrediction.cpp,Inkeys/Inkeys/Drawing/Draw3/Draw3.InkPrediction.cppm,Inkeys/Inkeys/Drawing/Draw3/Draw3.RealtimeStylus.cpp… (6/7 changed code paths map)	静态未确认该历史差异带来的现存缺陷；生产行为与自动/真机回归由 Draw3 专项验证		静态差异与 H0 路径核对；未运行本批测试	fix(draw3): harden interrupted stroke reconnect
e60bc2013ed595a4742cd58611f467002985ee36	baa3e264522f3a29a1be279cc87a7fbf8564c954	2026-07-21T19:39:30+08:00	2026-07-21T19:39:30+08:00	bugfix/animation bugfix/eraser bugfix/pptui bugfix/settingui chore/publish dev draw draw3-source/main feature/cursor feature/recognition feature/ui3-i18n origin/bugfix/eraser origin/dev origin/feature/recognition origin/theme theme	yes	H0 reachable	feature	Draw3	p1:9f,+1454/-58,sha256:f81337ebbb1a,paths:.trellis/spec/native/runtime-and-rendering.md,.trellis/tasks/07-21-rts-interrupted-stroke-reconnect/design.md,.trellis/tasks/07-21-rts-interrupted-stroke-reconnect/implement.md,.trellis/tasks/07-21-rts-interrupted-stroke-reconnect/prd.md…,hunks:35; focus=export namespace draw3,int wmain(int argc, wchar_t* argv[])	diff semantics + H0 product source map	H0 tracked counterpart:Inkeys/Inkeys/Drawing/Draw3/Draw3.DrawingController.cpp,Inkeys/Inkeys/Drawing/Draw3/Draw3.InkPrediction.cpp,Inkeys/Inkeys/Drawing/Draw3/Draw3.InkPrediction.cppm (3/3 changed code paths map)	静态未确认该历史差异带来的现存缺陷；生产行为与自动/真机回归由 Draw3 专项验证		静态差异与 H0 路径核对；未运行本批测试	feat(draw3): reconnect interrupted strokes
baa3e264522f3a29a1be279cc87a7fbf8564c954	0ceb20afff66314d8b745601bdbaa345c04c21d5	2026-07-21T14:22:39+08:00	2026-07-21T14:22:39+08:00	bugfix/animation bugfix/eraser bugfix/pptui bugfix/settingui chore/publish dev draw draw3-source/main feature/cursor feature/recognition feature/ui3-i18n origin/bugfix/eraser origin/dev origin/feature/recognition origin/theme theme	yes	H0 reachable	documentation/workflow	workflow/docs	"p1:3f,+7/-2,sha256:1e8da92d939c,paths:.codex/config.toml,.trellis/tasks/07-18-rts-multicontact-rendering/prd.md,.trellis/tasks/07-19-rts-contact-pool-lock-free/implement.md,hunks:3; focus=project_doc_fallback_filenames = [""AGENTS.md""]"	diff content (documentation/workflow)	no runtime source path	不适用产品运行：仅规范、任务或 journal 内容变更；未修改运行时代码		静态差异与 H0 路径核对；未运行本批测试	20260721 1422 update
0ceb20afff66314d8b745601bdbaa345c04c21d5	e403024535aede5cefdfd22701d260c534599be3	2026-07-20T19:14:04+08:00	2026-07-20T19:14:04+08:00	bugfix/animation bugfix/eraser bugfix/pptui bugfix/settingui chore/publish dev draw draw3-source/main feature/cursor feature/recognition feature/ui3-i18n origin/bugfix/eraser origin/dev origin/feature/recognition origin/theme theme	yes	H0 reachable	documentation/workflow	workflow/docs	p1:8f,+192/-184,sha256:9d73ce98a704,paths:.trellis/tasks/07-19-draw3-runtime-validation/design.md,.trellis/tasks/07-19-draw3-runtime-validation/implement.md,.trellis/tasks/07-19-draw3-runtime-validation/prd.md,.trellis/tasks/07-19-draw3-runtime-validation/task.json…,hunks:8; focus=file-level	diff content (documentation/workflow)	no runtime source path	不适用产品运行：仅规范、任务或 journal 内容变更；未修改运行时代码		静态差异与 H0 路径核对；未运行本批测试	chore(task): archive 07-19-draw3-runtime-validation
e403024535aede5cefdfd22701d260c534599be3	8a097e95e3970b61a41280272127db080eafa02d	2026-07-20T18:12:32+08:00	2026-07-20T18:12:32+08:00	bugfix/animation bugfix/eraser bugfix/pptui bugfix/settingui chore/publish dev draw draw3-source/main feature/cursor feature/recognition feature/ui3-i18n origin/bugfix/eraser origin/dev origin/feature/recognition origin/theme theme	yes	H0 reachable	documentation/workflow	workflow/docs	p1:2f,+38/-4,sha256:8e771155665e,paths:.trellis/workspace/AlanCRL/index.md,.trellis/workspace/AlanCRL/journal-1.md,hunks:5; focus=file-level	diff content (documentation/workflow)	no runtime source path	不适用产品运行：仅规范、任务或 journal 内容变更；未修改运行时代码		静态差异与 H0 路径核对；未运行本批测试	chore: record journal
8a097e95e3970b61a41280272127db080eafa02d	af3f6433b1b152241f3262347e376072bbc58918	2026-07-20T18:11:33+08:00	2026-07-20T18:11:33+08:00	bugfix/animation bugfix/eraser bugfix/pptui bugfix/settingui chore/publish dev draw draw3-source/main feature/cursor feature/recognition feature/ui3-i18n origin/bugfix/eraser origin/dev origin/feature/recognition origin/theme theme	yes	H0 reachable	documentation/workflow	workflow/docs	p1:4f,+87/-87,sha256:74958af43abb,paths:.trellis/tasks/00-bootstrap-guidelines/prd.md,.trellis/tasks/00-bootstrap-guidelines/task.json,.trellis/tasks/archive/2026-07/00-bootstrap-guidelines/prd.md,.trellis/tasks/archive/2026-07/00-bootstrap-guidelines/task.json,hunks:4; focus=file-level	diff content (documentation/workflow)	no runtime source path	不适用产品运行：仅规范、任务或 journal 内容变更；未修改运行时代码		静态差异与 H0 路径核对；未运行本批测试	chore(task): archive 00-bootstrap-guidelines
af3f6433b1b152241f3262347e376072bbc58918	b4484e8477884ea5f15b576dc85956835aa6e026	2026-07-20T18:11:11+08:00	2026-07-20T18:11:11+08:00	bugfix/animation bugfix/eraser bugfix/pptui bugfix/settingui chore/publish dev draw draw3-source/main feature/cursor feature/recognition feature/ui3-i18n origin/bugfix/eraser origin/dev origin/feature/recognition origin/theme theme	yes	H0 reachable	documentation/workflow	workflow/docs	p1:8f,+136/-136,sha256:b53ed0247d56,paths:.trellis/tasks/07-20-rts-inverted-pen-eraser/design.md,.trellis/tasks/07-20-rts-inverted-pen-eraser/implement.md,.trellis/tasks/07-20-rts-inverted-pen-eraser/prd.md,.trellis/tasks/07-20-rts-inverted-pen-eraser/task.json…,hunks:8; focus=file-level	diff content (documentation/workflow)	no runtime source path	不适用产品运行：仅规范、任务或 journal 内容变更；未修改运行时代码		静态差异与 H0 路径核对；未运行本批测试	chore(task): archive 07-20-rts-inverted-pen-eraser
b4484e8477884ea5f15b576dc85956835aa6e026	7f7d2e2ddca615dc05fa22161128eac06ccf0bdd	2026-07-20T18:03:36+08:00	2026-07-20T18:03:36+08:00	bugfix/animation bugfix/eraser bugfix/pptui bugfix/settingui chore/publish dev draw draw3-source/main feature/cursor feature/recognition feature/ui3-i18n origin/bugfix/eraser origin/dev origin/feature/recognition origin/theme theme	yes	H0 reachable	feature	Draw3	p1:14f,+314/-17,sha256:b71165cbb44c,paths:.trellis/spec/native/runtime-and-rendering.md,.trellis/tasks/07-18-rts-multicontact-rendering/task.json,.trellis/tasks/07-20-rts-inverted-pen-eraser/design.md,.trellis/tasks/07-20-rts-inverted-pen-eraser/implement.md…,hunks:37; focus=Correct：`按当前 tablet PROPERTY_METRICS 归一化；Down 时从单原子设,export namespace draw3,int wmain(int argc, wchar_t* argv[])	diff semantics + H0 product source map	H0 tracked counterpart:Inkeys/Inkeys/Drawing/Draw3/Draw3.ContactInput.cpp,Inkeys/Inkeys/Drawing/Draw3/Draw3.ContactInput.cppm,Inkeys/Inkeys/Drawing/Draw3/Draw3.DrawingController.cpp,Inkeys/Inkeys/Drawing/Draw3/Draw3.DrawingController.cppm… (7/7 changed code paths map)	静态未确认该历史差异带来的现存缺陷；生产行为与自动/真机回归由 Draw3 专项验证		静态差异与 H0 路径核对；未运行本批测试	Add RTS inverted pen eraser support
7f7d2e2ddca615dc05fa22161128eac06ccf0bdd	3d52b33d82c20fc3757b4056c44d627a4ca00d90	2026-07-20T15:54:15+08:00	2026-07-20T15:54:15+08:00	bugfix/animation bugfix/eraser bugfix/pptui bugfix/settingui chore/publish dev draw draw3-source/main feature/cursor feature/recognition feature/ui3-i18n origin/bugfix/eraser origin/dev origin/feature/recognition origin/theme theme	yes	H0 reachable	feature	Build,Draw3	p1:16f,+874/-37,sha256:d7dd222250c2,paths:.trellis/spec/native/runtime-and-rendering.md,.trellis/tasks/07-18-rts-multicontact-rendering/task.json,.trellis/tasks/07-20-rts-pen-pressure-stylus-state/design.md,.trellis/tasks/07-20-rts-pen-pressure-stylus-state/implement.md…,hunks:59; focus=export namespace draw3,export module draw3.ink_prediction;,import draw3.contact_input;	diff semantics + H0 product source map	H0 tracked counterpart:Inkeys/Inkeys/Drawing/Draw3/Draw3.ContactInput.cpp,Inkeys/Inkeys/Drawing/Draw3/Draw3.ContactInput.cppm,Inkeys/Inkeys/Drawing/Draw3/Draw3.DrawingController.cpp,Inkeys/Inkeys/Drawing/Draw3/Draw3.DrawingController.cppm… (8/8 changed code paths map)	静态未确认该历史差异带来的现存缺陷；生产行为与自动/真机回归由 Draw3 专项验证		静态差异与 H0 路径核对；未运行本批测试	Add RTS pressure and stylus state support
3d52b33d82c20fc3757b4056c44d627a4ca00d90	8c29263c910a2ac076e5da993062bb79a712609f	2026-07-20T14:31:15+08:00	2026-07-20T14:31:15+08:00	bugfix/animation bugfix/eraser bugfix/pptui bugfix/settingui chore/publish dev draw draw3-source/main feature/cursor feature/recognition feature/ui3-i18n origin/bugfix/eraser origin/dev origin/feature/recognition origin/theme theme	yes	H0 reachable	feature	Draw3	p1:10f,+75/-28,sha256:c61595881fae,paths:.trellis/spec/guides/cross-layer-thinking-guide.md,.trellis/spec/native/runtime-and-rendering.md,.trellis/spec/open-questions.md,.trellis/tasks/07-18-rts-multicontact-rendering/design.md…,hunks:18; focus=Win32/HiEasyX message,liveTipDuration + predictionDuration,contact 结束时保持抬起前最后一帧的视觉结果：重建此前已经	diff semantics + H0 product source map	H0 tracked counterpart:Inkeys/Inkeys/Drawing/Draw3/Draw3.DrawingController.cpp,Inkeys/Inkeys/Drawing/Draw3/Draw3.InkPrediction.cpp,Inkeys/Inkeys/Drawing/Draw3/Draw3.InkPrediction.cppm (3/3 changed code paths map)	静态未确认该历史差异带来的现存缺陷；生产行为与自动/真机回归由 Draw3 专项验证		静态差异与 H0 路径核对；未运行本批测试	Add retainPredictionOnUp option for pen tail
8c29263c910a2ac076e5da993062bb79a712609f	a40801a5c032bcb8e85e0ba386cc6aa7374d6244	2026-07-19T14:32:35+08:00	2026-07-19T14:32:35+08:00	bugfix/animation bugfix/eraser bugfix/pptui bugfix/settingui chore/publish dev draw draw3-source/main feature/cursor feature/recognition feature/ui3-i18n origin/bugfix/eraser origin/dev origin/feature/recognition origin/theme theme	yes	H0 reachable	ordinary	Build,Draw3,Draw3-demo	p1:38f,+2552/-121,sha256:3da8af7e0e85,paths:.gitignore,.trellis/spec/native/quality-and-validation.md,.trellis/spec/native/runtime-and-rendering.md,.trellis/tasks/00-bootstrap-guidelines/prd.md…,hunks:100; focus=MSBuild.exe .\inkStrokeModelerTest.sln /m /p:Configuration=Debug /p:Platfor,MSBuild.exe .\inkStrokeModelerTest.sln /m /p:Configuration=Debug /p:Platfor,MSBuild.exe .\inkStrokeModelerTest.sln /m /p:Configuration=Debug /p:Platfor	diff semantics + H0 RTS/contact capacity and publication map	H0 tracked counterpart:Inkeys/Inkeys/Drawing/Draw3/Draw3.ContactInput.cpp,Inkeys/Inkeys/Drawing/Draw3/Draw3.ContactInput.cppm,Inkeys/Inkeys/Drawing/Draw3/Draw3.DrawingController.cpp,Inkeys/Inkeys/Drawing/Draw3/Draw3.DrawingController.cppm… (9/10 changed code paths map)	静态未确认现存竞态/越界；RTS 4096 槽边界与状态门仍在 H0；高并发设备行为未验证		静态差异与 H0 路径核对；未运行本批测试	Lock-free RTS pool, runtime metrics & tests
a40801a5c032bcb8e85e0ba386cc6aa7374d6244	69de548db6fde60556f4279dca0281aa3e238112	2026-07-19T09:30:31+08:00	2026-07-19T09:30:31+08:00	bugfix/animation bugfix/eraser bugfix/pptui bugfix/settingui chore/publish dev draw draw3-source/main feature/cursor feature/recognition feature/ui3-i18n origin/bugfix/eraser origin/dev origin/feature/recognition origin/theme theme	yes	H0 reachable	ordinary	Draw3	p1:4f,+47/-14,sha256:b886dbb9f80a,paths:.trellis/spec/guides/cross-layer-thinking-guide.md,.trellis/spec/native/runtime-and-rendering.md,.trellis/tasks/07-18-rts-multicontact-rendering/implement.md,inkStrokeModelerTest/draw3/drawing_controller.cpp,hunks:10; focus=Win32/HiEasyX message,liveTipDuration + predictionDuration,contact 结束时保留上一帧可见 L0，同时加入本帧最终真实输入	diff semantics + H0 product source map	H0 tracked counterpart:Inkeys/Inkeys/Drawing/Draw3/Draw3.DrawingController.cpp (1/1 changed code paths map)	静态未确认该历史差异带来的现存缺陷；生产行为与自动/真机回归由 Draw3 专项验证		静态差异与 H0 路径核对；未运行本批测试	Freeze last visible L0 on Up; avoid kUp reconnection
69de548db6fde60556f4279dca0281aa3e238112	3f1d6e6c6482773d55a84c6bc218577a1fca1a05	2026-07-19T01:31:15+08:00	2026-07-19T01:31:15+08:00	bugfix/animation bugfix/eraser bugfix/pptui bugfix/settingui chore/publish dev draw draw3-source/main feature/cursor feature/recognition feature/ui3-i18n origin/bugfix/eraser origin/dev origin/feature/recognition origin/theme theme	yes	H0 reachable	ordinary	Draw3	p1:9f,+314/-64,sha256:47cec2a88b6d,paths:.trellis/spec/native/runtime-and-rendering.md,.trellis/tasks/07-18-rts-multicontact-rendering/design.md,.trellis/tasks/07-18-rts-multicontact-rendering/implement.md,.trellis/tasks/07-18-rts-multicontact-rendering/prd.md…,hunks:54; focus=contact 结束时保留上一帧可见 L0，同时加入本帧最终真实输入,Up 先以 CAS 将路由从 `Producing` 关闭到 `Closing`，等待当前写者,Touch/Pen 使用缓存 `TabletDeviceKind` 区分；鼠标通过实时按键状	diff semantics + H0 product source map	H0 tracked counterpart:Inkeys/Inkeys/Drawing/Draw3/Draw3.DrawingController.cpp,Inkeys/Inkeys/Drawing/Draw3/Draw3.RealtimeStylus.cpp,Inkeys/Inkeys/Drawing/Draw3/Draw3.WindowControl.cpp (3/3 changed code paths map)	静态未确认该历史差异带来的现存缺陷；生产行为与自动/真机回归由 Draw3 专项验证		静态差异与 H0 路径核对；未运行本批测试	RTS multi-contact: unify scale & tools
3f1d6e6c6482773d55a84c6bc218577a1fca1a05	f9c9ee703001c0fe1f87cd8495c352773c2f2c0d	2026-07-19T00:30:45+08:00	2026-07-19T00:30:45+08:00	bugfix/animation bugfix/eraser bugfix/pptui bugfix/settingui chore/publish dev draw draw3-source/main feature/cursor feature/recognition feature/ui3-i18n origin/bugfix/eraser origin/dev origin/feature/recognition origin/theme theme	yes	H0 reachable	ordinary	Draw3	p1:8f,+166/-26,sha256:8e3b6a5d4daa,paths:.trellis/spec/guides/cross-layer-thinking-guide.md,.trellis/spec/native/runtime-and-rendering.md,.trellis/tasks/07-18-rts-multicontact-rendering/research/first-device-test-failures.md,inkStrokeModelerTest/draw3/drawing_controller.cpp…,hunks:25; focus=Win32/HiEasyX message,contact 结束时保留上一帧可见 L0，同时加入本帧最终真实输入,Correct：`route 用 generation+state 精确交接；同帧全部 terminal conta	diff semantics + H0 product source map	H0 tracked counterpart:Inkeys/Inkeys/Drawing/Draw3/Draw3.DrawingController.cpp,Inkeys/Inkeys/Drawing/Draw3/Draw3.InkPrediction.cpp,Inkeys/Inkeys/Drawing/Draw3/Draw3.RealtimeStylus.cpp,Inkeys/Inkeys/Drawing/Draw3/Draw3.TransparentPresentation.cpp… (5/5 changed code paths map)	静态未确认该历史差异带来的现存缺陷；生产行为与自动/真机回归由 Draw3 专项验证		静态差异与 H0 路径核对；未运行本批测试	RTS multitouch, speed smoothing, and transparency
f9c9ee703001c0fe1f87cd8495c352773c2f2c0d	01a5db1d0f38eaa6153cd900989ceb0a94b15a5d	2026-07-18T22:51:36+08:00	2026-07-18T22:51:36+08:00	bugfix/animation bugfix/eraser bugfix/pptui bugfix/settingui chore/publish dev draw draw3-source/main feature/cursor feature/recognition feature/ui3-i18n origin/bugfix/eraser origin/dev origin/feature/recognition origin/theme theme	yes	H0 reachable	feature	Build,Draw3,Draw3-demo	p1:23f,+2172/-75,sha256:20d8a1a77899,paths:.trellis/spec/native/runtime-and-rendering.md,.trellis/tasks/07-18-rts-multicontact-rendering/check.jsonl,.trellis/tasks/07-18-rts-multicontact-rendering/design.md,.trellis/tasks/07-18-rts-multicontact-rendering/implement.jsonl…,hunks:57; focus=liveTipDuration + predictionDuration,export namespace draw3,export module draw3.drawing_controller;	diff semantics + H0 RTS/contact capacity and publication map	H0 tracked counterpart:Inkeys/Inkeys/Drawing/Draw3/Draw3.ContactInput.cpp,Inkeys/Inkeys/Drawing/Draw3/Draw3.ContactInput.cppm,Inkeys/Inkeys/Drawing/Draw3/Draw3.Diagnostics.cpp,Inkeys/Inkeys/Drawing/Draw3/Draw3.Diagnostics.cppm… (12/13 changed code paths map)	静态未确认现存竞态/越界；RTS 4096 槽边界与状态门仍在 H0；高并发设备行为未验证		静态差异与 H0 路径核对；未运行本批测试	Add RTS multi-contact input and rendering
01a5db1d0f38eaa6153cd900989ceb0a94b15a5d	26a2759e994acc5b4ea2daf3db39259b460af28e	2026-07-18T16:06:11+08:00	2026-07-18T16:06:11+08:00	bugfix/animation bugfix/eraser bugfix/pptui bugfix/settingui chore/publish dev draw draw3-source/main feature/cursor feature/recognition feature/ui3-i18n origin/bugfix/eraser origin/dev origin/feature/recognition origin/theme theme	yes	H0 reachable	feature	Build,Draw3-demo,binary	p1:17f,+603/-0,sha256:dba7e6b76b10,paths:.gitignore,.gitmodules,Directory.Build.props,Directory.Build.targets…,hunks:11; focus=file-level	diff semantics + standalone-source provenance	standalone Draw3 source/prototype; product import fc9a8b865cd8; no 1:1 path	历史独立 Draw3 源码；没有 H0 产品 1:1 文件，需按集成单元确认实际保留语义		静态差异与 H0 路径核对；未运行本批测试	Add vcpkg integration and EasyX assets
26a2759e994acc5b4ea2daf3db39259b460af28e	a4e410f50a7c0a4c0798d36dd5b4ef7604798785	2026-07-18T14:42:10+08:00	2026-07-18T14:42:10+08:00	bugfix/animation bugfix/eraser bugfix/pptui bugfix/settingui chore/publish dev draw draw3-source/main feature/cursor feature/recognition feature/ui3-i18n origin/bugfix/eraser origin/dev origin/feature/recognition origin/theme theme	yes	H0 reachable	documentation/workflow	workflow/docs	"p1:29f,+1099/-1277,sha256:95262c36dd95,paths:.trellis/spec/backend/database-guidelines.md,.trellis/spec/backend/directory-structure.md,.trellis/spec/backend/error-handling.md,.trellis/spec/backend/index.md…,hunks:29; focus=When you copy-paste or rewrite existing logic:,grep -r ""functionName"" .,grep -r ""keyword"" ."	diff content (documentation/workflow)	no runtime source path	不适用产品运行：仅规范、任务或 journal 内容变更；未修改运行时代码		静态差异与 H0 路径核对；未运行本批测试	Document project architecture and Trellis guidelines
a4e410f50a7c0a4c0798d36dd5b4ef7604798785	a31613ddc5a42dd4893d46e12ad7cb2a352bacba	2026-07-18T11:00:33+08:00	2026-07-18T11:00:33+08:00	bugfix/animation bugfix/eraser bugfix/pptui bugfix/settingui chore/publish dev draw draw3-source/main feature/cursor feature/recognition feature/ui3-i18n origin/bugfix/eraser origin/dev origin/feature/recognition origin/theme theme	yes	H0 reachable	documentation/workflow	workflow/docs	p1:110f,+16838/-0,sha256:90f9048a973c,paths:.agents/skills/trellis-before-dev/SKILL.md,.agents/skills/trellis-brainstorm/SKILL.md,.agents/skills/trellis-break-loop/SKILL.md,.agents/skills/trellis-channel/SKILL.md…,hunks:110; focus=file-level	diff content (documentation/workflow)	no runtime source path	不适用产品运行：仅规范、任务或 journal 内容变更；未修改运行时代码		静态差异与 H0 路径核对；未运行本批测试	Initialize Trellis for Codex
a31613ddc5a42dd4893d46e12ad7cb2a352bacba	78e644cb0b6f52d8477895e672ceead841359af3	2026-07-18T10:35:01+08:00	2026-07-18T10:35:01+08:00	bugfix/animation bugfix/eraser bugfix/pptui bugfix/settingui chore/publish dev draw draw3-source/main feature/cursor feature/recognition feature/ui3-i18n origin/bugfix/eraser origin/dev origin/feature/recognition origin/theme theme	yes	H0 reachable	ordinary	Draw3	p1:1f,+3/-0,sha256:794ffdd9b4b9,paths:inkStrokeModelerTest/draw3/renderer.cpp,hunks:3; focus=file-level	diff semantics + H0 product source map	H0 tracked counterpart:Inkeys/Inkeys/Drawing/Draw3/Draw3.Renderer.cpp (1/1 changed code paths map)	静态未确认该历史差异带来的现存缺陷；生产行为与自动/真机回归由 Draw3 专项验证		静态差异与 H0 路径核对；未运行本批测试	Bind global CB to pixel shader
78e644cb0b6f52d8477895e672ceead841359af3	49aafa8f04236d22b4cd7a0b3e8eeac1f43a4f87	2026-07-17T18:28:44+08:00	2026-07-17T18:28:44+08:00	bugfix/animation bugfix/eraser bugfix/pptui bugfix/settingui chore/publish dev draw draw3-source/main feature/cursor feature/recognition feature/ui3-i18n origin/bugfix/eraser origin/dev origin/feature/recognition origin/theme theme	yes	H0 reachable	feature	Draw3,Draw3-demo,binary	p1:11f,+326/-215,sha256:26c4707f50a0,paths:inkStrokeModelerTest/draw3/drawing_controller.cpp,inkStrokeModelerTest/draw3/drawing_controller.cppm,inkStrokeModelerTest/draw3/ink_prediction.cpp,inkStrokeModelerTest/draw3/ink_prediction.cppm…,hunks:50; focus=export namespace draw3,cbuffer ScreenBuffer : register(b0),StructuredBuffer<InkPoint> InkData : register(t0);	diff semantics + H0 product source map	H0 tracked counterpart:Inkeys/Inkeys/Drawing/Draw3/Draw3.DrawingController.cpp,Inkeys/Inkeys/Drawing/Draw3/Draw3.DrawingController.cppm,Inkeys/Inkeys/Drawing/Draw3/Draw3.InkPrediction.cpp,Inkeys/Inkeys/Drawing/Draw3/Draw3.InkPrediction.cppm… (9/9 changed code paths map)	静态未确认该历史差异带来的现存缺陷；生产行为与自动/真机回归由 Draw3 专项验证		静态差异与 H0 路径核对；未运行本批测试	Add operator-layer pipeline & eraser handling
49aafa8f04236d22b4cd7a0b3e8eeac1f43a4f87	8706fb8ca82ba28ca2a6b274608645d52b8bb83d	2026-07-17T15:32:25+08:00	2026-07-17T15:32:25+08:00	bugfix/animation bugfix/eraser bugfix/pptui bugfix/settingui chore/publish dev draw draw3-source/main feature/cursor feature/recognition feature/ui3-i18n origin/bugfix/eraser origin/dev origin/feature/recognition origin/theme theme	yes	H0 reachable	ordinary	Build,Draw3,Draw3-demo,binary	p1:12f,+661/-356,sha256:6884f9260520,paths:Inkeys_D3D11_Ink_Renderer_Refactor_Plan_Phase1_Update.md,inkStrokeModelerTest/draw3/drawing_controller.cpp,inkStrokeModelerTest/draw3/ink_prediction.cpp,inkStrokeModelerTest/draw3/ink_prediction.cppm…,hunks:39; focus=protectedDuration = liveTipDuration + predictionDuration,maxRadiusDelta = min(maxRadiusDeltaByTime, maxRadiusDeltaByDistance),maxAngleChange = 0.8 * pointDistance / radius	diff semantics + H0 product source map	H0 tracked counterpart:Inkeys/Inkeys/Drawing/Draw3/Draw3.DrawingController.cpp,Inkeys/Inkeys/Drawing/Draw3/Draw3.InkPrediction.cpp,Inkeys/Inkeys/Drawing/Draw3/Draw3.InkPrediction.cppm,Inkeys/Inkeys/Drawing/Draw3/Draw3.Renderer.cpp… (8/8 changed code paths map)	静态未确认该历史差异带来的现存缺陷；生产行为与自动/真机回归由 Draw3 专项验证		静态差异与 H0 路径核对；未运行本批测试	Introduce highlighter primitives and short-stroke handling
8706fb8ca82ba28ca2a6b274608645d52b8bb83d	6da463c12cd2ee199f6f1dd650675d0f7c75b24b	2026-07-16T15:34:01+08:00	2026-07-16T15:34:01+08:00	bugfix/animation bugfix/eraser bugfix/pptui bugfix/settingui chore/publish dev draw draw3-source/main feature/cursor feature/recognition feature/ui3-i18n origin/bugfix/eraser origin/dev origin/feature/recognition origin/theme theme	yes	H0 reachable	feature	Draw3,Draw3-demo,binary	p1:14f,+606/-103,sha256:aa4a90293bae,paths:Inkeys_D3D11_Ink_Renderer_Refactor_Plan_Phase1_Update.md,inkStrokeModelerTest/draw3/drawing_controller.cpp,inkStrokeModelerTest/draw3/drawing_controller.cppm,inkStrokeModelerTest/draw3/ink_prediction.cpp…,hunks:56; focus=protectedDuration = liveTipDuration + predictionDuration,maxRadiusDelta = min(maxRadiusDeltaByTime, maxRadiusDeltaByDistance),Kalman 参数继续跟随当前帧率预设，包括 `prediction_interval_second	diff semantics + H0 product source map	H0 tracked counterpart:Inkeys/Inkeys/Drawing/Draw3/Draw3.DrawingController.cpp,Inkeys/Inkeys/Drawing/Draw3/Draw3.DrawingController.cppm,Inkeys/Inkeys/Drawing/Draw3/Draw3.InkPrediction.cpp,Inkeys/Inkeys/Drawing/Draw3/Draw3.InkPrediction.cppm… (11/11 changed code paths map)	静态未确认该历史差异带来的现存缺陷；生产行为与自动/真机回归由 Draw3 专项验证		静态差异与 H0 路径核对；未运行本批测试	Add highlighter, sharp-strip shape & composite modes
6da463c12cd2ee199f6f1dd650675d0f7c75b24b	a6bf49057e3bc839d129450348697625415460c4	2026-07-16T14:02:56+08:00	2026-07-16T14:02:56+08:00	bugfix/animation bugfix/eraser bugfix/pptui bugfix/settingui chore/publish dev draw draw3-source/main feature/cursor feature/recognition feature/ui3-i18n origin/bugfix/eraser origin/dev origin/feature/recognition origin/theme theme	yes	H0 reachable	ordinary	Draw3,Draw3-demo,binary	p1:5f,+60/-7,sha256:8270ff4f9cdf,paths:Inkeys_D3D11_Ink_Renderer_Refactor_Plan_Phase1_Update.md,inkStrokeModelerTest/draw3/ink_prediction.cpp,inkStrokeModelerTest/draw3/ink_prediction.cppm,inkStrokeModelerTest/inkPixelShader.cso…,hunks:8; focus=protectedDuration = liveTipDuration + predictionDuration,export namespace draw3,float sdUnevenCapsule_Vertical(float2 p, float r1, float r2, float h)	diff semantics + H0 product source map	H0 tracked counterpart:Inkeys/Inkeys/Drawing/Draw3/Draw3.InkPrediction.cpp,Inkeys/Inkeys/Drawing/Draw3/Draw3.InkPrediction.cppm,Inkeys/Inkeys/Drawing/Draw3/Assets/inkPixelShader.hlsl (3/3 changed code paths map)	静态未确认该历史差异带来的现存缺陷；生产行为与自动/真机回归由 Draw3 专项验证		静态差异与 H0 路径核对；未运行本批测试	Constrain radius transitions and capsule degeneracy
a6bf49057e3bc839d129450348697625415460c4	6ad4f0d31f03a1b090c31e39c1bf1b8a76535bdb	2026-07-16T12:28:39+08:00	2026-07-16T12:28:39+08:00	bugfix/animation bugfix/eraser bugfix/pptui bugfix/settingui chore/publish dev draw draw3-source/main feature/cursor feature/recognition feature/ui3-i18n origin/bugfix/eraser origin/dev origin/feature/recognition origin/theme theme	yes	H0 reachable	feature	Build,Draw3,Draw3-demo,binary	p1:18f,+223/-111,sha256:ecb5c846ca20,paths:Inkeys_D3D11_Ink_Renderer_Refactor_Plan_Phase1_Update.md,inkStrokeModelerTest/draw3/drawing_controller.cpp,inkStrokeModelerTest/draw3/drawing_controller.cppm,inkStrokeModelerTest/draw3/ink_prediction.cpp…,hunks:56; focus=protectedDuration = liveTipDuration + predictionDuration,kActiveLiveTipLengthMode = LiveTipLengthMode::Normal;,Kalman 参数继续跟随当前帧率预设，包括 `prediction_interval_second	diff semantics + H0 product source map	H0 tracked counterpart:Inkeys/Inkeys/Drawing/Draw3/Draw3.DrawingController.cpp,Inkeys/Inkeys/Drawing/Draw3/Draw3.DrawingController.cppm,Inkeys/Inkeys/Drawing/Draw3/Draw3.InkPrediction.cpp,Inkeys/Inkeys/Drawing/Draw3/Draw3.InkPrediction.cppm… (13/14 changed code paths map)	静态未确认该历史差异带来的现存缺陷；生产行为与自动/真机回归由 Draw3 专项验证		静态差异与 H0 路径核对；未运行本批测试	Add eraser support and destination-out compositing
6ad4f0d31f03a1b090c31e39c1bf1b8a76535bdb	6a032a8c6f12150d3661ed71d40ed861d0d295b6	2026-07-16T10:23:15+08:00	2026-07-16T10:23:15+08:00	bugfix/animation bugfix/eraser bugfix/pptui bugfix/settingui chore/publish dev draw draw3-source/main feature/cursor feature/recognition feature/ui3-i18n origin/bugfix/eraser origin/dev origin/feature/recognition origin/theme theme	yes	H0 reachable	ordinary	Draw3	p1:7f,+189/-178,sha256:b274e9dc5e7d,paths:inkStrokeModelerTest/draw3/drawing_controller.cpp,inkStrokeModelerTest/draw3/graphics_initialization.cpp,inkStrokeModelerTest/draw3/graphics_initialization.cppm,inkStrokeModelerTest/draw3/ink_prediction.cpp…,hunks:52; focus=export namespace draw3	diff semantics + H0 product source map	H0 tracked counterpart:Inkeys/Inkeys/Drawing/Draw3/Draw3.DrawingController.cpp,Inkeys/Inkeys/Drawing/Draw3/Draw3.GraphicsInitialization.cpp,Inkeys/Inkeys/Drawing/Draw3/Draw3.GraphicsInitialization.cppm,Inkeys/Inkeys/Drawing/Draw3/Draw3.InkPrediction.cpp… (7/7 changed code paths map)	静态未确认该历史差异带来的现存缺陷；生产行为与自动/真机回归由 Draw3 专项验证		静态差异与 H0 路径核对；未运行本批测试	Replace CComPtr with WRL::ComPtr
6a032a8c6f12150d3661ed71d40ed861d0d295b6	47f3b4c21e8e6a39195caf6f4f0a57ec72092c33	2026-06-28T12:50:26+08:00	2026-06-28T12:50:26+08:00	bugfix/animation bugfix/eraser bugfix/pptui bugfix/settingui chore/publish dev draw draw3-source/main feature/cursor feature/recognition feature/ui3-i18n origin/bugfix/eraser origin/dev origin/feature/recognition origin/theme theme	yes	H0 reachable	ordinary	Draw3,Draw3-demo	p1:8f,+219/-157,sha256:4956e9423ca0,paths:inkStrokeModelerTest/draw3/diagnostics.cpp,inkStrokeModelerTest/draw3/drawing_controller.cpp,inkStrokeModelerTest/draw3/graphics_initialization.cpp,inkStrokeModelerTest/draw3/ink_prediction.cpp…,hunks:76; focus=int main()	diff semantics + H0 product source map	H0 tracked counterpart:Inkeys/Inkeys/Drawing/Draw3/Draw3.Diagnostics.cpp,Inkeys/Inkeys/Drawing/Draw3/Draw3.DrawingController.cpp,Inkeys/Inkeys/Drawing/Draw3/Draw3.GraphicsInitialization.cpp,Inkeys/Inkeys/Drawing/Draw3/Draw3.InkPrediction.cpp… (7/8 changed code paths map)	静态未确认该历史差异带来的现存缺陷；生产行为与自动/真机回归由 Draw3 专项验证		静态差异与 H0 路径核对；未运行本批测试	Improve transparent presentation and rendering stability
47f3b4c21e8e6a39195caf6f4f0a57ec72092c33	c00701cb1a1180a131f856fafd058d40ea18d363	2026-06-20T12:27:37+08:00	2026-06-20T12:27:37+08:00	bugfix/animation bugfix/eraser bugfix/pptui bugfix/settingui chore/publish dev draw draw3-source/main feature/cursor feature/recognition feature/ui3-i18n origin/bugfix/eraser origin/dev origin/feature/recognition origin/theme theme	yes	H0 reachable	feature	Build,Draw3,Draw3-demo	p1:19f,+2835/-3426,sha256:8801cace11d2,paths:inkStrokeModelerTest/draw3/diagnostics.cpp,inkStrokeModelerTest/draw3/diagnostics.cppm,inkStrokeModelerTest/draw3/drawing_controller.cpp,inkStrokeModelerTest/draw3/drawing_controller.cppm…,hunks:25; focus=LRESULT CALLBACK Draw3WndProc(HWND hWnd, UINT msg, WPARAM wParam, LPARAM lP,LRESULT CALLBACK Draw3WndProc(HWND hWnd, UINT msg, WPARAM wParam, LPARAM lP,LRESULT CALLBACK Draw3WndProc(HWND hWnd, UINT msg, WPARAM wParam, LPARAM lP	diff semantics + H0 product source map	H0 tracked counterpart:Inkeys/Inkeys/Drawing/Draw3/Draw3.Diagnostics.cpp,Inkeys/Inkeys/Drawing/Draw3/Draw3.Diagnostics.cppm,Inkeys/Inkeys/Drawing/Draw3/Draw3.DrawingController.cpp,Inkeys/Inkeys/Drawing/Draw3/Draw3.DrawingController.cppm… (14/17 changed code paths map)	静态未确认该历史差异带来的现存缺陷；生产行为与自动/真机回归由 Draw3 专项验证		静态差异与 H0 路径核对；未运行本批测试	Add draw3 rendering and ink prediction modules
c00701cb1a1180a131f856fafd058d40ea18d363	d9f253b65eb65df834c79148b937327ce125c1d3	2026-06-19T23:55:16+08:00	2026-06-19T23:55:16+08:00	bugfix/animation bugfix/eraser bugfix/pptui bugfix/settingui chore/publish dev draw draw3-source/main feature/cursor feature/recognition feature/ui3-i18n origin/bugfix/eraser origin/dev origin/feature/recognition origin/theme theme	yes	H0 reachable	build	Build	p1:1f,+6/-0,sha256:cdc3df423ed9,paths:inkStrokeModelerTest/inkStrokeModelerTest.vcxproj,hunks:6; focus=file-level	diff content (build/resource metadata)	build/resource metadata; product ABI/packaging validation separate	静态未确认工程错误；产物/ABI/资源与多架构构建须单独验证		静态差异与 H0 路径核对；未运行本批测试	Enable module dependency scanning in vcxproj
d9f253b65eb65df834c79148b937327ce125c1d3	1129002b034a18d8df2eb128ad59ffc9bb556a8e	2026-06-19T23:49:10+08:00	2026-06-19T23:49:10+08:00	bugfix/animation bugfix/eraser bugfix/pptui bugfix/settingui chore/publish dev draw draw3-source/main feature/cursor feature/recognition feature/ui3-i18n origin/bugfix/eraser origin/dev origin/feature/recognition origin/theme theme	yes	H0 reachable	feature	Draw3-demo	p1:1f,+253/-13,sha256:43b237605f27,paths:inkStrokeModelerTest/main.cpp,hunks:15; focus=int main()	diff semantics + historical prototype/product mapping	standalone Draw3 source/prototype; product import fc9a8b865cd8; no 1:1 path	历史独立 demo main 非 H0 产品入口；同类设备/呈现合同按 H0 Draw3 模块复核，真机未验证		静态差异与 H0 路径核对；未运行本批测试	Add detailed DXGI/DWM diagnostic logging
1129002b034a18d8df2eb128ad59ffc9bb556a8e	43513095ea9be87cefeb2e8859ddc830c92b0a1d	2026-06-12T00:01:37+08:00	2026-06-12T00:01:37+08:00	bugfix/animation bugfix/eraser bugfix/pptui bugfix/settingui chore/publish dev draw draw3-source/main feature/cursor feature/recognition feature/ui3-i18n origin/bugfix/eraser origin/dev origin/feature/recognition origin/theme theme	yes	H0 reachable	revert	Draw3-demo	p1:1f,+5/-28,sha256:217439e400f0,paths:inkStrokeModelerTest/main.cpp,hunks:3; focus=int main()	paired diff/revert + H0 presenter map	standalone Draw3 source/prototype; product import fc9a8b865cd8; no 1:1 path	历史 DComp prototype 选择与撤回；后续新 presenter 路径重建，H0 DWM 路由见 B2-001	B2-001	静态差异与 H0 路径核对；未运行本批测试	"Revert ""Use DirectComposition and centered half-window"""
43513095ea9be87cefeb2e8859ddc830c92b0a1d	0e1d1d5d48b639240cc03e044d649229b1fba6d7	2026-06-08T15:00:11+08:00	2026-06-08T15:00:11+08:00	bugfix/animation bugfix/eraser bugfix/pptui bugfix/settingui chore/publish dev draw draw3-source/main feature/cursor feature/recognition feature/ui3-i18n origin/bugfix/eraser origin/dev origin/feature/recognition origin/theme theme	yes	H0 reachable	ordinary	Draw3-demo	p1:1f,+28/-5,sha256:6dcdbd272005,paths:inkStrokeModelerTest/main.cpp,hunks:3; focus=int main()	paired diff/revert + H0 presenter map	standalone Draw3 source/prototype; product import fc9a8b865cd8; no 1:1 path	历史 DComp prototype 选择与撤回；后续新 presenter 路径重建，H0 DWM 路由见 B2-001	B2-001	静态差异与 H0 路径核对；未运行本批测试	Use DirectComposition and centered half-window
0e1d1d5d48b639240cc03e044d649229b1fba6d7	fe5af1ad14fe152389493096f5a0db617ff94261	2026-06-08T12:05:28+08:00	2026-06-08T12:05:28+08:00	bugfix/animation bugfix/eraser bugfix/pptui bugfix/settingui chore/publish dev draw draw3-source/main feature/cursor feature/recognition feature/ui3-i18n origin/bugfix/eraser origin/dev origin/feature/recognition origin/theme theme	yes	H0 reachable	ordinary	Draw3-demo	p1:1f,+31/-32,sha256:46d102430f8b,paths:inkStrokeModelerTest/main.cpp,hunks:14; focus=file-level	diff semantics + H0 presenter/fallback path	standalone Draw3 source/prototype; product import fc9a8b865cd8; no 1:1 path	已映射 H0 presenter；FLIP_SEQUENTIAL 保留；自动/强制路径仍可选 DWM，见 B2-001；Win7 device runtime 未验证	B2-001	静态差异与 H0 路径核对；未运行本批测试	Formalize DwmBlurBehind2 present mode
fe5af1ad14fe152389493096f5a0db617ff94261	a97607b6c208f76d687863708fc354b42f4a699d	2026-06-08T11:28:43+08:00	2026-06-08T11:28:43+08:00	bugfix/animation bugfix/eraser bugfix/pptui bugfix/settingui chore/publish dev draw draw3-source/main feature/cursor feature/recognition feature/ui3-i18n origin/bugfix/eraser origin/dev origin/feature/recognition origin/theme theme	yes	H0 reachable	feature	Draw3-demo	p1:1f,+214/-89,sha256:6546b84b0cd8,paths:inkStrokeModelerTest/main.cpp,hunks:29; focus=LRESULT CALLBACK Draw3WndProc(HWND hWnd, UINT msg, WPARAM wParam, LPARAM lP,LRESULT CALLBACK Draw3WndProc(HWND hWnd, UINT msg, WPARAM wParam, LPARAM lP,LRESULT CALLBACK Draw3WndProc(HWND hWnd, UINT msg, WPARAM wParam, LPARAM lP	diff semantics + H0 presenter/fallback path	standalone Draw3 source/prototype; product import fc9a8b865cd8; no 1:1 path	已映射 H0 presenter；FLIP_SEQUENTIAL 保留；自动/强制路径仍可选 DWM，见 B2-001；Win7 device runtime 未验证	B2-001	静态差异与 H0 路径核对；未运行本批测试	Add DwmBlur2 glass mode and refactor styles
a97607b6c208f76d687863708fc354b42f4a699d	4aaf4a23314ab08237f445a2792451082dd02be1	2026-06-08T10:18:16+08:00	2026-06-08T10:18:16+08:00	bugfix/animation bugfix/eraser bugfix/pptui bugfix/settingui chore/publish dev draw draw3-source/main feature/cursor feature/recognition feature/ui3-i18n origin/bugfix/eraser origin/dev origin/feature/recognition origin/theme theme	yes	H0 reachable	ordinary	Draw3-demo	p1:1f,+13/-4,sha256:ac5712f49907,paths:inkStrokeModelerTest/main.cpp,hunks:3; focus=file-level	diff semantics + H0 presenter/fallback path	standalone Draw3 source/prototype; product import fc9a8b865cd8; no 1:1 path	FLIP_SEQUENTIAL 在当前 H0 presenter 保留，符合用户目标环境实测约束；旧 DWM alpha 重试属后续需禁用路径		静态差异与 H0 路径核对；未运行本批测试	Use flip swapchain and retry unspecified alpha
4aaf4a23314ab08237f445a2792451082dd02be1	0147bde7b2d1ef7cc3e1d200704febae66c22cfe	2026-06-07T21:05:29+08:00	2026-06-07T21:05:29+08:00	bugfix/animation bugfix/eraser bugfix/pptui bugfix/settingui chore/publish dev draw draw3-source/main feature/cursor feature/recognition feature/ui3-i18n origin/bugfix/eraser origin/dev origin/feature/recognition origin/theme theme	yes	H0 reachable	ordinary	Draw3-demo	p1:1f,+2/-10,sha256:3ca92af129b5,paths:inkStrokeModelerTest/main.cpp,hunks:1; focus=file-level	diff semantics + historical prototype/product mapping	standalone Draw3 source/prototype; product import fc9a8b865cd8; no 1:1 path	历史独立 demo main 非 H0 产品入口；同类设备/呈现合同按 H0 Draw3 模块复核，真机未验证		静态差异与 H0 路径核对；未运行本批测试	Fail early if premultiplied alpha unsupported
0147bde7b2d1ef7cc3e1d200704febae66c22cfe	bf287723b812ad01a7659304eb6691e3e52eb3de	2026-06-07T20:13:52+08:00	2026-06-07T20:13:52+08:00	bugfix/animation bugfix/eraser bugfix/pptui bugfix/settingui chore/publish dev draw draw3-source/main feature/cursor feature/recognition feature/ui3-i18n origin/bugfix/eraser origin/dev origin/feature/recognition origin/theme theme	yes	H0 reachable	ordinary	Draw3-demo	p1:1f,+12/-2,sha256:19592a2249bc,paths:inkStrokeModelerTest/main.cpp,hunks:2; focus=int main()	diff semantics + H0 presenter/fallback path	standalone Draw3 source/prototype; product import fc9a8b865cd8; no 1:1 path	已映射 H0 presenter；FLIP_SEQUENTIAL 保留；自动/强制路径仍可选 DWM，见 B2-001；Win7 device runtime 未验证	B2-001	静态差异与 H0 路径核对；未运行本批测试	Check DComp API before using DComp styles
bf287723b812ad01a7659304eb6691e3e52eb3de	9fff3495445c72e2efbbbe58bd8026d26b455ace	2026-06-07T19:27:08+08:00	2026-06-07T19:27:08+08:00	bugfix/animation bugfix/eraser bugfix/pptui bugfix/settingui chore/publish dev draw draw3-source/main feature/cursor feature/recognition feature/ui3-i18n origin/bugfix/eraser origin/dev origin/feature/recognition origin/theme theme	yes	H0 reachable	feature	Draw3-demo	p1:2f,+445/-111,sha256:22a13e182240,paths:inkStrokeModelerTest/main.cpp,inkStrokeModelerTest/renderer.h,hunks:20; focus=int main(),public:	diff semantics + H0 presenter/fallback path	standalone Draw3 source/prototype; product import fc9a8b865cd8; no 1:1 path	已映射 H0 presenter；FLIP_SEQUENTIAL 保留；自动/强制路径仍可选 DWM，见 B2-001；Win7 device runtime 未验证	B2-001	静态差异与 H0 路径核对；未运行本批测试	Add transparent present fallback & logging
9fff3495445c72e2efbbbe58bd8026d26b455ace	f017a3811896c5d136553ff9c5642ec695644844	2026-06-06T00:51:36+08:00	2026-06-06T00:51:36+08:00	bugfix/animation bugfix/eraser bugfix/pptui bugfix/settingui chore/publish dev draw draw3-source/main feature/cursor feature/recognition feature/ui3-i18n origin/bugfix/eraser origin/dev origin/feature/recognition origin/theme theme	yes	H0 reachable	feature	Draw3-demo	p1:1f,+246/-63,sha256:8e1fe96536fc,paths:inkStrokeModelerTest/main.cpp,hunks:15; focus=LRESULT CALLBACK Draw3WndProc(HWND hWnd, UINT msg, WPARAM wParam, LPARAM lP,LRESULT CALLBACK Draw3WndProc(HWND hWnd, UINT msg, WPARAM wParam, LPARAM lP,LRESULT CALLBACK Draw3WndProc(HWND hWnd, UINT msg, WPARAM wParam, LPARAM lP	diff semantics + H0 presenter/fallback path	standalone Draw3 source/prototype; product import fc9a8b865cd8; no 1:1 path	已映射 H0 presenter；FLIP_SEQUENTIAL 保留；自动/强制路径仍可选 DWM，见 B2-001；Win7 device runtime 未验证	B2-001	静态差异与 H0 路径核对；未运行本批测试	Add DirectComposition visual-tree presenter
f017a3811896c5d136553ff9c5642ec695644844	2e2a2586c10820bfcbacf0be61ce9eb8368810da	2026-06-01T23:05:39+08:00	2026-06-01T23:05:39+08:00	bugfix/animation bugfix/eraser bugfix/pptui bugfix/settingui chore/publish dev draw draw3-source/main feature/cursor feature/recognition feature/ui3-i18n origin/bugfix/eraser origin/dev origin/feature/recognition origin/theme theme	yes	H0 reachable	ordinary	Draw3-demo	p1:1f,+4/-1,sha256:b93220e287ee,paths:inkStrokeModelerTest/main.cpp,hunks:1; focus=void LogFrameTiming(	diff semantics + historical prototype/product mapping	standalone Draw3 source/prototype; product import fc9a8b865cd8; no 1:1 path	历史独立 demo main 非 H0 产品入口；同类设备/呈现合同按 H0 Draw3 模块复核，真机未验证		静态差异与 H0 路径核对；未运行本批测试	Log logic FPS in frame timing output
2e2a2586c10820bfcbacf0be61ce9eb8368810da	719ef85ea58ae3a1f1e7812a63a816b209364df2	2026-05-31T23:57:33+08:00	2026-05-31T23:57:33+08:00	bugfix/animation bugfix/eraser bugfix/pptui bugfix/settingui chore/publish dev draw draw3-source/main feature/cursor feature/recognition feature/ui3-i18n origin/bugfix/eraser origin/dev origin/feature/recognition origin/theme theme	yes	H0 reachable	ordinary	Draw3-demo	p1:1f,+79/-6,sha256:ec706baab980,paths:inkStrokeModelerTest/main.cpp,hunks:11; focus=LRESULT CALLBACK Draw3WndProc(HWND hWnd, UINT msg, WPARAM wParam, LPARAM lP,LRESULT CALLBACK Draw3WndProc(HWND hWnd, UINT msg, WPARAM wParam, LPARAM lP,int main()	diff semantics + H0 presenter/fallback path	standalone Draw3 source/prototype; product import fc9a8b865cd8; no 1:1 path	已映射 H0 presenter；FLIP_SEQUENTIAL 保留；自动/强制路径仍可选 DWM，见 B2-001；Win7 device runtime 未验证	B2-001	静态差异与 H0 路径核对；未运行本批测试	Handle DWM blur-behind full presents
719ef85ea58ae3a1f1e7812a63a816b209364df2	fc75b6318d15fe655c567eff72dc4a9446251cc4	2026-05-24T17:03:13+08:00	2026-05-24T17:03:13+08:00	bugfix/animation bugfix/eraser bugfix/pptui bugfix/settingui chore/publish dev draw draw3-source/main feature/cursor feature/recognition feature/ui3-i18n origin/bugfix/eraser origin/dev origin/feature/recognition origin/theme theme	yes	H0 reachable	ordinary	Draw3-demo	p1:2f,+157/-11,sha256:3cd1d4e85297,paths:inkStrokeModelerTest/main.cpp,inkStrokeModelerTest/renderer.h,hunks:14; focus=LRESULT CALLBACK Draw3WndProc(HWND hWnd, UINT msg, WPARAM wParam, LPARAM lP,LRESULT CALLBACK Draw3WndProc(HWND hWnd, UINT msg, WPARAM wParam, LPARAM lP,LRESULT CALLBACK Draw3WndProc(HWND hWnd, UINT msg, WPARAM wParam, LPARAM lP	diff semantics + H0 presenter/fallback path	standalone Draw3 source/prototype; product import fc9a8b865cd8; no 1:1 path	已映射 H0 presenter；FLIP_SEQUENTIAL 保留；自动/强制路径仍可选 DWM，见 B2-001；Win7 device runtime 未验证	B2-001	静态差异与 H0 路径核对；未运行本批测试	支持 Win7 DWM Blur Behind 毛玻璃透明模式
fc75b6318d15fe655c567eff72dc4a9446251cc4	3a5aca79c0b4e6c216d86084eb9b573581d1b576	2026-05-24T15:56:21+08:00	2026-05-24T15:56:21+08:00	bugfix/animation bugfix/eraser bugfix/pptui bugfix/settingui chore/publish dev draw draw3-source/main feature/cursor feature/recognition feature/ui3-i18n origin/bugfix/eraser origin/dev origin/feature/recognition origin/theme theme	yes	H0 reachable	ordinary	Draw3-demo	p1:1f,+262/-21,sha256:7c1a9123c09f,paths:inkStrokeModelerTest/main.cpp,hunks:6; focus=LRESULT CALLBACK Draw3WndProc(HWND hWnd, UINT msg, WPARAM wParam, LPARAM lP	diff semantics + historical prototype/product mapping	standalone Draw3 source/prototype; product import fc9a8b865cd8; no 1:1 path	历史独立 demo main 非 H0 产品入口；同类设备/呈现合同按 H0 Draw3 模块复核，真机未验证		静态差异与 H0 路径核对；未运行本批测试	自定义无边框窗口装饰与命中测试支持
3a5aca79c0b4e6c216d86084eb9b573581d1b576	78cda7e9a52515ec280d6471486a53af680110e9	2026-05-24T15:18:55+08:00	2026-05-24T15:18:55+08:00	bugfix/animation bugfix/eraser bugfix/pptui bugfix/settingui chore/publish dev draw draw3-source/main feature/cursor feature/recognition feature/ui3-i18n origin/bugfix/eraser origin/dev origin/feature/recognition origin/theme theme	yes	H0 reachable	ordinary	Draw3-demo	p1:2f,+331/-36,sha256:5a9620fdd503,paths:inkStrokeModelerTest/main.cpp,inkStrokeModelerTest/renderer.h,hunks:11; focus=void CompositeLayersToBackBuffer(RECT dirty),int main(),using namespace std;	diff semantics + historical prototype/product mapping	standalone Draw3 source/prototype; product import fc9a8b865cd8; no 1:1 path	历史独立 demo main 非 H0 产品入口；同类设备/呈现合同按 H0 Draw3 模块复核，真机未验证		静态差异与 H0 路径核对；未运行本批测试	支持透明窗口合成与脏区刷新
78cda7e9a52515ec280d6471486a53af680110e9	fa09dcfe68ca11a356effa8b4ca5b1979bb7118b	2026-05-24T12:17:43+08:00	2026-05-24T12:17:43+08:00	bugfix/animation bugfix/eraser bugfix/pptui bugfix/settingui chore/publish dev draw draw3-source/main feature/cursor feature/recognition feature/ui3-i18n origin/bugfix/eraser origin/dev origin/feature/recognition origin/theme theme	yes	H0 reachable	ordinary	Draw3-demo	p1:1f,+5/-4,sha256:3efb87447760,paths:inkStrokeModelerTest/renderer.h,hunks:1; focus=public:	diff semantics + standalone-source provenance	standalone Draw3 source/prototype; product import fc9a8b865cd8; no 1:1 path	历史独立 Draw3 源码；没有 H0 产品 1:1 文件，需按集成单元确认实际保留语义		静态差异与 H0 路径核对；未运行本批测试	优化画笔混合模式以避免边缘叠加变厚
fa09dcfe68ca11a356effa8b4ca5b1979bb7118b	715b453eae8de9416b3204921e5b80f2dded08cb	2026-05-24T00:30:41+08:00	2026-05-24T00:30:41+08:00	bugfix/animation bugfix/eraser bugfix/pptui bugfix/settingui chore/publish dev draw draw3-source/main feature/cursor feature/recognition feature/ui3-i18n origin/bugfix/eraser origin/dev origin/feature/recognition origin/theme theme	yes	H0 reachable	ordinary	Draw3-demo	p1:2f,+263/-66,sha256:5e66241935a9,paths:inkStrokeModelerTest/main.cpp,inkStrokeModelerTest/renderer.h,hunks:15; focus=RECT RectFromStrokePoints(,void ApplyLiveTipTaper(vector<InkPoint>& points, double liveTipDurationSeco,void ApplyLiveTipTaper(vector<InkPoint>& points, double liveTipDurationSeco	diff semantics + historical prototype/product mapping	standalone Draw3 source/prototype; product import fc9a8b865cd8; no 1:1 path	历史独立 demo main 非 H0 产品入口；同类设备/呈现合同按 H0 Draw3 模块复核，真机未验证		静态差异与 H0 路径核对；未运行本批测试	优化鼠标单指实时绘制循环
715b453eae8de9416b3204921e5b80f2dded08cb	39a7aca0641c52e832ce1759aa931d535fd64bb5	2026-05-19T00:22:13+08:00	2026-05-19T00:22:13+08:00	bugfix/animation bugfix/eraser bugfix/pptui bugfix/settingui chore/publish dev draw draw3-source/main feature/cursor feature/recognition feature/ui3-i18n origin/bugfix/eraser origin/dev origin/feature/recognition origin/theme theme	yes	H0 reachable	ordinary	Draw3-demo	p1:2f,+176/-41,sha256:6899dd97abdf,paths:inkStrokeModelerTest/main.cpp,inkStrokeModelerTest/renderer.h,hunks:11; focus=LRESULT CALLBACK Draw3WndProc(HWND hWnd, UINT msg, WPARAM wParam, LPARAM lP,int main(),public:	diff semantics + historical prototype/product mapping	standalone Draw3 source/prototype; product import fc9a8b865cd8; no 1:1 path	历史独立 demo main 非 H0 产品入口；同类设备/呈现合同按 H0 Draw3 模块复核，真机未验证		静态差异与 H0 路径核对；未运行本批测试	支持自动设备重建
39a7aca0641c52e832ce1759aa931d535fd64bb5	4a392898d42a0de97be675317062a7d11f2109b5	2026-05-18T23:53:57+08:00	2026-05-18T23:53:57+08:00	bugfix/animation bugfix/eraser bugfix/pptui bugfix/settingui chore/publish dev draw draw3-source/main feature/cursor feature/recognition feature/ui3-i18n origin/bugfix/eraser origin/dev origin/feature/recognition origin/theme theme	yes	H0 reachable	ordinary	Draw3-demo	p1:1f,+15/-17,sha256:8ca8da955812,paths:inkStrokeModelerTest/main.cpp,hunks:5; focus=RECT ClampRectToCanvas(RECT rect),void CompositeLayersToBackBuffer(RECT dirty),void PresentDirty(IDXGISwapChain1* swapChain, RECT dirty, bool isFirstFrame	diff semantics + historical prototype/product mapping	standalone Draw3 source/prototype; product import fc9a8b865cd8; no 1:1 path	历史独立 demo main 非 H0 产品入口；同类设备/呈现合同按 H0 Draw3 模块复核，真机未验证		静态差异与 H0 路径核对；未运行本批测试	修复脏区错误
4a392898d42a0de97be675317062a7d11f2109b5	add8c0fc385f9908fe05f54dbf3c2ab395e7066a	2026-05-18T23:43:18+08:00	2026-05-18T23:43:18+08:00	bugfix/animation bugfix/eraser bugfix/pptui bugfix/settingui chore/publish dev draw draw3-source/main feature/cursor feature/recognition feature/ui3-i18n origin/bugfix/eraser origin/dev origin/feature/recognition origin/theme theme	yes	H0 reachable	ordinary	Draw3-demo	p1:3f,+496/-152,sha256:f1410adae8aa,paths:Inkeys_D3D11_Ink_Renderer_Refactor_Plan_Phase1_Update.md,inkStrokeModelerTest/main.cpp,inkStrokeModelerTest/renderer.h,hunks:18; focus=void UnionRectInPlace(RECT& target, const RECT& add),int main(),public:	diff semantics + historical prototype/product mapping	standalone Draw3 source/prototype; product import fc9a8b865cd8; no 1:1 path	历史独立 demo main 非 H0 产品入口；同类设备/呈现合同按 H0 Draw3 模块复核，真机未验证		静态差异与 H0 路径核对；未运行本批测试	L0 加入 实时笔锋 和 墨迹预测 登场
add8c0fc385f9908fe05f54dbf3c2ab395e7066a	8cc5f8b837030fcac65b5c10633237be25cceb2b	2026-05-17T01:10:41+08:00	2026-05-17T01:10:41+08:00	bugfix/animation bugfix/eraser bugfix/pptui bugfix/settingui chore/publish dev draw draw3-source/main feature/cursor feature/recognition feature/ui3-i18n origin/bugfix/eraser origin/dev origin/feature/recognition origin/theme theme	yes	H0 reachable	ordinary	Draw3-demo	p1:1f,+99/-13,sha256:036af8370fcb,paths:inkStrokeModelerTest/main.cpp,hunks:4; focus=int main()	diff semantics + historical prototype/product mapping	standalone Draw3 source/prototype; product import fc9a8b865cd8; no 1:1 path	历史独立 demo main 非 H0 产品入口；同类设备/呈现合同按 H0 Draw3 模块复核，真机未验证		静态差异与 H0 路径核对；未运行本批测试	开启手抖修正 + 新增帧率预设档位
8cc5f8b837030fcac65b5c10633237be25cceb2b	b10ceb2773218aa207b052855643f702a3fcb57a	2026-05-17T00:25:18+08:00	2026-05-17T00:25:18+08:00	bugfix/animation bugfix/eraser bugfix/pptui bugfix/settingui chore/publish dev draw draw3-source/main feature/cursor feature/recognition feature/ui3-i18n origin/bugfix/eraser origin/dev origin/feature/recognition origin/theme theme	yes	H0 reachable	ordinary	Draw3-demo,binary	p1:4f,+101/-13,sha256:330831f44e00,paths:inkStrokeModelerTest/inkPixelShader.cso,inkStrokeModelerTest/inkPixelShader.hlsl,inkStrokeModelerTest/main.cpp,inkStrokeModelerTest/renderer.h,hunks:15; focus=float4 main(PS_INPUT input) : SV_Target,int main(),public:	diff semantics + historical prototype/product mapping	H0 tracked counterpart:Inkeys/Inkeys/Drawing/Draw3/Assets/inkPixelShader.hlsl (1/3 changed code paths map)	历史独立 demo main 非 H0 产品入口；同类设备/呈现合同按 H0 Draw3 模块复核，真机未验证		静态差异与 H0 路径核对；未运行本批测试	实现 L1 L2 与 alpha 混合的引入
b10ceb2773218aa207b052855643f702a3fcb57a	08ac58a24a2bf8a17436d23773fdcabcd0c92b0e	2026-05-17T00:04:37+08:00	2026-05-17T00:04:37+08:00	bugfix/animation bugfix/eraser bugfix/pptui bugfix/settingui chore/publish dev draw draw3-source/main feature/cursor feature/recognition feature/ui3-i18n origin/bugfix/eraser origin/dev origin/feature/recognition origin/theme theme	yes	H0 reachable	ordinary	Draw3-demo,binary	p1:5f,+32/-0,sha256:4cce42b005a4,paths:inkStrokeModelerTest/ink.hlsli,inkStrokeModelerTest/inkPixelShader.cso,inkStrokeModelerTest/inkPixelShader.hlsl,inkStrokeModelerTest/inkVertexShader.cso…,hunks:5; focus=StructuredBuffer<InkPoint> InkData : register(t0);,struct PS_INPUT,float4 main(PS_INPUT input) : SV_Target	diff semantics + H0 product source map	H0 tracked counterpart:Inkeys/Inkeys/Drawing/Draw3/Assets/ink.hlsli,Inkeys/Inkeys/Drawing/Draw3/Assets/inkPixelShader.hlsl,Inkeys/Inkeys/Drawing/Draw3/Assets/inkVertexShader.hlsl (3/3 changed code paths map)	静态未确认该历史差异带来的现存缺陷；生产行为与自动/真机回归由 Draw3 专项验证		静态差异与 H0 路径核对；未运行本批测试	增加了一个着色器透明混合的功能实现
08ac58a24a2bf8a17436d23773fdcabcd0c92b0e	7151e456186c2e3976e156946d65917cdd33e581 dd59c51a48b1add1638ffbd1565812277a4945fa	2026-05-16T12:33:49+08:00	2026-05-16T12:33:49+08:00	bugfix/animation bugfix/eraser bugfix/pptui bugfix/settingui chore/publish dev draw draw3-source/main feature/cursor feature/recognition feature/ui3-i18n origin/bugfix/eraser origin/dev origin/feature/recognition origin/theme theme	yes	H0 reachable	merge	Build,Draw3-demo,binary	p1:8f,+135/-2266,sha256:5dd492626d86,paths:inkStrokeModelerTest/inkPixelShader.cso,inkStrokeModelerTest/inkVertexShader.cso,inkStrokeModelerTest/main.cpp,inkStrokeModelerTest/main.h…,hunks:10 | p2:34f,+2155/-0,sha256:a3ec660361bb,paths:ResTest/DirectInkPresenter/.gitattributes,ResTest/DirectInkPresenter/.gitignore,ResTest/DirectInkPresenter/DirectInkPresenter.sln,ResTest/DirectInkPresenter/DirectInkPresenter/Application.cpp…,hunks:31; focus=int main(),public:	two-parent diffs + combined merge inspection	standalone Draw3 source/prototype; product import fc9a8b865cd8; no 1:1 path	已审合并范围：old demo lineage; combined diff empty, no unique conflict-resolution patch		静态差异与 H0 路径核对；未运行本批测试	Merge branch 'main' of https://github.com/Alan-CRL/Inkeys3-Draw3
dd59c51a48b1add1638ffbd1565812277a4945fa	19b215016091f75d8fc840d3aa70331d5df51a61	2026-04-03T18:01:22+08:00	2026-04-03T18:01:22+08:00	bugfix/animation bugfix/eraser bugfix/pptui bugfix/settingui chore/publish dev draw draw3-source/main feature/cursor feature/recognition feature/ui3-i18n origin/bugfix/eraser origin/dev origin/feature/recognition origin/theme theme	yes	H0 reachable	ordinary	Draw3-demo	p1:6f,+3/-2238,sha256:d4357ef65527,paths:inkStrokeModelerTest/main.cpp,inkStrokeModelerTest/main.h,inkStrokeModelerTest/main2.cpp,inkStrokeModelerTest/main3.cpp…,hunks:6; focus=int main(),public:	diff semantics + historical prototype/product mapping	standalone Draw3 source/prototype; product import fc9a8b865cd8; no 1:1 path	历史独立 demo main 非 H0 产品入口；同类设备/呈现合同按 H0 Draw3 模块复核，真机未验证		静态差异与 H0 路径核对；未运行本批测试	Remove legacy test files; update window size & GPU call
19b215016091f75d8fc840d3aa70331d5df51a61	e1cca0b19edb6b567f73c1eb8505336d7e0c87e0	2026-04-02T23:20:50+08:00	2026-04-02T23:20:50+08:00	bugfix/animation bugfix/eraser bugfix/pptui bugfix/settingui chore/publish dev draw draw3-source/main feature/cursor feature/recognition feature/ui3-i18n origin/bugfix/eraser origin/dev origin/feature/recognition origin/theme theme	yes	H0 reachable	feature	Draw3-demo,binary	p1:3f,+132/-28,sha256:f2ee1105993b,paths:inkStrokeModelerTest/inkPixelShader.cso,inkStrokeModelerTest/inkVertexShader.cso,inkStrokeModelerTest/main.cpp,hunks:4; focus=int main()	diff semantics + H0 device/input/failure-path inspection	standalone Draw3 source/prototype; product import fc9a8b865cd8; no 1:1 path	静态映射：H0 有 11_1→11_0、HARDWARE→WARP 与输入边界保护；Win7 FL11 有/无真实运行未验证		静态差异与 H0 路径核对；未运行本批测试	Add D3D11 device fallback and diagnostics
7151e456186c2e3976e156946d65917cdd33e581	e1cca0b19edb6b567f73c1eb8505336d7e0c87e0	2026-05-16T12:33:30+08:00	2026-05-16T12:33:30+08:00	bugfix/animation bugfix/eraser bugfix/pptui bugfix/settingui chore/publish dev draw draw3-source/main feature/cursor feature/recognition feature/ui3-i18n origin/bugfix/eraser origin/dev origin/feature/recognition origin/theme theme	yes	H0 reachable	build	Build,binary	p1:34f,+2155/-0,sha256:a3ec660361bb,paths:ResTest/DirectInkPresenter/.gitattributes,ResTest/DirectInkPresenter/.gitignore,ResTest/DirectInkPresenter/DirectInkPresenter.sln,ResTest/DirectInkPresenter/DirectInkPresenter/Application.cpp…,hunks:31; focus=file-level	diff content (build/resource metadata)	build/resource metadata; product ABI/packaging validation separate	静态未确认工程错误；产物/ABI/资源与多架构构建须单独验证		静态差异与 H0 路径核对；未运行本批测试	20260516 1233 update
e1cca0b19edb6b567f73c1eb8505336d7e0c87e0	3f45824f0403da31f05723084ee446b9b01ac660	2026-03-25T13:59:32+08:00	2026-03-25T13:59:32+08:00	bugfix/animation bugfix/eraser bugfix/pptui bugfix/settingui chore/publish dev draw draw3-source/main feature/cursor feature/recognition feature/ui3-i18n origin/bugfix/eraser origin/dev origin/feature/recognition origin/theme theme	yes	H0 reachable	feature	Draw3-demo	p1:3f,+117/-22,sha256:4f41c620529b,paths:.gitignore,inkStrokeModelerTest/main.cpp,inkStrokeModelerTest/renderer.h,hunks:14; focus=InkRenderer inkRenderer;,void UnionRectInPlace(RECT& target, const RECT& add),int main()	diff semantics + historical prototype/product mapping	standalone Draw3 source/prototype; product import fc9a8b865cd8; no 1:1 path	历史独立 demo main 非 H0 产品入口；同类设备/呈现合同按 H0 Draw3 模块复核，真机未验证		静态差异与 H0 路径核对；未运行本批测试	Add canvas clear, brush/eraser flags and blends
3f45824f0403da31f05723084ee446b9b01ac660	df33b96ff417e92ae38e5bb9a647d70ebf44faad	2026-02-07T15:29:57+08:00	2026-02-07T15:29:57+08:00	bugfix/animation bugfix/eraser bugfix/pptui bugfix/settingui chore/publish dev draw draw3-source/main feature/cursor feature/recognition feature/ui3-i18n origin/bugfix/eraser origin/dev origin/feature/recognition origin/theme theme	yes	H0 reachable	ordinary	Draw3-demo	p1:1f,+41/-33,sha256:7e64b250bd4c,paths:inkStrokeModelerTest/main.cpp,hunks:5; focus=int main()	diff semantics + historical prototype/product mapping	standalone Draw3 source/prototype; product import fc9a8b865cd8; no 1:1 path	历史独立 demo main 非 H0 产品入口；同类设备/呈现合同按 H0 Draw3 模块复核，真机未验证		静态差异与 H0 路径核对；未运行本批测试	20260207 1530 update
df33b96ff417e92ae38e5bb9a647d70ebf44faad	3f25676f2407ba1ed3b289226e621628c48b8c0d	2025-12-12T17:58:03+08:00	2025-12-12T17:58:03+08:00	bugfix/animation bugfix/eraser bugfix/pptui bugfix/settingui chore/publish dev draw draw3-source/main feature/cursor feature/recognition feature/ui3-i18n origin/bugfix/eraser origin/dev origin/feature/recognition origin/theme theme	yes	H0 reachable	ordinary	Draw3-demo	p1:2f,+1/-95,sha256:89470fae6253,paths:inkStrokeModelerTest/main.cpp,inkStrokeModelerTest/renderer.h,hunks:5; focus=int main(),public:	diff semantics + historical prototype/product mapping	standalone Draw3 source/prototype; product import fc9a8b865cd8; no 1:1 path	历史独立 demo main 非 H0 产品入口；同类设备/呈现合同按 H0 Draw3 模块复核，真机未验证		静态差异与 H0 路径核对；未运行本批测试	20251212 1758 update
3f25676f2407ba1ed3b289226e621628c48b8c0d	60fddfe89f441ccc744cb9102ef6a1f358d726bd	2025-12-12T17:48:07+08:00	2025-12-12T17:48:07+08:00	bugfix/animation bugfix/eraser bugfix/pptui bugfix/settingui chore/publish dev draw draw3-source/main feature/cursor feature/recognition feature/ui3-i18n origin/bugfix/eraser origin/dev origin/feature/recognition origin/theme theme	yes	H0 reachable	ordinary	Draw3-demo,binary	p1:6f,+245/-21,sha256:6690751cbaee,paths:inkStrokeModelerTest/ink.hlsli,inkStrokeModelerTest/inkPixelShader.cso,inkStrokeModelerTest/inkPixelShader.hlsl,inkStrokeModelerTest/inkVertexShader.cso…,hunks:12; focus=struct InkPoint,float4 main(PS_INPUT input) : SV_Target,InkRenderer inkRenderer;	diff semantics + historical prototype/product mapping	H0 tracked counterpart:Inkeys/Inkeys/Drawing/Draw3/Assets/ink.hlsli,Inkeys/Inkeys/Drawing/Draw3/Assets/inkPixelShader.hlsl (2/4 changed code paths map)	历史独立 demo main 非 H0 产品入口；同类设备/呈现合同按 H0 Draw3 模块复核，真机未验证		静态差异与 H0 路径核对；未运行本批测试	20251212 1748 update
60fddfe89f441ccc744cb9102ef6a1f358d726bd	9c09ba99b1a4cb6e02f1d9cc86ee34c7451e2258	2025-12-10T15:03:19+08:00	2025-12-10T15:03:19+08:00	bugfix/animation bugfix/eraser bugfix/pptui bugfix/settingui chore/publish dev draw draw3-source/main feature/cursor feature/recognition feature/ui3-i18n origin/bugfix/eraser origin/dev origin/feature/recognition origin/theme theme	yes	H0 reachable	ordinary	Build,Draw3-demo,binary	p1:8f,+489/-436,sha256:45039cf86c0f,paths:inkStrokeModelerTest/ink.hlsli,inkStrokeModelerTest/inkPixelShader.cso,inkStrokeModelerTest/inkPixelShader.hlsl,inkStrokeModelerTest/inkStrokeModelerTest.vcxproj…,hunks:18; focus=cbuffer ScreenBuffer : register(b0),struct VS_INPUT,struct PS_INPUT	diff semantics + historical prototype/product mapping	H0 tracked counterpart:Inkeys/Inkeys/Drawing/Draw3/Assets/ink.hlsli,Inkeys/Inkeys/Drawing/Draw3/Assets/inkPixelShader.hlsl,Inkeys/Inkeys/Drawing/Draw3/Assets/inkVertexShader.hlsl (3/5 changed code paths map)	历史独立 demo main 非 H0 产品入口；同类设备/呈现合同按 H0 Draw3 模块复核，真机未验证		静态差异与 H0 路径核对；未运行本批测试	20251210 1503 update
9c09ba99b1a4cb6e02f1d9cc86ee34c7451e2258	205f9f524cdfb50f82b24fa886273b0ea64a1712	2025-12-08T13:22:30+08:00	2025-12-08T13:22:30+08:00	bugfix/animation bugfix/eraser bugfix/pptui bugfix/settingui chore/publish dev draw draw3-source/main feature/cursor feature/recognition feature/ui3-i18n origin/bugfix/eraser origin/dev origin/feature/recognition origin/theme theme	yes	H0 reachable	ordinary	Draw3-demo,binary	p1:3f,+87/-85,sha256:7e193b980c66,paths:inkStrokeModelerTest/inkPixelShader.cso,inkStrokeModelerTest/inkPixelShader.hlsl,inkStrokeModelerTest/renderer.h,hunks:11; focus=float4 main(PS_INPUT input) : SV_Target,inline uint32_t PackColor(const XMFLOAT4& color),struct InkVertex	diff semantics + H0 product source map	H0 tracked counterpart:Inkeys/Inkeys/Drawing/Draw3/Assets/inkPixelShader.hlsl (1/2 changed code paths map)	静态未确认该历史差异带来的现存缺陷；生产行为与自动/真机回归由 Draw3 专项验证		静态差异与 H0 路径核对；未运行本批测试	20251208 1322 update
205f9f524cdfb50f82b24fa886273b0ea64a1712	4f049a2f0927de0e944b1d481b345dcad94994a7	2025-12-08T12:01:58+08:00	2025-12-08T12:01:58+08:00	bugfix/animation bugfix/eraser bugfix/pptui bugfix/settingui chore/publish dev draw draw3-source/main feature/cursor feature/recognition feature/ui3-i18n origin/bugfix/eraser origin/dev origin/feature/recognition origin/theme theme	yes	H0 reachable	ordinary	Draw3-demo,binary	p1:8f,+466/-983,sha256:368ac75b4d4f,paths:inkStrokeModelerTest/ink.hlsli,inkStrokeModelerTest/inkPixelShader.cso,inkStrokeModelerTest/inkPixelShader.hlsl,inkStrokeModelerTest/inkVertexShader.cso…,hunks:16; focus=cbuffer ScreenBuffer : register(b0),struct VS_INPUT,struct PS_INPUT	diff semantics + historical prototype/product mapping	H0 tracked counterpart:Inkeys/Inkeys/Drawing/Draw3/Assets/ink.hlsli,Inkeys/Inkeys/Drawing/Draw3/Assets/inkPixelShader.hlsl,Inkeys/Inkeys/Drawing/Draw3/Assets/inkVertexShader.hlsl (3/6 changed code paths map)	历史独立 demo main 非 H0 产品入口；同类设备/呈现合同按 H0 Draw3 模块复核，真机未验证		静态差异与 H0 路径核对；未运行本批测试	20251208 1201 update
4f049a2f0927de0e944b1d481b345dcad94994a7	e467affe2666ac4dc4edeed1f9670b3b166e4d8c	2025-12-01T13:33:15+08:00	2025-12-01T13:33:15+08:00	bugfix/animation bugfix/eraser bugfix/pptui bugfix/settingui chore/publish dev draw draw3-source/main feature/cursor feature/recognition feature/ui3-i18n origin/bugfix/eraser origin/dev origin/feature/recognition origin/theme theme	yes	H0 reachable	ordinary	Draw3-demo,binary	p1:5f,+195/-234,sha256:c588e11ea235,paths:inkStrokeModelerTest/ink.hlsli,inkStrokeModelerTest/inkPixelShader.hlsl,inkStrokeModelerTest/inkVertexShader.cso,inkStrokeModelerTest/inkVertexShader.hlsl…,hunks:12; focus=cbuffer ScreenBuffer : register(b0),struct VS_INPUT,struct PS_INPUT	diff semantics + H0 product source map	H0 tracked counterpart:Inkeys/Inkeys/Drawing/Draw3/Assets/ink.hlsli,Inkeys/Inkeys/Drawing/Draw3/Assets/inkPixelShader.hlsl,Inkeys/Inkeys/Drawing/Draw3/Assets/inkVertexShader.hlsl (3/4 changed code paths map)	静态未确认该历史差异带来的现存缺陷；生产行为与自动/真机回归由 Draw3 专项验证		静态差异与 H0 路径核对；未运行本批测试	20251201 1333 update
e467affe2666ac4dc4edeed1f9670b3b166e4d8c	632395c66c7ac66fe708f6db216a630cfd4baa0c	2025-11-29T22:53:20+08:00	2025-11-29T22:53:20+08:00	bugfix/animation bugfix/eraser bugfix/pptui bugfix/settingui chore/publish dev draw draw3-source/main feature/cursor feature/recognition feature/ui3-i18n origin/bugfix/eraser origin/dev origin/feature/recognition origin/theme theme	yes	H0 reachable	ordinary	Build,Draw3-demo,binary	p1:11f,+98/-97,sha256:1439b6b7d9d9,paths:inkStrokeModelerTest/inkPixelShader.cso,inkStrokeModelerTest/inkPixelShader.hlsl,inkStrokeModelerTest/inkStrokeModelerTest.vcxproj,inkStrokeModelerTest/lib/lib32/ink_stroke_modeler_combined.lib…,hunks:14; focus=float sdUnevenCapsule_Vertical(float2 p, float r1, float r2, float h),int main(),struct InkVertex	diff semantics + historical prototype/product mapping	H0 tracked counterpart:Inkeys/Inkeys/Drawing/Draw3/Assets/inkPixelShader.hlsl (1/4 changed code paths map)	历史独立 demo main 非 H0 产品入口；同类设备/呈现合同按 H0 Draw3 模块复核，真机未验证		静态差异与 H0 路径核对；未运行本批测试	20251129 2253 update
632395c66c7ac66fe708f6db216a630cfd4baa0c	f3070dd508be58df022774d4932655cd3ff67be5	2025-11-25T22:00:47+08:00	2025-11-25T22:00:47+08:00	bugfix/animation bugfix/eraser bugfix/pptui bugfix/settingui chore/publish dev draw draw3-source/main feature/cursor feature/recognition feature/ui3-i18n origin/bugfix/eraser origin/dev origin/feature/recognition origin/theme theme	yes	H0 reachable	ordinary	Build,Draw3-demo	p1:4f,+1005/-9,sha256:72dbe13ec9a2,paths:inkStrokeModelerTest/inkStrokeModelerTest.vcxproj,inkStrokeModelerTest/main.cpp,inkStrokeModelerTest/main.h,inkStrokeModelerTest/renderer.h,hunks:14; focus=int main(),CComPtr<ID3D11Device> d3dDevice_HARDWARE;,public:	diff semantics + historical prototype/product mapping	standalone Draw3 source/prototype; product import fc9a8b865cd8; no 1:1 path	历史独立 demo main 非 H0 产品入口；同类设备/呈现合同按 H0 Draw3 模块复核，真机未验证		静态差异与 H0 路径核对；未运行本批测试	20251125 2200 update
f3070dd508be58df022774d4932655cd3ff67be5	064e13db7254e1a1ffa7d6ddfc4a742cffe4455e	2025-11-22T15:52:43+08:00	2025-11-22T15:52:43+08:00	bugfix/animation bugfix/eraser bugfix/pptui bugfix/settingui chore/publish dev draw draw3-source/main feature/cursor feature/recognition feature/ui3-i18n origin/bugfix/eraser origin/dev origin/feature/recognition origin/theme theme	yes	H0 reachable	ordinary	Draw3-demo	p1:2f,+4/-0,sha256:ef84da3d6f3a,paths:README.md,inkStrokeModelerTest/main.cpp,hunks:2; focus=int main()	diff semantics + historical prototype/product mapping	standalone Draw3 source/prototype; product import fc9a8b865cd8; no 1:1 path	历史独立 demo main 非 H0 产品入口；同类设备/呈现合同按 H0 Draw3 模块复核，真机未验证		静态差异与 H0 路径核对；未运行本批测试	20251122 1552 update
064e13db7254e1a1ffa7d6ddfc4a742cffe4455e	ca1231e98670fd7bd9276578565e2b9aec37f039	2025-11-22T12:38:24+08:00	2025-11-22T12:38:24+08:00	bugfix/animation bugfix/eraser bugfix/pptui bugfix/settingui chore/publish dev draw draw3-source/main feature/cursor feature/recognition feature/ui3-i18n origin/bugfix/eraser origin/dev origin/feature/recognition origin/theme theme	yes	H0 reachable	ordinary	Build,Draw3-demo	p1:9f,+831/-365,sha256:72b7131dd682,paths:inkStrokeModelerTest/ink.hlsli,inkStrokeModelerTest/inkPixelShader.hlsl,inkStrokeModelerTest/inkStrokeModelerTest.vcxproj,inkStrokeModelerTest/inkStrokeModelerTest.vcxproj.filters…,hunks:18; focus=cbuffer ScreenBuffer : register(b0),struct VS_INPUT,float sdUnevenCapsule_Vertical(float2 p, float r1, float r2, float h)	diff semantics + historical prototype/product mapping	H0 tracked counterpart:Inkeys/Inkeys/Drawing/Draw3/Assets/ink.hlsli,Inkeys/Inkeys/Drawing/Draw3/Assets/inkPixelShader.hlsl,Inkeys/Inkeys/Drawing/Draw3/Assets/inkVertexShader.hlsl (3/7 changed code paths map)	历史独立 demo main 非 H0 产品入口；同类设备/呈现合同按 H0 Draw3 模块复核，真机未验证		静态差异与 H0 路径核对；未运行本批测试	20251122 1238 update
ca1231e98670fd7bd9276578565e2b9aec37f039	fc20c092be8b819eaca191e5fe0c9d9694507ec2	2025-11-21T17:02:31+08:00	2025-11-21T17:02:31+08:00	bugfix/animation bugfix/eraser bugfix/pptui bugfix/settingui chore/publish dev draw draw3-source/main feature/cursor feature/recognition feature/ui3-i18n origin/bugfix/eraser origin/dev origin/feature/recognition origin/theme theme	yes	H0 reachable	ordinary	Draw3-demo	p1:2f,+17/-25,sha256:a51e38f74ca1,paths:inkStrokeModelerTest/main.cpp,inkStrokeModelerTest/renderer.h,hunks:6; focus=int main(),public:	diff semantics + historical prototype/product mapping	standalone Draw3 source/prototype; product import fc9a8b865cd8; no 1:1 path	历史独立 demo main 非 H0 产品入口；同类设备/呈现合同按 H0 Draw3 模块复核，真机未验证		静态差异与 H0 路径核对；未运行本批测试	20251121 1702 update
fc20c092be8b819eaca191e5fe0c9d9694507ec2	887aba07685b433082d32693ef4aba951b6d1917	2025-11-21T16:31:21+08:00	2025-11-21T16:31:21+08:00	bugfix/animation bugfix/eraser bugfix/pptui bugfix/settingui chore/publish dev draw draw3-source/main feature/cursor feature/recognition feature/ui3-i18n origin/bugfix/eraser origin/dev origin/feature/recognition origin/theme theme	yes	H0 reachable	ordinary	Draw3-demo	p1:4f,+464/-22,sha256:b2ec262e6636,paths:inkStrokeModelerTest/inkPixelShader.hlsl,inkStrokeModelerTest/main.cpp,inkStrokeModelerTest/main.h,inkStrokeModelerTest/renderer.h,hunks:16; focus=float4 main(PS_INPUT input) : SV_Target,int main(),extern WindowInfoClass windowInfo;	diff semantics + historical prototype/product mapping	H0 tracked counterpart:Inkeys/Inkeys/Drawing/Draw3/Assets/inkPixelShader.hlsl (1/4 changed code paths map)	历史独立 demo main 非 H0 产品入口；同类设备/呈现合同按 H0 Draw3 模块复核，真机未验证		静态差异与 H0 路径核对；未运行本批测试	20251121 1631 update
887aba07685b433082d32693ef4aba951b6d1917	3dcd14aadda05c52e579023af40f500777650275	2025-11-21T12:30:26+08:00	2025-11-21T12:30:26+08:00	bugfix/animation bugfix/eraser bugfix/pptui bugfix/settingui chore/publish dev draw draw3-source/main feature/cursor feature/recognition feature/ui3-i18n origin/bugfix/eraser origin/dev origin/feature/recognition origin/theme theme	yes	H0 reachable	code	inkStrokeModelerTest/ink.hlsli, inkStrokeModelerTest/inkPixelShader.cso, inkStrokeModelerTest/inkPixelShader.hlsl, inkStrokeModelerTest/main.cpp, inkStrokeModelerTest/renderer.h	p1:e383d0f2a54d/12416; files=5 +76/-196 binary; hunks=inkStrokeModelerTest/ink.hlsli@struct VS_INPUT, inkStrokeModelerTest/inkPixelShader.hlsl@, inkStrokeModelerTest/inkPixelShader.hlsl@float cro(in float2 a, in float2 b), inkStrokeModelerTest/inkPixelShader.hlsl@float sdUnevenCapsule(float2 p, float2 pa, float2 pb, float r1, float ; lines=+float sdUnevenCapsule_Vertical(float2 p, float r1, float r2, float h) | +p.x = abs(p.x); | +float b = (r1 - r2) / h;; product=inkStrokeModelerTest/inkPixelShader.hlsl@, inkStrokeModelerTest/inkPixelShader.hlsl@float cro(in float2 a, in float2 b), inkStrokeModelerTest/inkPixelShader.hlsl@float sdUnevenCapsule(float2 p, float2 pa, float2 pb, float r1, float r2), inkStrokeModelerTest/inkPixelShader.hlsl@float sdUnevenCapsule(float2 p, float2 pa, float2 pb, float r1, float r2); add=float sdUnevenCapsule_Vertical(float2 p, float r1, float r2, float h) | p.x = abs(p.x); | float b = (r1 - r2) / h;	deep capsule-SDF shader patch + current shader blob map	Product pixel shader differs; vertex shader matches later source snapshot	Old divide-by-zero hypothesis excluded as direct H0 finding; real pixels pending		Static current-code review; GUI/Win7/runtime and final HF diff not verified	20251121 1230 update
3dcd14aadda05c52e579023af40f500777650275	b83d2fc49129d6fc1aa6665337d1c73d14b4840b	2025-11-20T23:49:24+08:00	2025-11-20T23:49:24+08:00	bugfix/animation bugfix/eraser bugfix/pptui bugfix/settingui chore/publish dev draw draw3-source/main feature/cursor feature/recognition feature/ui3-i18n origin/bugfix/eraser origin/dev origin/feature/recognition origin/theme theme	yes	H0 reachable	code	inkStrokeModelerTest/ink.hlsli, inkStrokeModelerTest/inkPixelShader.cso, inkStrokeModelerTest/inkPixelShader.hlsl, inkStrokeModelerTest/inkVertexShader.cso, inkStrokeModelerTest/inkVertexShader.hlsl, inkStrokeModelerTest/main.cpp, inkStrokeModelerTest/main.h, inkStrokeModelerTest/renderer.h	p1:2442c337ad50/25790; files=8 +449/-197 binary; hunks=inkStrokeModelerTest/ink.hlsli@cbuffer ScreenBuffer : register(b0), inkStrokeModelerTest/ink.hlsli@struct VS_INPUT, inkStrokeModelerTest/ink.hlsli@struct VS_INPUT, inkStrokeModelerTest/ink.hlsli@struct PS_INPUT; lines=+float2 p1 : VAL_START; // ������� | +float2 p2 : VAL_END; // �յ����� | +float r1 : VAL_RAD_START; // ���뾶; product=inkStrokeModelerTest/inkPixelShader.hlsl@, inkStrokeModelerTest/inkPixelShader.hlsl@float4 main(PS_INPUT input) : SV_Target, inkStrokeModelerTest/inkVertexShader.hlsl@, inkStrokeModelerTest/inkVertexShader.hlsl@PS_INPUT main(VS_INPUT input); add=float dot2(in float2 v) | return dot(v, v); | float cro(in float2 a, in float2 b)	deep SDF/HLSL/debug-device patch + product blob map	Old demo shader blob differs from H0 product; debug modal path excluded	No current product defect attributed to this old demo patch		Static current-code review; GUI/Win7/runtime and final HF diff not verified	20251120 2349 update
b83d2fc49129d6fc1aa6665337d1c73d14b4840b	901469d624b0a37d2d590c23c97f3b50938b6052	2025-11-20T22:14:19+08:00	2025-11-20T22:14:19+08:00	bugfix/animation bugfix/eraser bugfix/pptui bugfix/settingui chore/publish dev draw draw3-source/main feature/cursor feature/recognition feature/ui3-i18n origin/bugfix/eraser origin/dev origin/feature/recognition origin/theme theme	yes	H0 reachable	code	inkStrokeModelerTest/inkPixelShader.hlsl, inkStrokeModelerTest/inkVertexShader.hlsl, inkStrokeModelerTest/main.cpp, inkStrokeModelerTest/main2.cpp, inkStrokeModelerTest/renderer.h	p1:403a74139e82/14548; files=5 +173/-140; hunks=inkStrokeModelerTest/inkPixelShader.hlsl@, inkStrokeModelerTest/inkVertexShader.hlsl@, inkStrokeModelerTest/inkVertexShader.hlsl@, inkStrokeModelerTest/main.cpp@WindowInfoClass windowInfo;; lines=+cbuffer CB_Shape : register(b1) | +{ | +int shapeType; // Ԥ��; product=inkStrokeModelerTest/inkPixelShader.hlsl@, inkStrokeModelerTest/inkVertexShader.hlsl@, inkStrokeModelerTest/inkVertexShader.hlsl@, inkStrokeModelerTest/main.cpp@WindowInfoClass windowInfo;; add=cbuffer CB_Shape : register(b1) | int shapeType; // 预留 | InkRenderer inkRenderer;	deep varying-radius renderer/HLSL patch + product map	Old renderer.h excluded; current Draw3.Renderer* differs	Historical unchecked buffer branch not confirmed in product; current GPU path pending		Static current-code review; GUI/Win7/runtime and final HF diff not verified	20251120 2214 update
901469d624b0a37d2d590c23c97f3b50938b6052	851e7cd8027e5e7179f7bc3a8ad8f543b6573e5d	2025-11-20T21:23:10+08:00	2025-11-20T21:23:10+08:00	bugfix/animation bugfix/eraser bugfix/pptui bugfix/settingui chore/publish dev draw draw3-source/main feature/cursor feature/recognition feature/ui3-i18n origin/bugfix/eraser origin/dev origin/feature/recognition origin/theme theme	yes	H0 reachable	code+project	inkStrokeModelerTest/additional/absl, inkStrokeModelerTest/additional/ink_stroke_modeler, inkStrokeModelerTest/ink.hlsli, inkStrokeModelerTest/inkPixelShader.cso, inkStrokeModelerTest/inkPixelShader.hlsl, inkStrokeModelerTest/inkStrokeModelerTest.aps, inkStrokeModelerTest/inkStrokeModelerTest.rc, inkStrokeModelerTest/inkStrokeModelerTest.vcxproj, inkStrokeModelerTest/inkStrokeModelerTest.vcxproj.filters, inkStrokeModelerTest/inkVertexShader.cso, inkStrokeModelerTest/inkVertexShader.hlsl, inkStrokeModelerTest/main.cpp	p1:773e4b1d8603/5198559; files=967 +297/-139393 binary; hunks=inkStrokeModelerTest/additional/absl/BUILD.bazel@, inkStrokeModelerTest/additional/absl/CMakeLists.txt@, inkStrokeModelerTest/additional/absl/abseil.podspec.gen.py@, inkStrokeModelerTest/additional/absl/algorithm/BUILD.bazel@; lines=+cbuffer ScreenBuffer : register(b0) | +{ | +float screenWidth;; product=inkStrokeModelerTest/inkPixelShader.hlsl@, inkStrokeModelerTest/inkStrokeModelerTest.vcxproj@, inkStrokeModelerTest/inkStrokeModelerTest.vcxproj@, inkStrokeModelerTest/inkStrokeModelerTest.vcxproj@; add=float4 main(PS_INPUT input) : SV_Target | return input.color; | <AdditionalIncludeDirectories>./additional;%(AdditionalIncludeDirectories)</AdditionalIncludeDirecto	deep 967-file prune/resource/CRT patch + current ABI map	Old demo intermediate /MTd; H0 product uses /MT Release ABI and embedded shader resources	Historical intermediate build state replaced; current rebuild/asset validation remains		Static current-code review; GUI/Win7/runtime and final HF diff not verified	20251120 2123 update
851e7cd8027e5e7179f7bc3a8ad8f543b6573e5d	5fc6cd8c62a158b8b5500efae112ee10716dbcf3	2025-11-20T01:52:15+08:00	2025-11-20T01:52:15+08:00	bugfix/animation bugfix/eraser bugfix/pptui bugfix/settingui chore/publish dev draw draw3-source/main feature/cursor feature/recognition feature/ui3-i18n origin/bugfix/eraser origin/dev origin/feature/recognition origin/theme theme	yes	H0 reachable	code+project	inkStrokeModelerTest/inkStrokeModelerTest.vcxproj, inkStrokeModelerTest/inkStrokeModelerTest.vcxproj.filters, inkStrokeModelerTest/main.cpp, inkStrokeModelerTest/main.h, inkStrokeModelerTest/renderer.h, inkStrokeModelerTest/shader.hlsl	"p1:7ada9be7a5ff/45666; files=6 +372/-991; hunks=inkStrokeModelerTest/inkStrokeModelerTest.vcxproj@, inkStrokeModelerTest/inkStrokeModelerTest.vcxproj@, inkStrokeModelerTest/inkStrokeModelerTest.vcxproj.filters@, inkStrokeModelerTest/main.cpp@; lines=+<None Include=""main2.cpp"" /> | +<ClInclude Include=""main.h"" /> | +<ClInclude Include=""renderer.h"" />; product=inkStrokeModelerTest/inkStrokeModelerTest.vcxproj@, inkStrokeModelerTest/inkStrokeModelerTest.vcxproj@, inkStrokeModelerTest/main.cpp@, inkStrokeModelerTest/main.cpp@; add=<None Include=""main2.cpp"" /> | <ClInclude Include=""main.h"" /> | <ClInclude Include=""renderer.h"" />"	deep old renderer/shader patch + product path comparison	Old main/renderer excluded; product uses embedded shaders and Draw3.Renderer*	Old runtime HLSL and per-draw VB are not product hot paths		Static current-code review; GUI/Win7/runtime and final HF diff not verified	20251120 0152 update
5fc6cd8c62a158b8b5500efae112ee10716dbcf3	12fabc3cead5aa8497cb5248756498612970c5dc	2025-11-20T01:14:42+08:00	2025-11-20T01:14:42+08:00	bugfix/animation bugfix/eraser bugfix/pptui bugfix/settingui chore/publish dev draw draw3-source/main feature/cursor feature/recognition feature/ui3-i18n origin/bugfix/eraser origin/dev origin/feature/recognition origin/theme theme	yes	H0 reachable	code+project	.gitignore, inkStrokeModelerTest.sln, inkStrokeModelerTest/HiEasyX.h, inkStrokeModelerTest/HiEasyX/HiCanvas.cpp, inkStrokeModelerTest/HiEasyX/HiCanvas.h, inkStrokeModelerTest/HiEasyX/HiContainer.cpp, inkStrokeModelerTest/HiEasyX/HiContainer.h, inkStrokeModelerTest/HiEasyX/HiDef.h, inkStrokeModelerTest/HiEasyX/HiDrawingProperty.cpp, inkStrokeModelerTest/HiEasyX/HiDrawingProperty.h, inkStrokeModelerTest/HiEasyX/HiFPS.cpp, inkStrokeModelerTest/HiEasyX/HiFPS.h	p1:90a32d2e27ff/12202704; files=1610 +309970/-0 binary; hunks=.gitignore@, inkStrokeModelerTest.sln@, inkStrokeModelerTest/HiEasyX.h@, inkStrokeModelerTest/HiEasyX/HiCanvas.cpp@; lines=+/.vs/ | +/packages/ | +/Release/; product=inkStrokeModelerTest/HiEasyX.h@, inkStrokeModelerTest/HiEasyX/HiCanvas.cpp@, inkStrokeModelerTest/HiEasyX/HiCanvas.h@, inkStrokeModelerTest/HiEasyX/HiContainer.cpp@; add=namespace hiex = HiEasyX; | namespace EasyWin32 = HiEasyX; | namespace HiEasyX	deep 1610-file source/dependency import index + blob provenance	Historical demo not in product Solution; retained Abseil/Modeler blobs mapped to source snapshot	Product fixed-lib provenance/runtime/license still open; no current demo defect confirmed		Static current-code review; GUI/Win7/runtime and final HF diff not verified	20251120 0114 update
12fabc3cead5aa8497cb5248756498612970c5dc		2025-11-20T01:14:06+08:00	2025-11-20T01:14:06+08:00	bugfix/animation bugfix/eraser bugfix/pptui bugfix/settingui chore/publish dev draw draw3-source/main feature/cursor feature/recognition feature/ui3-i18n origin/bugfix/eraser origin/dev origin/feature/recognition origin/theme theme	yes	H0 reachable	mixed	.gitattributes, LICENSE, README.md	p1:68a2ba976caf/36282; files=3 +678/-0; hunks=.gitattributes@, LICENSE@, README.md@; lines=+# Auto detect text files and perform LF normalization | +GNU GENERAL PUBLIC LICENSE | +Version 3, 29 June 2007; product=none	deep historical root patch + license/current NOTICE map	Historical docs/license only; H0 root LICENSE/NOTICE retained	No executable change in this SHA; package license check remains		Static current-code review; GUI/Win7/runtime and final HF diff not verified	Initial commit
a0c7d568bd6260266b09f67cdbfaffac1e584c24	4a7d5555d4585bf628390140bd61185522137c52	2026-08-15T15:37:01+08:00	2026-08-15T15:37:01+08:00	bugfix/animation bugfix/eraser bugfix/pptui bugfix/settingui chore/publish dev draw feature/cursor feature/recognition feature/ui3-i18n origin/bugfix/eraser origin/dev origin/feature/recognition origin/theme theme	yes	H0 reachable	code	.trellis/tasks/08-14-ui3-bar-bottom-dock-elastic, Inkeys/Inkeys/UI, InkeysHeadlessTests/bar_bottom_dock_tests.cpp	p1:8ae0c0836cb8/16391; files=7 +276/-0; hunks=.trellis/tasks/08-14-ui3-bar-bottom-dock-elastic/design.md@, .trellis/tasks/08-14-ui3-bar-bottom-dock-elastic/implement.md@, .trellis/tasks/08-14-ui3-bar-bottom-dock-elastic/prd.md@, .trellis/tasks/08-14-ui3-bar-bottom-dock-elastic/prd.md@; lines=+- 目标提示是 base transform 下的独立 Bar 自绘视觉：宽度取当前主栏并左右外扩 3 DIP，高度固定 80 DIP，底边取稳定 dock 线 | +- 目标提示使用独立 dirty key 记录旧新矩形，不参与命中、主体果冻变换、边框光效或阴影；其边界复用捕获期已有 capacity/viewport 包络 | +## Phase 5：捕获目标提示; product=Inkeys/Inkeys/UI/Bar/Bar.BottomDock.h@namespace Inkeys::UI::Bar, Inkeys/Inkeys/UI/Bar/Bar.BottomDock.h@namespace Inkeys::UI::Bar, Inkeys/Inkeys/UI/Bar/Bar.RenderLoop.cpp@using Inkeys::UI::Bar::BarBottomDockVerticalMapping;, Inkeys/Inkeys/UI/Bar/Bar.RenderLoop.cpp@using Inkeys::UI::Bar::ResolveBarBottomDockLine;; add=inline constexpr double BarBottomDockTargetIndicatorOutsetDip = 3.0; | inline constexpr double BarBottomDockTargetIndicatorHeightDip = 80.0; | inline constexpr double BarBottomDockTargetIndicatorCornerRadiusDip = 8.0;	实际补丁全文读取、变更符号/当前模块静态复核	H0 当前模块: Inkeys/Inkeys/UI/Bar/Bar.BottomDock.h, Inkeys/Inkeys/UI/Bar/Bar.RenderLoop.cpp, Inkeys/Inkeys/UI/Bar/Bar.Theme.cppm, InkeysHeadlessTests/bar_bottom_dock_tests.cpp	已审静态补丁；运行行为未验证		静态源码映射；未运行该历史提交	feat(ui3): add bottom dock capture target indicator
4a7d5555d4585bf628390140bd61185522137c52	e2e60b22829eda1d5f92ecf5bf63c1c1a1fb0167	2026-08-15T13:48:34+08:00	2026-08-15T13:48:34+08:00	bugfix/animation bugfix/eraser bugfix/pptui bugfix/settingui chore/publish dev draw feature/cursor feature/recognition feature/ui3-i18n origin/bugfix/eraser origin/dev origin/feature/recognition origin/theme theme	yes	H0 reachable	code	.trellis/tasks/08-14-ui3-bar-bottom-dock-elastic, Inkeys/Inkeys/UI, InkeysHeadlessTests/bar_bottom_dock_tests.cpp	p1:84e09d2433dc/4793; files=7 +28/-6; hunks=.trellis/tasks/08-14-ui3-bar-bottom-dock-elastic/design.md@, .trellis/tasks/08-14-ui3-bar-bottom-dock-elastic/design.md@, .trellis/tasks/08-14-ui3-bar-bottom-dock-elastic/implement.md@, .trellis/tasks/08-14-ui3-bar-bottom-dock-elastic/implement.md@; lines=+- 初始完整布局完成后，以主按钮和展开主栏的实际可见主体联合宽度居中；底栏强制次级面板向上，主栏方向在抬手吸收 x 后按中轴判断。 | +- 底栏换向复用悬浮窗的横向关键帧；换向期间保留当前纵向果冻弹簧，横向收窄/展开与纵向 D2D 形变正交叠加。 | +- [x] 在完整主栏布局后按可见主体居中并精确对齐可见 stroke 底端；折叠保持 dock，底栏启动右展且次级面板固定向上。; product=Inkeys/Inkeys/UI/Bar/Bar.BottomDock.h@namespace Inkeys::UI::Bar, Inkeys/Inkeys/UI/Bar/Bar.RenderLoop.cpp@void BarRenderLoopCoordinator::SubmitTargetsAndLayout(, Inkeys/Inkeys/UI/Bar/Bar.State.cpp@module;, Inkeys/Inkeys/UI/Bar/Bar.State.cpp@void BarStateClass::PositionUpdate(double tarZoom); add=[[nodiscard]] inline bool ResolveBarMainBarRightSide( | double mainCenterX, double monitorWidth) noexcept | if (!std::isfinite(mainCenterX) || !std::isfinite(monitorWidth)	实际补丁全文读取、变更符号/当前模块静态复核	H0 当前模块: Inkeys/Inkeys/UI/Bar/Bar.BottomDock.h, Inkeys/Inkeys/UI/Bar/Bar.RenderLoop.cpp, Inkeys/Inkeys/UI/Bar/Bar.State.cpp, InkeysHeadlessTests/bar_bottom_dock_tests.cpp	已审静态补丁；运行行为未验证		静态源码映射；未运行该历史提交	feat(ui3): allow bottom dock bar direction reversal
e2e60b22829eda1d5f92ecf5bf63c1c1a1fb0167	15e7b5016d1bd06f67067284d5fe93a8dd0ccc42	2026-08-15T12:08:18+08:00	2026-08-15T12:08:18+08:00	bugfix/animation bugfix/eraser bugfix/pptui bugfix/settingui chore/publish dev draw feature/cursor feature/recognition feature/ui3-i18n origin/bugfix/eraser origin/dev origin/feature/recognition origin/theme theme	yes	H0 reachable	code	.trellis/tasks/08-14-ui3-bar-bottom-dock-elastic, Inkeys/Inkeys/UI, InkeysHeadlessTests/window_geometry_tests.cpp	p1:80afa4e9392a/4601; files=6 +38/-3; hunks=.trellis/tasks/08-14-ui3-bar-bottom-dock-elastic/design.md@, .trellis/tasks/08-14-ui3-bar-bottom-dock-elastic/implement.md@, .trellis/tasks/08-14-ui3-bar-bottom-dock-elastic/prd.md@, Inkeys/Inkeys/UI/Bar/Bar.RenderLoop.cpp@using Inkeys::UI::Bar::ResolveBarWindowAnimationRange;; lines=+- dirty 使用上一帧与本帧变换后边界的 union，并纳入边框光效、阴影和刚性面板。进入弹性阶段一次性预留 24 DIP、stroke、阴影和面板包络；按 | +- [x] 拖动按住期间延迟 idle viewport 收缩，鼠标静止不改变 HWND 大小，抬手后再按最终外框收敛。 | +- 弹性阶段保留既有边框光效与阴影语义，只更新相关局部 dirty；不得逐帧重建图形资源或扩缩渲染 capacity。按住拖动时即使鼠标静止也不得收缩 HWND; product=Inkeys/Inkeys/UI/Bar/Bar.RenderLoop.cpp@using Inkeys::UI::Bar::ResolveBarWindowAnimationRange;, Inkeys/Inkeys/UI/Bar/Bar.RenderLoop.cpp@BarRenderLoopStageResult BarRenderLoopCoordinator::CalculateDirtyAndDrawPresent(, Inkeys/Inkeys/UI/Bar/Bar.WindowGeometry.h@namespace Inkeys::UI::Bar, InkeysHeadlessTests/window_geometry_tests.cpp@namespace; add=using Inkeys::UI::Bar::ShouldSettleBarWindowViewport; | const bool settleViewport = ShouldSettleBarWindowViewport( | state.debugFrameSleepLatch.IsPending(), frame.bottomDockDragActive);	实际补丁全文读取、变更符号/当前模块静态复核	H0 当前模块: Inkeys/Inkeys/UI/Bar/Bar.RenderLoop.cpp, Inkeys/Inkeys/UI/Bar/Bar.WindowGeometry.h, InkeysHeadlessTests/window_geometry_tests.cpp	已审静态补丁；运行行为未验证		静态源码映射；未运行该历史提交	fix(ui3): defer bar viewport resize until drag release
15e7b5016d1bd06f67067284d5fe93a8dd0ccc42	5790b9dc16ace1713784258292bccb71ead5053c	2026-08-15T11:45:39+08:00	2026-08-15T11:45:39+08:00	bugfix/animation bugfix/eraser bugfix/pptui bugfix/settingui chore/publish dev draw feature/cursor feature/recognition feature/ui3-i18n origin/bugfix/eraser origin/dev origin/feature/recognition origin/theme theme	yes	H0 reachable	code	.trellis/tasks/08-14-ui3-bar-bottom-dock-elastic, Inkeys/Inkeys/UI	p1:ce73c9be0bd6/3866; files=4 +13/-11; hunks=.trellis/tasks/08-14-ui3-bar-bottom-dock-elastic/design.md@, .trellis/tasks/08-14-ui3-bar-bottom-dock-elastic/design.md@, .trellis/tasks/08-14-ui3-bar-bottom-dock-elastic/implement.md@, .trellis/tasks/08-14-ui3-bar-bottom-dock-elastic/prd.md@; lines=+- 主按钮背景和主图标统一采用主体纵向端点映射。次级面板锚定视觉顶部和当前 x，只平移；捕获至悬浮恢复结束期间锁定向上布局。 | +- 主体采用一个纵向 D2D group transform，主按钮背景和主图标均在该 transform 下绘制；全部次级面板在恢复原 transform 后 | +- [x] 对主体应用纵向 group transform；主按钮背景和主图标共同形变，次级面板单独刚性绘制，并同步命中、边框光效与阴影。; product=Inkeys/Inkeys/UI/Bar/Bar.RenderLoop.cpp@BarRenderLoopStageResult BarRenderLoopCoordinator::CalculateDirtyAndDrawPresent(, Inkeys/Inkeys/UI/Bar/Bar.RenderLoop.cpp@else; add=const auto transform = mainVisual | ? BottomDockBoundsTransform::Body | : ((moreVisual || drawVisual || geometryVisual)	实际补丁全文读取、变更符号/当前模块静态复核	H0 当前模块: Inkeys/Inkeys/UI/Bar/Bar.RenderLoop.cpp	已审静态补丁；运行行为未验证		静态源码映射；未运行该历史提交	refactor(ui3): stretch main bar button with dock body
5790b9dc16ace1713784258292bccb71ead5053c	1a5aa5c8a286da5ff1bd5ff2466a5b26e91695e4	2026-08-15T10:35:27+08:00	2026-08-15T10:35:27+08:00	bugfix/animation bugfix/eraser bugfix/pptui bugfix/settingui chore/publish dev draw feature/cursor feature/recognition feature/ui3-i18n origin/bugfix/eraser origin/dev origin/feature/recognition origin/theme theme	yes	H0 reachable	code	Inkeys/Inkeys/UI, InkeysHeadlessTests/bar_bottom_dock_tests.cpp	p1:5aff3f3d2f2d/8636; files=3 +102/-19; hunks=Inkeys/Inkeys/UI/Bar/Bar.BottomDock.h@namespace Inkeys::UI::Bar, Inkeys/Inkeys/UI/Bar/Bar.BottomDock.h@namespace Inkeys::UI::Bar, Inkeys/Inkeys/UI/Bar/Bar.BottomDock.h@namespace Inkeys::UI::Bar, Inkeys/Inkeys/UI/Bar/Bar.BottomDock.h@namespace Inkeys::UI::Bar; lines=+double baseBottomDip, double elasticOffsetDip, | +double captureBottomOffsetDip = 0.0) noexcept | +captureBottomOffsetDip = std::clamp(; product=Inkeys/Inkeys/UI/Bar/Bar.BottomDock.h@namespace Inkeys::UI::Bar, Inkeys/Inkeys/UI/Bar/Bar.BottomDock.h@namespace Inkeys::UI::Bar, Inkeys/Inkeys/UI/Bar/Bar.BottomDock.h@namespace Inkeys::UI::Bar, Inkeys/Inkeys/UI/Bar/Bar.BottomDock.h@namespace Inkeys::UI::Bar; add=double baseBottomDip, double elasticOffsetDip, | double captureBottomOffsetDip = 0.0) noexcept | captureBottomOffsetDip = std::clamp(	实际补丁全文读取、变更符号/当前模块静态复核	H0 当前模块: Inkeys/Inkeys/UI/Bar/Bar.BottomDock.h, Inkeys/Inkeys/UI/Bar/Bar.RenderLoop.cpp, InkeysHeadlessTests/bar_bottom_dock_tests.cpp	已审静态补丁；运行行为未验证		静态源码映射；未运行该历史提交	fix(ui3): animate bottom edge during dock capture
1a5aa5c8a286da5ff1bd5ff2466a5b26e91695e4	eaedf9c5cf2d4af9ff8026b631e5e12c65d23ca4	2026-08-15T09:04:09+08:00	2026-08-15T09:04:09+08:00	bugfix/animation bugfix/eraser bugfix/pptui bugfix/settingui chore/publish dev draw feature/cursor feature/recognition feature/ui3-i18n origin/bugfix/eraser origin/dev origin/feature/recognition origin/theme theme	yes	H0 reachable	code	.trellis/spec/native-desktop, .trellis/tasks/08-14-unified-display-management-ui3-dpi, Inkeys/Inkeys/Display, Inkeys/Inkeys/UI, InkeysHeadlessTests/display_tests.cpp	p1:f637034beb98/18648; files=7 +231/-84; hunks=.trellis/spec/native-desktop/cpp-conventions.md@, .trellis/tasks/08-14-unified-display-management-ui3-dpi/implement.md@, .trellis/tasks/08-14-unified-display-management-ui3-dpi/prd.md@, .trellis/tasks/08-14-unified-display-management-ui3-dpi/prd.md@; lines=+## 显示快照与订阅合同 | +`【直接确认】` `Inkeys.Display` 是主程序显示器枚举、主屏/虚拟桌面、工作区、有效 DPI、方向与 EDID 物理尺寸的统一来源。消费者不得恢 | +- 每次业务操作或渲染帧只保留一个 `SnapshotPtr`，从同一快照读取 bounds、workArea、DPI、方向和 EDID；不得分别调用或缓存字段; product=Inkeys/Inkeys/Display/Display.cpp@namespace, Inkeys/Inkeys/Display/Display.cpp@namespace, Inkeys/Inkeys/Display/Display.cpp@namespace, Inkeys/Inkeys/Display/Display.cpp@namespace; add=std::uint64_t lastGeneration = 0; | struct Publication | SnapshotPtr snapshot;	实际补丁全文读取；调用/失败路径按高风险组复核，详见 findings 摘要	H0 当前模块: Inkeys/Inkeys/Display/Display.cpp, Inkeys/Inkeys/Display/Display.cppm, Inkeys/Inkeys/UI/Ppt/Ppt.cpp, InkeysHeadlessTests/display_tests.cpp	已审静态补丁；运行行为未验证		H0 当前路径静态复核；真机/性能/Win7 由专项验证	fix(display): serialize snapshot delivery and DPI reads
eaedf9c5cf2d4af9ff8026b631e5e12c65d23ca4	47acefc58ed1b6fa3908ad2f43adac211ba44547	2026-08-15T08:30:42+08:00	2026-08-15T08:30:42+08:00	bugfix/animation bugfix/eraser bugfix/pptui bugfix/settingui chore/publish dev draw feature/cursor feature/recognition feature/ui3-i18n origin/bugfix/eraser origin/dev origin/feature/recognition origin/theme theme	yes	H0 reachable	code+project	.trellis/tasks/08-01-render-pipeline-refactor, .trellis/tasks/08-14-ui3-bar-bottom-dock-elastic, Inkeys/Inkeys.vcxproj, Inkeys/Inkeys.vcxproj.filters, Inkeys/Inkeys/UI, InkeysHeadlessTests/InkeysHeadlessTests.vcxproj, InkeysHeadlessTests/animation_tests.cpp, InkeysHeadlessTests/bar_bottom_dock_tests.cpp, InkeysHeadlessTests/window_geometry_tests.cpp	"p1:340c704111e9/171175; files=24 +2936/-348; hunks=.trellis/tasks/08-01-render-pipeline-refactor/task.json@, .trellis/tasks/08-14-ui3-bar-bottom-dock-elastic/check.jsonl@, .trellis/tasks/08-14-ui3-bar-bottom-dock-elastic/design.md@, .trellis/tasks/08-14-ui3-bar-bottom-dock-elastic/implement.jsonl@; lines=+""08-14-unified-display-management-ui3-dpi"", | +""08-14-ui3-bar-bottom-dock-elastic"" | +{""file"":"".trellis/spec/native-desktop/index.md"",""reason"":""执行 native-desktop Qual; product=Inkeys/Inkeys.vcxproj@, Inkeys/Inkeys/UI/Bar/Bar.BottomDock.h@, Inkeys/Inkeys/UI/Bar/Bar.Initialization.cpp@void BarUISetClass::PublishDisplaySnapshot(, Inkeys/Inkeys/UI/Bar/Bar.Initialization.cpp@void BarUISetClass::PublishWindowDpi(UINT dpi) noexcept; add=<ClInclude Include=""Inkeys\UI\Bar\Bar.BottomDock.h"" /> | namespace Inkeys::UI::Bar | inline constexpr double BarBottomDockThresholdDip = 20.0;"	实际补丁全文读取、变更符号/当前模块静态复核	H0 当前模块: Inkeys/Inkeys.vcxproj, Inkeys/Inkeys/UI/Bar/Bar.BottomDock.h, Inkeys/Inkeys/UI/Bar/Bar.Initialization.cpp, Inkeys/Inkeys/UI/Bar/Bar.Interaction.cpp, Inkeys/Inkeys/UI/Bar/Bar.Main.c；旧 Bar.Main 实现后续拆至 Bar.RenderLoop/Interaction/Rendering	已审静态补丁；运行行为未验证		静态源码映射；未运行该历史提交	feat(ui3): add elastic bottom dock for bar
47acefc58ed1b6fa3908ad2f43adac211ba44547	14a77927fe10bb8aa20631e6d8bc9772d2d2269c	2026-08-14T22:29:43+08:00	2026-08-14T22:29:43+08:00	bugfix/animation bugfix/eraser bugfix/pptui bugfix/settingui chore/publish dev draw feature/cursor feature/recognition feature/ui3-i18n origin/bugfix/eraser origin/dev origin/feature/recognition origin/theme theme	yes	H0 reachable	code+project	.trellis/tasks/08-01-render-pipeline-refactor, .trellis/tasks/08-14-unified-display-management-ui3-dpi, Inkeys/IdtDisplayManagement.cpp, Inkeys/IdtDisplayManagement.h, Inkeys/IdtDraw.cpp, Inkeys/IdtDrawpad.cpp, Inkeys/IdtFreezeFrame.cpp, Inkeys/IdtHistoricalDrawpad.cpp, Inkeys/IdtMagnification.cpp, Inkeys/IdtMain.cpp, Inkeys/IdtPlug-in.cpp, Inkeys/IdtStart.cpp	"p1:592494156574/116996; files=37 +1873/-574; hunks=.trellis/tasks/08-01-render-pipeline-refactor/task.json@, .trellis/tasks/08-14-unified-display-management-ui3-dpi/design.md@, .trellis/tasks/08-14-unified-display-management-ui3-dpi/implement.md@, .trellis/tasks/08-14-unified-display-management-ui3-dpi/prd.md@; lines=+""08-13-unified-render-pipeline-setting"", | +""08-14-unified-display-management-ui3-dpi"" | +# 统一显示器管理与 UI3 动态显示适配设计; product=Inkeys/IdtDisplayManagement.cpp@, Inkeys/IdtDisplayManagement.h@, Inkeys/IdtDraw.cpp@, Inkeys/IdtDraw.cpp@int GetStopTimingError(); add=import Inkeys.Display; | const auto snapshot = Inkeys::Display::GetSnapshot(); | const auto* monitor = snapshot ? snapshot->Primary() : nullptr;"	实际补丁全文读取；调用/失败路径按高风险组复核，详见 findings 摘要；H0 项目编译入口复核	H0 当前模块: Inkeys/IdtDraw.cpp, Inkeys/IdtDrawpad.cpp, Inkeys/IdtFreezeFrame.cpp, Inkeys/IdtHistoricalDrawpad.cpp, Inkeys/IdtMagnification.cpp, Inkeys/IdtMain.cpp, Inkeys/IdtPlug-in.cpp, Inkey；旧 Bar.Main 实现后续拆至 Bar.RenderLoop/Interaction/Rendering；注意 H0 Inkeys.vcxproj:895 将旧 IdtDrawpad.cpp 列 None，:905 编译 IdtDrawpadFacade.cpp；旧文件的 hook/RTS 不属生产路径	已审静态补丁；运行行为未验证		H0 当前路径静态复核；真机/性能/Win7 由专项验证	wip(ui3): checkpoint unified display adaptation
14a77927fe10bb8aa20631e6d8bc9772d2d2269c	7acc74c6d70c8c1b1102a1e9341155d4c964a78f	2026-08-13T21:17:33+08:00	2026-08-13T21:17:33+08:00	bugfix/animation bugfix/eraser bugfix/pptui bugfix/settingui chore/publish dev draw feature/cursor feature/recognition feature/ui3-i18n fluent origin/bugfix/eraser origin/dev origin/feature/recognition origin/fluent origin/theme theme	yes	H0 reachable	code	.trellis/spec/native-desktop, Inkeys/Inkeys/UI	p1:9d5a9b7d104f/1871; files=3 +6/-4; hunks=.trellis/spec/native-desktop/rendering-and-ui.md@FrameResult RenderSettingFrame(const FrameContext&);, Inkeys/Inkeys/UI/Bar/Bar.Initialization.cpp@namespace Inkeys::UI::Bar, Inkeys/Inkeys/UI/Setting/Setting.cpp@namespace; lines=+- HWND 所属线程只处理 capture/cursor/IME、生命周期和 `ImGui_ImplWin32_WndProcHandlerEx`；专用 re | +(void)Inkeys::Window::GetService().SetBounds( | +Inkeys::Window::WindowRole::Bar, bounds);; product=Inkeys/Inkeys/UI/Bar/Bar.Initialization.cpp@namespace Inkeys::UI::Bar, Inkeys/Inkeys/UI/Setting/Setting.cpp@namespace; add=(void)Inkeys::Window::GetService().SetBounds( | Inkeys::Window::WindowRole::Bar, bounds); | recursive_mutex settingImguiMutex;	实际补丁全文读取、变更符号/当前模块静态复核	H0 当前模块: Inkeys/Inkeys/UI/Bar/Bar.Initialization.cpp, Inkeys/Inkeys/UI/Setting/Setting.cpp	已审静态补丁；运行行为未验证		静态源码映射；未运行该历史提交	fix(ui): handle setting input reentry and bar startup
7acc74c6d70c8c1b1102a1e9341155d4c964a78f	7456fb5e6f3ed869de13fd046d2ff4ce442a12af	2026-08-13T20:44:58+08:00	2026-08-13T20:44:58+08:00	bugfix/animation bugfix/eraser bugfix/pptui bugfix/settingui chore/publish dev draw feature/cursor feature/recognition feature/ui3-i18n fluent origin/bugfix/eraser origin/dev origin/feature/recognition origin/fluent origin/theme theme	yes	H0 reachable	code+project	.trellis/spec/native-desktop, .trellis/tasks/08-01-render-pipeline-refactor, .trellis/tasks/08-13-unified-render-pipeline-setting, Inkeys/IdtConfiguration.cpp, Inkeys/IdtConfiguration.h, Inkeys/IdtD2DPreparation.cpp, Inkeys/IdtD2DPreparation.h, Inkeys/IdtMain.cpp, Inkeys/IdtPlug-in.h, Inkeys/Inkeys.rc, Inkeys/Inkeys.vcxproj, Inkeys/Inkeys.vcxproj.filters	p1:c9bc129e7146/193407; files=49 +2748/-1334; hunks=.trellis/spec/native-desktop/index.md@PPT/WPS 的托管 COM 服务和原生边界另见 [../ppt-interop/index.md](../p, .trellis/spec/native-desktop/rendering-and-ui.md@, .trellis/spec/native-desktop/rendering-and-ui.md@, .trellis/spec/native-desktop/rendering-and-ui.md@; lines=+- `Inkeys.UI.RenderPipeline` 在 UI 客户端启动前创建共享 D3D11 WARP、D2D 1.1 factory/device 和 | +- 设置窗口的已编译产品实现是普通 Win32 顶层窗口上的 Dear ImGui + Direct3D 11；它复用 RenderPipeline 的 WAR | +| `Inkeys.UI.Bar` | `【直接确认】` `IdtMain.cpp::wWinMain` 无条件启动 UI3；不存在 UI2/UI3 运行时分支; product=Inkeys/IdtConfiguration.cpp@, Inkeys/IdtConfiguration.cpp@bool ReadSettingMini(), Inkeys/IdtConfiguration.cpp@bool WriteSetting(), Inkeys/IdtConfiguration.cpp@bool WriteSetting(); add=import Inkeys.Conv.Text; | string CaptureSettingJson() | Json::StreamWriterBuilder writerBuilder;	实际补丁全文读取；调用/失败路径按高风险组复核，详见 findings 摘要	H0 当前模块: Inkeys/IdtConfiguration.cpp, Inkeys/IdtConfiguration.h, Inkeys/IdtMain.cpp, Inkeys/IdtPlug-in.h, Inkeys/Inkeys.rc, Inkeys/Inkeys.vcxproj, Inkeys/Inkeys/Conv/Conv.Color.cppm, Inkeys；旧 Bar.Main 实现后续拆至 Bar.RenderLoop/Interaction/Rendering	已审静态补丁；运行行为未验证		H0 当前路径静态复核；真机/性能/Win7 由专项验证	refactor(ui): unify WARP render pipeline and settings
7456fb5e6f3ed869de13fd046d2ff4ce442a12af	3d6d5f2d48ea4523b33c27a3bd639322916ce192	2026-08-13T16:56:31+08:00	2026-08-13T16:56:31+08:00	bugfix/animation bugfix/eraser bugfix/pptui bugfix/settingui chore/publish dev draw feature/cursor feature/recognition feature/ui3-i18n fluent origin/bugfix/eraser origin/dev origin/feature/recognition origin/fluent origin/theme theme	yes	H0 reachable	docs	.trellis/workspace/AlanCRL	p1:c07c68a32900/1298; files=2 +25/-3; hunks=.trellis/workspace/AlanCRL/index.md@, .trellis/workspace/AlanCRL/index.md@, .trellis/workspace/AlanCRL/index.md@, .trellis/workspace/AlanCRL/journal-1.md@Bar/PPT 仅在应用级 HiMsg callback 中过滤系统触摸兼容鼠标，保; lines=+- **Total Sessions**: 26 | +- **Last Active**: 2026-08-13 | +| `journal-1.md` | ~672 | Active |; product=none	补丁全文读取；文档/任务状态简审	H0 文档/任务记录：bugfix/animation, bugfix/eraser	不适用（无产品可执行代码改动）		静态文件差异；无需运行验证	chore: record journal
3d6d5f2d48ea4523b33c27a3bd639322916ce192	6ded57c31c97c343db738e8dc4500c469713479b	2026-08-13T16:56:12+08:00	2026-08-13T16:56:12+08:00	bugfix/animation bugfix/eraser bugfix/pptui bugfix/settingui chore/publish dev draw feature/cursor feature/recognition feature/ui3-i18n fluent origin/bugfix/eraser origin/dev origin/feature/recognition origin/fluent origin/theme theme	yes	H0 reachable	docs	.trellis/tasks/archive	"p1:ba554be1b29b/2229; files=6 +2/-2; hunks=.trellis/tasks/archive/2026-08/08-11-bar-window-dirty-present/task.json@, .trellis/tasks/archive/2026-08/08-11-bar-window-dirty-present/task.json@; lines=+""status"": ""completed"", | +""completedAt"": ""2026-08-13"",; product=none"	补丁全文读取；文档/任务状态简审	H0 文档/任务记录：bugfix/animation, bugfix/eraser	不适用（无产品可执行代码改动）		静态文件差异；无需运行验证	chore(task): archive 08-11-bar-window-dirty-present
6ded57c31c97c343db738e8dc4500c469713479b	e842c4731a15ed4610609f72776f8db710de16b6	2026-08-13T16:55:48+08:00	2026-08-13T16:55:48+08:00	bugfix/animation bugfix/eraser bugfix/pptui bugfix/settingui chore/publish dev draw feature/cursor feature/recognition feature/ui3-i18n fluent origin/bugfix/eraser origin/dev origin/feature/recognition origin/fluent origin/theme theme	yes	H0 reachable	code	.trellis/spec/native-desktop, Inkeys/Inkeys/UI, InkeysHeadlessTests/dirty_region_tests.cpp, InkeysHeadlessTests/window_geometry_tests.cpp	p1:aff5d62ce03d/19008; files=8 +240/-65; hunks=.trellis/spec/native-desktop/rendering-and-ui.md@void Scheduler::Run(const std::function<bool()>& shouldStop);, .trellis/spec/native-desktop/rendering-and-ui.md@void Scheduler::Run(const std::function<bool()>& shouldStop);, Inkeys/Inkeys/UI/Bar/Bar.DirtyRegion.h@namespace Inkeys::UI::Bar, Inkeys/Inkeys/UI/Bar/Bar.Interaction.cpp@; lines=+- 主按钮直拖激活时，Bar 仍须推进并呈现已有动画；直接 `SetWindowPos` 与 ULW 提交共用同一几何锁，交互线程只能 `try_lock`，不 | +| Bar HWND 直移 | Bar 动画和 resize 继续；交互线程不等待慢 ULW，PPT 请求继续处理，松手位移由下一帧无跳变接管 | | +void TranslateCommitted(POINT translation) noexcept; product=Inkeys/Inkeys/UI/Bar/Bar.DirtyRegion.h@namespace Inkeys::UI::Bar, Inkeys/Inkeys/UI/Bar/Bar.Interaction.cpp@, Inkeys/Inkeys/UI/Bar/Bar.Interaction.cpp@bool IsBarCoordinateMessage(UINT message), Inkeys/Inkeys/UI/Bar/Bar.Interaction.cpp@bool BarScreenToLayout(POINT& point); add=void TranslateCommitted(POINT translation) noexcept | if (translation.x == 0 && translation.y == 0) return; | auto Translate = [&](RECT& value)	实际补丁全文读取；调用/失败路径按高风险组复核，详见 findings 摘要	H0 当前模块: Inkeys/Inkeys/UI/Bar/Bar.DirtyRegion.h, Inkeys/Inkeys/UI/Bar/Bar.Interaction.cpp, Inkeys/Inkeys/UI/Bar/Bar.Main.cppm, Inkeys/Inkeys/UI/Bar/Bar.RenderLoop.cpp, Inkeys/Inkeys/UI/Bar/；旧 Bar.Main 实现后续拆至 Bar.RenderLoop/Interaction/Rendering	已审静态补丁；运行行为未验证		H0 当前路径静态复核；真机/性能/Win7 由专项验证	fix(ui3): keep animations active during bar drag
e842c4731a15ed4610609f72776f8db710de16b6	908a85ed87391cb03ab84e5629ba9b674a04ed9e	2026-08-13T15:56:43+08:00	2026-08-13T15:56:43+08:00	bugfix/animation bugfix/eraser bugfix/pptui bugfix/settingui chore/publish dev draw feature/cursor feature/recognition feature/ui3-i18n fluent origin/bugfix/eraser origin/dev origin/feature/recognition origin/fluent origin/theme theme	yes	H0 reachable	code	.trellis/spec/native-desktop, Inkeys/Inkeys/UI, InkeysHeadlessTests/ppt_ui_tests.cpp	p1:1e34a54e99d9/17157; files=4 +273/-50; hunks=.trellis/spec/native-desktop/rendering-and-ui.md@target.Reset();, Inkeys/Inkeys/UI/Ppt/Ppt.cpp@namespace Inkeys::UI::Ppt, Inkeys/Inkeys/UI/Ppt/Ppt.cpp@namespace Inkeys::UI::Ppt, Inkeys/Inkeys/UI/Ppt/Ppt.cpp@namespace Inkeys::UI::Ppt; lines=+### UI3 PPT 控件内部几何合同 | +#### 1. Scope / Trigger | +修改五个 PPT 控件的拖动柄、按钮、页码文字框、命中区或 DPI 缩放时适用。控件内部几何使用 96 DPI 逻辑坐标，绘制时统一乘窗口 scale。; product=Inkeys/Inkeys/UI/Ppt/Ppt.cpp@namespace Inkeys::UI::Ppt, Inkeys/Inkeys/UI/Ppt/Ppt.cpp@namespace Inkeys::UI::Ppt, Inkeys/Inkeys/UI/Ppt/Ppt.cpp@namespace Inkeys::UI::Ppt, Inkeys/Inkeys/UI/Ppt/Ppt.cpp@namespace Inkeys::UI::Ppt; add=ComPtr<ID2D1StrokeStyle> dragHandleStyle; | dragHandleStyle.Reset(); | const auto geometry = ResolveControlVisualGeometry(ControlFor(client));	实际补丁全文读取、变更符号/当前模块静态复核	H0 当前模块: Inkeys/Inkeys/UI/Ppt/Ppt.cpp, Inkeys/Inkeys/UI/Ppt/Ppt.cppm, InkeysHeadlessTests/ppt_ui_tests.cpp	已审静态补丁；运行行为未验证		静态源码映射；未运行该历史提交	fix(ui3): restore ppt control visuals
908a85ed87391cb03ab84e5629ba9b674a04ed9e	48f3e721daeb500f2e5b50d440c08273d5d32f12	2026-08-13T15:29:48+08:00	2026-08-13T15:29:48+08:00	bugfix/animation bugfix/eraser bugfix/pptui bugfix/settingui chore/publish dev draw feature/cursor feature/recognition feature/ui3-i18n fluent origin/bugfix/eraser origin/dev origin/feature/recognition origin/fluent origin/theme theme	yes	H0 reachable	code	.trellis/spec/native-desktop, Inkeys/Inkeys/Helper, Inkeys/Inkeys/Window, InkeysHeadlessTests/window_tests.cpp	p1:9f5ebdcaf93a/5807; files=5 +114/-1; hunks=.trellis/spec/native-desktop/errors-logging-and-resources.md@while (!offSignal && RequestUpdateMagWindow == 0), Inkeys/Inkeys/Helper/Helper.CrashHandler.cppm@export module Inkeys.Helper.CrashHandler;, Inkeys/Inkeys/Helper/Helper.CrashHandler.cppm@export void CloseProgram(), Inkeys/Inkeys/Helper/Helper.CrashHandler.cppm@export void RestartProgram(); lines=+## 关闭前隐藏用户窗口合同 | +### 1. Scope / Trigger | +关闭或重启由 UI 命令触发时，必须在后台清理前同步移除全部用户可见窗口。; product=Inkeys/Inkeys/Helper/Helper.CrashHandler.cppm@export module Inkeys.Helper.CrashHandler;, Inkeys/Inkeys/Helper/Helper.CrashHandler.cppm@export void CloseProgram(), Inkeys/Inkeys/Helper/Helper.CrashHandler.cppm@export void RestartProgram(), Inkeys/Inkeys/Helper/Helper.CrashHandler.cppm@export void RestartProgram(); add=import Inkeys.Window; | (void)Inkeys::Window::GetService().HideAllUserWindows(); | (void)Inkeys::Window::GetService().HideAllUserWindows();	实际补丁全文读取；调用/失败路径按高风险组复核，详见 findings 摘要	H0 当前模块: Inkeys/Inkeys/Helper/Helper.CrashHandler.cppm, Inkeys/Inkeys/Window/Window.cpp, Inkeys/Inkeys/Window/Window.cppm, InkeysHeadlessTests/window_tests.cpp	已审静态补丁；运行行为未验证		H0 当前路径静态复核；真机/性能/Win7 由专项验证	fix: hide windows before shutdown
48f3e721daeb500f2e5b50d440c08273d5d32f12	a01cf80fa3340fb4c76d2eb285fa543b315b7ae4	2026-08-13T15:16:55+08:00	2026-08-13T15:16:55+08:00	bugfix/animation bugfix/eraser bugfix/pptui bugfix/settingui chore/publish dev draw feature/cursor feature/recognition feature/ui3-i18n fluent origin/bugfix/eraser origin/dev origin/feature/recognition origin/fluent origin/theme theme	yes	H0 reachable	code	.trellis/spec/native-desktop, Inkeys/IdtMagnification.cpp, Inkeys/IdtMain.cpp, Inkeys/IdtState.cpp	p1:77e46d3e4506/4196; files=4 +59/-5; hunks=.trellis/spec/native-desktop/errors-logging-and-resources.md@, Inkeys/IdtMagnification.cpp@void MagnifierThread(), Inkeys/IdtMagnification.cpp@void MagnifierThread(), Inkeys/IdtMain.cpp@import Inkeys.UI.Ppt;; lines=+## 受管线程退出合同 | +### 1. Scope / Trigger | +当线程由主退出路径执行 `join()`，或线程可能无限等待事件、消息、状态值时，必须应用本合同。; product=Inkeys/IdtMagnification.cpp@void MagnifierThread(), Inkeys/IdtMagnification.cpp@void MagnifierThread(), Inkeys/IdtMain.cpp@import Inkeys.UI.Ppt;, Inkeys/IdtMain.cpp@void SetOffSignal(int signal); add=while (!offSignal && RequestUpdateMagWindow == 1) | this_thread::sleep_for(chrono::milliseconds(100)); | while (!offSignal && RequestUpdateMagWindow == 0)	实际补丁全文读取；调用/失败路径按高风险组复核，详见 findings 摘要	H0 当前模块: Inkeys/IdtMagnification.cpp, Inkeys/IdtMain.cpp, Inkeys/IdtState.cpp	已审静态补丁；运行行为未验证		H0 当前路径静态复核；真机/性能/Win7 由专项验证	fix: unblock coordinated shutdown
a01cf80fa3340fb4c76d2eb285fa543b315b7ae4	4c092e8323e2055981333362214b6a38004925a3	2026-08-13T14:34:57+08:00	2026-08-13T14:34:57+08:00	bugfix/animation bugfix/eraser bugfix/pptui bugfix/settingui chore/publish dev draw feature/cursor feature/recognition feature/ui3-i18n fluent origin/bugfix/eraser origin/dev origin/feature/recognition origin/fluent origin/theme theme	yes	H0 reachable	code	.trellis/spec/native-desktop, Inkeys/Inkeys/UI, InkeysHeadlessTests/window_geometry_tests.cpp	p1:921ff240a710/9800; files=4 +114/-30; hunks=.trellis/spec/native-desktop/rendering-and-ui.md@void SetDebugOptions(bool enable, bool showFrameRate);, Inkeys/Inkeys/UI/Bar/Bar.RenderLoop.cpp@using Inkeys::UI::Bar::BarWindowScalarRange;, Inkeys/Inkeys/UI/Bar/Bar.RenderLoop.cpp@using Inkeys::UI::Bar::ResolveBarThicknessPreviewEnvelope;, Inkeys/Inkeys/UI/Bar/Bar.RenderLoop.cpp@BarRenderLoopStageResult BarRenderLoopCoordinator::CalculateDirtyAndDr; lines=+- Popup 已可见时，粗细快捷按钮或切换笔型产生的程序化动画必须在首个变化帧按 `drawAttributePenThickness.tar`、滑块归一化目 | +using Inkeys::UI::Bar::BarThicknessPreviewReservationMode; | +using Inkeys::UI::Bar::ResolveBarThicknessPreviewReservationMode;; product=Inkeys/Inkeys/UI/Bar/Bar.RenderLoop.cpp@using Inkeys::UI::Bar::BarWindowScalarRange;, Inkeys/Inkeys/UI/Bar/Bar.RenderLoop.cpp@using Inkeys::UI::Bar::ResolveBarThicknessPreviewEnvelope;, Inkeys/Inkeys/UI/Bar/Bar.RenderLoop.cpp@BarRenderLoopStageResult BarRenderLoopCoordinator::CalculateDirtyAndDrawPresent(, Inkeys/Inkeys/UI/Bar/Bar.RenderLoop.cpp@IncludeShapeBounds(state.shapeMap[; add=using Inkeys::UI::Bar::BarThicknessPreviewReservationMode; | using Inkeys::UI::Bar::ResolveBarThicknessPreviewReservationMode; | || !state.drawAttributePenThickness.IsSame()	实际补丁全文读取、变更符号/当前模块静态复核	H0 当前模块: Inkeys/Inkeys/UI/Bar/Bar.RenderLoop.cpp, Inkeys/Inkeys/UI/Bar/Bar.WindowGeometry.h, InkeysHeadlessTests/window_geometry_tests.cpp	已审静态补丁；运行行为未验证		静态源码映射；未运行该历史提交	fix(ui3): reserve animated thickness target
4c092e8323e2055981333362214b6a38004925a3	b7e23e87b361c7e794f705fe7d67e391d83aaaae	2026-08-13T14:00:21+08:00	2026-08-13T14:00:21+08:00	bugfix/animation bugfix/eraser bugfix/pptui bugfix/settingui chore/publish dev draw feature/cursor feature/recognition feature/ui3-i18n fluent origin/bugfix/eraser origin/dev origin/feature/recognition origin/fluent origin/theme theme	yes	H0 reachable	code	.trellis/spec/native-desktop, Inkeys/IdtPlug-in.cpp, Inkeys/Inkeys/UI, InkeysHeadlessTests/window_geometry_tests.cpp	p1:defb05d0dde8/14466; files=5 +264/-2; hunks=.trellis/spec/native-desktop/rendering-and-ui.md@void SetDebugOptions(bool enable, bool showFrameRate);, .trellis/spec/native-desktop/rendering-and-ui.md@void SetDebugOptions(bool enable, bool showFrameRate);, Inkeys/IdtPlug-in.cpp@void PPTLinkageMain(), Inkeys/Inkeys/UI/Bar/Bar.RenderLoop.cpp@using Inkeys::UI::Bar::ResolveBarWindowAnimationRange;; lines=+- 粗细 Slider/FineDial 连续手势的完整交互域必须复用 `GetBarThicknessSliderRange(currentPenMode,  | +| 粗细 Slider/FineDial 按下后拖到当前笔型最大值 | 按下首帧即包含最大 Preview Popup；候选值增长和 FineDial 惯性不触 | +if (pptUiReady); product=Inkeys/IdtPlug-in.cpp@void PPTLinkageMain(), Inkeys/Inkeys/UI/Bar/Bar.RenderLoop.cpp@using Inkeys::UI::Bar::ResolveBarWindowAnimationRange;, Inkeys/Inkeys/UI/Bar/Bar.RenderLoop.cpp@struct BarRenderLoopState, Inkeys/Inkeys/UI/Bar/Bar.RenderLoop.cpp@IncludeShapeBounds(state.shapeMap[; add=if (pptUiReady) | IdtWindowsIsVisible.pptWindow = true; | else if (IDTLogger)	实际补丁全文读取、变更符号/当前模块静态复核	H0 当前模块: Inkeys/IdtPlug-in.cpp, Inkeys/Inkeys/UI/Bar/Bar.RenderLoop.cpp, Inkeys/Inkeys/UI/Bar/Bar.WindowGeometry.h, InkeysHeadlessTests/window_geometry_tests.cpp	已审静态补丁；运行行为未验证		静态源码映射；未运行该历史提交	fix(ui3): reserve thickness preview viewport
b7e23e87b361c7e794f705fe7d67e391d83aaaae	df11bcd1fdea73b78f19cf32f190f985c5e09beb	2026-08-13T10:06:49+08:00	2026-08-13T10:06:49+08:00	bugfix/animation bugfix/eraser bugfix/pptui bugfix/settingui chore/publish dev draw feature/cursor feature/recognition feature/ui3-i18n fluent origin/bugfix/eraser origin/dev origin/feature/recognition origin/fluent origin/theme theme	yes	H0 reachable	code	Inkeys/IdtMain.cpp	p1:484bf594c31c/158; files=1 +1/-1; hunks=Inkeys/IdtMain.cpp@; lines=+﻿/*; product=Inkeys/IdtMain.cpp@; add=锘�/*	实际补丁全文读取、变更符号/当前模块静态复核	H0 当前模块: Inkeys/IdtMain.cpp	已审静态补丁；运行行为未验证		静态源码映射；未运行该历史提交	20260813 1006 update
df11bcd1fdea73b78f19cf32f190f985c5e09beb	856b6eb93fb01bdf0ccd749fb6a29ecd69f09ad5	2026-08-13T10:02:00+08:00	2026-08-13T10:02:00+08:00	bugfix/animation bugfix/eraser bugfix/pptui bugfix/settingui chore/publish dev draw feature/cursor feature/recognition feature/ui3-i18n fluent origin/bugfix/eraser origin/dev origin/feature/recognition origin/fluent origin/theme theme	yes	H0 reachable	code	.trellis/spec/native-desktop, .trellis/tasks/08-11-bar-window-dirty-present, Inkeys/Inkeys/UI, InkeysHeadlessTests/present_decision_tests.cpp	p1:182147b52ca5/6795; files=5 +74/-12; hunks=.trellis/spec/native-desktop/rendering-and-ui.md@void Scheduler::Run(const std::function<bool()>& shouldStop);, .trellis/spec/native-desktop/rendering-and-ui.md@void Scheduler::Run(const std::function<bool()>& shouldStop);, .trellis/spec/native-desktop/rendering-and-ui.md@Request(Mask(Client::PptBottomLeft) | Mask(Client::PptBottomRight));, .trellis/tasks/08-11-bar-window-dirty-present/implement.md@; lines=+- 所有客户端共享 D3D11/D2D device，但各自持有 device context、target bitmap、GDI interop 和 ULW  | +| 客户端因租约或局部条件暂不能提交 | 返回 `Continue` / `Retry`，不得在回调内等待下一帧期限 | | +HighPrecisionWait(elapsedMilliseconds, 60.0);; product=Inkeys/Inkeys/UI/Bar/Bar.PresentDecision.h@, Inkeys/Inkeys/UI/Bar/Bar.PresentDecision.h@namespace Inkeys::UI::Bar, Inkeys/Inkeys/UI/Bar/Bar.PresentDecision.h@namespace Inkeys::UI::Bar, Inkeys/Inkeys/UI/Bar/Bar.RenderLoop.cpp@enum class BarRenderLoopStageResult; add=[[nodiscard]] constexpr bool IsBarSharedDeviceLost(HRESULT hr) noexcept | return hr == DXGI_ERROR_DEVICE_REMOVED | || hr == DXGI_ERROR_DEVICE_RESET	实际补丁全文读取；调用/失败路径按高风险组复核，详见 findings 摘要	H0 当前模块: Inkeys/Inkeys/UI/Bar/Bar.PresentDecision.h, Inkeys/Inkeys/UI/Bar/Bar.RenderLoop.cpp, InkeysHeadlessTests/present_decision_tests.cpp	已审静态补丁；运行行为未验证		H0 当前路径静态复核；真机/性能/Win7 由专项验证	fix(ui3): align bar with shared scheduler
856b6eb93fb01bdf0ccd749fb6a29ecd69f09ad5	d3250e053423c2da67396f97009d16d8bc84e983	2026-08-13T09:19:13+08:00	2026-08-13T09:19:13+08:00	bugfix/animation bugfix/eraser bugfix/pptui bugfix/settingui chore/publish dev draw feature/cursor feature/recognition feature/ui3-i18n fluent origin/bugfix/eraser origin/dev origin/feature/recognition origin/fluent origin/theme theme	yes	H0 reachable	code	.trellis/spec/native-desktop, .trellis/tasks/08-11-bar-window-dirty-present, Inkeys/Inkeys/UI	p1:5350af2bd19a/5070; files=6 +9/-8; hunks=.trellis/spec/native-desktop/rendering-and-ui.md@void Scheduler::Run(const std::function<bool()>& shouldStop);, .trellis/spec/native-desktop/rendering-and-ui.md@void Scheduler::Run(const std::function<bool()>& shouldStop);, .trellis/tasks/08-11-bar-window-dirty-present/design.md@Slider、颜色拖动和主按钮拖动属于连续交互：前两者预留整, .trellis/tasks/08-11-bar-window-dirty-present/implement.md@; lines=+- 主按钮直拖激活时，Bar 回调必须返回 `Idle`，不能用条件变量阻塞共享调度线程；直接 `SetWindowPos` 与 ULW 提交必须持有同一几何锁 | +| Bar HWND 直移 | Bar 返回 `Idle` 且不阻塞共享线程；PPT 请求继续处理，退出直拖后重新请求 Bar 完整呈现 | | +正常呈现时，Bar 的几何提交由渲染线程内的 ULW 事务单独负责。主按钮捕获是唯一例外：拖动期间暂停 Bar 客户端续帧，输入线程使用 `SetWindowP; product=Inkeys/Inkeys/UI/Bar/Bar.Interaction.cpp@double BarUISetClass::Seek(const ExMessage& msg), Inkeys/Inkeys/UI/Bar/Bar.Interaction.cpp@double BarUISetClass::Seek(const ExMessage& msg), Inkeys/Inkeys/UI/Bar/Bar.Main.cppm@module;, Inkeys/Inkeys/UI/Bar/Bar.Main.cppm@protected:; add=if (!offSignal) UpdateRendering(false);	实际补丁全文读取、变更符号/当前模块静态复核	H0 当前模块: Inkeys/Inkeys/UI/Bar/Bar.Interaction.cpp, Inkeys/Inkeys/UI/Bar/Bar.Main.cppm；旧 Bar.Main 实现后续拆至 Bar.RenderLoop/Interaction/Rendering	已审静态补丁；运行行为未验证		静态源码映射；未运行该历史提交	fix(ui3): finalize direct bar drag recovery
d3250e053423c2da67396f97009d16d8bc84e983	12a3be1af789e9bc1aa8d83c02c3bb6a351e8f34	2026-08-13T08:49:09+08:00	2026-08-13T08:49:09+08:00	bugfix/animation bugfix/eraser bugfix/pptui bugfix/settingui chore/publish dev draw feature/cursor feature/recognition feature/ui3-i18n fluent origin/bugfix/eraser origin/dev origin/feature/recognition origin/fluent origin/theme theme	yes	H0 reachable	code+project	.trellis/spec/native-desktop, .trellis/spec/ppt-interop, .trellis/tasks/08-01-render-pipeline-refactor, .trellis/tasks/08-12-pptcom-ui3-multi-window-rendering, Inkeys/IdtD2DPreparation.cpp, Inkeys/IdtD2DPreparation.h, Inkeys/IdtDrawpad.cpp, Inkeys/IdtMagnification.cpp, Inkeys/IdtMain.cpp, Inkeys/IdtPlug-in.cpp, Inkeys/IdtPlug-in.h, Inkeys/Inkeys.vcxproj	p1:cfe7a0508240/393051; files=38 +3169/-4125; hunks=.trellis/spec/native-desktop/index.md@PPT/WPS 的托管 COM 服务和原生边界另见 [../ppt-interop/index.md](../p, .trellis/spec/native-desktop/rendering-and-ui.md@, .trellis/spec/native-desktop/rendering-and-ui.md@, .trellis/spec/native-desktop/rendering-and-ui.md@; lines=+- D2DStarup 在 UI 分支选择前无条件创建 D3D11 WARP、D2D factory/device 和 DWrite 对象；UI3 Bar 与五 | +| `Inkeys.UI.Bar` | `【直接确认】` `IdtMain.cpp::wWinMain` 无条件启动 UI3；不存在 UI2/UI3 运行时分支 | +| PPT 控件 | `【直接确认】` UI3 五个独立 owned layered HWND | 与 Bar 共享 D3D11/D2D 1.1 device ; product=Inkeys/IdtD2DPreparation.cpp@bool CommitPreparedUi3RenderBackend(), Inkeys/IdtD2DPreparation.h@bool CommitPreparedUi3RenderBackend();, Inkeys/IdtDrawpad.cpp@import Inkeys.UI.Bar;, Inkeys/IdtDrawpad.cpp@LRESULT CALLBACK DrawpadHookCallback(int nCode, WPARAM wParam, LPARAM lParam); add=bool RecoverUi3RenderDevice() | Ui3RenderBackend backend = Ui3RenderBackend::Warp; | unsigned long long generation = 0;	实际补丁全文读取；调用/失败路径按高风险组复核，详见 findings 摘要；H0 项目编译入口复核	H0 当前模块: Inkeys/IdtDrawpad.cpp, Inkeys/IdtMagnification.cpp, Inkeys/IdtMain.cpp, Inkeys/IdtPlug-in.cpp, Inkeys/IdtPlug-in.h, Inkeys/Inkeys.vcxproj, Inkeys/Inkeys/Input/MouseHook.cpp, Inkeys；旧 Bar.Main 实现后续拆至 Bar.RenderLoop/Interaction/Rendering；注意 H0 Inkeys.vcxproj:895 将旧 IdtDrawpad.cpp 列 None，:905 编译 IdtDrawpadFacade.cpp；旧文件的 hook/RTS 不属生产路径	已审静态补丁；运行行为未验证		H0 当前路径静态复核；真机/性能/Win7 由专项验证	feat(ui3): migrate ppt controls to shared scheduler
12a3be1af789e9bc1aa8d83c02c3bb6a351e8f34	ba7ee1451863ef7f19f15b753dc6e79bb64fb18a	2026-08-12T22:20:52+08:00	2026-08-12T22:20:52+08:00	bugfix/animation bugfix/eraser bugfix/pptui bugfix/settingui chore/publish dev draw feature/cursor feature/recognition feature/ui3-i18n fluent origin/bugfix/eraser origin/dev origin/feature/recognition origin/fluent origin/theme theme	yes	H0 reachable	code	Inkeys/Inkeys/UI, InkeysHeadlessTests/window_geometry_tests.cpp	p1:e85616d63bfe/23105; files=6 +429/-51; hunks=Inkeys/Inkeys/UI/Bar/Bar.Animation.cppm@export, Inkeys/Inkeys/UI/Bar/Bar.Interaction.cpp@double BarUISetClass::Seek(const ExMessage& msg), Inkeys/Inkeys/UI/Bar/Bar.Interaction.cpp@double BarUISetClass::Seek(const ExMessage& msg), Inkeys/Inkeys/UI/Bar/Bar.Interaction.cpp@double BarUISetClass::Seek(const ExMessage& msg); lines=+struct BarUiCurveExtremaClass | +{ | +double minimum = 0.0;; product=Inkeys/Inkeys/UI/Bar/Bar.Animation.cppm@export, Inkeys/Inkeys/UI/Bar/Bar.Interaction.cpp@double BarUISetClass::Seek(const ExMessage& msg), Inkeys/Inkeys/UI/Bar/Bar.Interaction.cpp@double BarUISetClass::Seek(const ExMessage& msg), Inkeys/Inkeys/UI/Bar/Bar.Interaction.cpp@double BarUISetClass::Seek(const ExMessage& msg); add=struct BarUiCurveExtremaClass | double minimum = 0.0; | double maximum = 1.0;	实际补丁全文读取；调用/失败路径按高风险组复核，详见 findings 摘要	H0 当前模块: Inkeys/Inkeys/UI/Bar/Bar.Animation.cppm, Inkeys/Inkeys/UI/Bar/Bar.Interaction.cpp, Inkeys/Inkeys/UI/Bar/Bar.Main.cppm, Inkeys/Inkeys/UI/Bar/Bar.RenderLoop.cpp, Inkeys/Inkeys/UI/Bar；旧 Bar.Main 实现后续拆至 Bar.RenderLoop/Interaction/Rendering	已审静态补丁；运行行为未验证		H0 当前路径静态复核；真机/性能/Win7 由专项验证	fix(ui3): tighten bar viewport and direct drag
ba7ee1451863ef7f19f15b753dc6e79bb64fb18a	faadc71db7b0a8ff9e8129a82f43ee52b1fd45f8	2026-08-12T20:14:26+08:00	2026-08-12T20:14:26+08:00	bugfix/animation bugfix/eraser bugfix/pptui bugfix/settingui chore/publish dev draw feature/cursor feature/recognition feature/ui3-i18n fluent origin/bugfix/eraser origin/dev origin/feature/recognition origin/fluent origin/theme theme	yes	H0 reachable	code+project	.trellis/spec/native-desktop, .trellis/tasks/08-11-bar-window-dirty-present, Inkeys/IdtMain.cpp, Inkeys/Inkeys/UI, InkeysHeadlessTests/InkeysHeadlessTests.vcxproj, InkeysHeadlessTests/animation_tests.cpp, InkeysHeadlessTests/dirty_region_tests.cpp, InkeysHeadlessTests/window_geometry_tests.cpp	p1:dc4fd4fbb87e/91435; files=19 +1114/-215; hunks=.trellis/spec/native-desktop/rendering-and-ui.md@clock.Rebase();, .trellis/spec/native-desktop/rendering-and-ui.md@BarDebugDamageResolution ResolveBarDebugDamage(, .trellis/spec/native-desktop/rendering-and-ui.md@void SetDebugOptions(bool enable, bool showFrameRate);, .trellis/spec/native-desktop/rendering-and-ui.md@void SetDebugOptions(bool enable, bool showFrameRate);; lines=+修改 UI3 Bar 的动画推进、动态 HWND、输入坐标、自绘控件、动态光、调试覆盖层、D2D dirty clip 或 `UpdateLayeredWind | +bool debugEnabled, | +bool finalIdleFrame = false) noexcept;; product=Inkeys/IdtMain.cpp@int WINAPI wWinMain(HINSTANCE /*hInstance*/, HINSTANCE /*hPrevInstance*/, LPWSTR, Inkeys/IdtMain.cpp@int WINAPI wWinMain(HINSTANCE /*hInstance*/, HINSTANCE /*hPrevInstance*/, LPWSTR, Inkeys/Inkeys/UI/Bar/Bar.DirtyRegion.h@namespace Inkeys::UI::Bar, Inkeys/Inkeys/UI/Bar/Bar.DirtyRegion.h@namespace Inkeys::UI::Bar; add=if (role == Inkeys::Window::WindowRole::PptControls) | else if (role == Inkeys::Window::WindowRole::Bar) | spec.messageCallback = [](HWND hwnd, UINT message,	实际补丁全文读取；调用/失败路径按高风险组复核，详见 findings 摘要	H0 当前模块: Inkeys/IdtMain.cpp, Inkeys/Inkeys/UI/Bar/Bar.DirtyRegion.h, Inkeys/Inkeys/UI/Bar/Bar.FramePacing.cppm, Inkeys/Inkeys/UI/Bar/Bar.Initialization.cpp, Inkeys/Inkeys/UI/Bar/Bar.Interac；旧 Bar.Main 实现后续拆至 Bar.RenderLoop/Interaction/Rendering	已审静态补丁；运行行为未验证		H0 当前路径静态复核；真机/性能/Win7 由专项验证	feat(ui3): add dynamic bar window viewport
faadc71db7b0a8ff9e8129a82f43ee52b1fd45f8	dfac2921d11ad3ca37505f1d1610d3459245dfc8	2026-08-12T18:02:51+08:00	2026-08-12T18:02:51+08:00	bugfix/animation bugfix/eraser bugfix/pptui bugfix/settingui chore/publish dev draw feature/cursor feature/recognition feature/ui3-i18n fluent origin/bugfix/eraser origin/dev origin/feature/recognition origin/fluent origin/theme theme	yes	H0 reachable	code	.trellis/spec/native-desktop, .trellis/tasks/archive, Inkeys/Inkeys/UI, InkeysHeadlessTests/toggle_click_coalescer_tests.cpp	p1:6433aa0c2614/4128; files=4 +13/-13; hunks=.trellis/spec/native-desktop/rendering-and-ui.md@shape.frameCursorLightIntensityScale = buttonIntensity;, .trellis/spec/native-desktop/rendering-and-ui.md@shape.frameCursorLightIntensityScale = buttonIntensity;, .trellis/tasks/archive/2026-08/08-12-ui3-toggle-click-coalescing/prd.md@, .trellis/tasks/archive/2026-08/08-12-ui3-toggle-click-coalescing/prd.md@; lines=+- `BarToggleClickCoalescer::TryBegin(channel, now)` 对每个 `BarToggleChannel` 独立记录最 | +- Headless 测试必须覆盖首次立即执行、299ms 合并、300ms 边界通过和不同通道互不阻塞；按钮调用点另以静态审查和完整 Solution 构建确 | +1. 使用 300ms 作为点击合并窗口，以覆盖触摸误双击；同一展开动作在首次成功执行后，窗口内的后续 toggle 不再执行。; product=Inkeys/Inkeys/UI/Bar/Bar.ToggleClickCoalescer.cppm@export namespace Inkeys::UI::Bar, InkeysHeadlessTests/toggle_click_coalescer_tests.cpp@namespace, InkeysHeadlessTests/toggle_click_coalescer_tests.cpp@namespace, InkeysHeadlessTests/toggle_click_coalescer_tests.cpp@namespace; add=Duration mergeWindow = std::chrono::milliseconds(300)) noexcept | BarToggleClickCoalescer coalescer(300ms); | Check(!coalescer.TryBegin(BarToggleChannel::Main, start + 299ms),	实际补丁全文读取、变更符号/当前模块静态复核	H0 当前模块: Inkeys/Inkeys/UI/Bar/Bar.ToggleClickCoalescer.cppm, InkeysHeadlessTests/toggle_click_coalescer_tests.cpp	已审静态补丁；运行行为未验证		静态源码映射；未运行该历史提交	fix: extend ui3 toggle coalescing window
dfac2921d11ad3ca37505f1d1610d3459245dfc8	7be7baffda2f19d693e0f48c8e52e41c890ae06d	2026-08-12T17:02:34+08:00	2026-08-12T17:02:34+08:00	bugfix/animation bugfix/eraser bugfix/pptui bugfix/settingui chore/publish dev draw feature/cursor feature/recognition feature/ui3-i18n fluent origin/bugfix/eraser origin/dev origin/feature/recognition origin/fluent origin/theme theme	yes	H0 reachable	docs	.trellis/workspace/AlanCRL	p1:22f71b735bed/1257; files=2 +24/-2; hunks=.trellis/workspace/AlanCRL/index.md@, .trellis/workspace/AlanCRL/index.md@, .trellis/workspace/AlanCRL/index.md@, .trellis/workspace/AlanCRL/journal-1.md@Bar/PPT 仅在应用级 HiMsg callback 中过滤系统触摸兼容鼠标，保; lines=+- **Total Sessions**: 25 | +| `journal-1.md` | ~651 | Active | | +| 25 | 2026-08-12 | UI3 展开按钮点击合并 | `b43dc640` | `draw` |; product=none	补丁全文读取；文档/任务状态简审	H0 文档/任务记录：bugfix/animation, bugfix/eraser	不适用（无产品可执行代码改动）		静态文件差异；无需运行验证	chore: record journal
7be7baffda2f19d693e0f48c8e52e41c890ae06d	b43dc640dad935a13fc4adf0ad886bd6d2e42b17	2026-08-12T17:02:17+08:00	2026-08-12T17:02:17+08:00	bugfix/animation bugfix/eraser bugfix/pptui bugfix/settingui chore/publish dev draw feature/cursor feature/recognition feature/ui3-i18n fluent origin/bugfix/eraser origin/dev origin/feature/recognition origin/fluent origin/theme theme	yes	H0 reachable	docs	.trellis/tasks/archive	"p1:c2c68b8a4351/1641; files=4 +2/-2; hunks=.trellis/tasks/archive/2026-08/08-12-ui3-toggle-click-coalescing/task.json@, .trellis/tasks/archive/2026-08/08-12-ui3-toggle-click-coalescing/task.json@; lines=+""status"": ""completed"", | +""completedAt"": ""2026-08-12"",; product=none"	补丁全文读取；文档/任务状态简审	H0 文档/任务记录：bugfix/animation, bugfix/eraser	不适用（无产品可执行代码改动）		静态文件差异；无需运行验证	chore(task): archive 08-12-ui3-toggle-click-coalescing
b43dc640dad935a13fc4adf0ad886bd6d2e42b17	7f3c1a2c42e63275cd894466b7fd32e963dde942	2026-08-12T17:01:40+08:00	2026-08-12T17:01:40+08:00	bugfix/animation bugfix/eraser bugfix/pptui bugfix/settingui chore/publish dev draw feature/cursor feature/recognition feature/ui3-i18n fluent origin/bugfix/eraser origin/dev origin/feature/recognition origin/fluent origin/theme theme	yes	H0 reachable	code+project	.trellis/spec/native-desktop, .trellis/tasks/08-12-ui3-toggle-click-coalescing, Inkeys/Inkeys.vcxproj, Inkeys/Inkeys.vcxproj.filters, Inkeys/Inkeys/UI, InkeysHeadlessTests/InkeysHeadlessTests.vcxproj, InkeysHeadlessTests/animation_tests.cpp, InkeysHeadlessTests/toggle_click_coalescer_tests.cpp	"p1:5d4fa5b02e01/17417; files=14 +281/-20; hunks=.trellis/spec/native-desktop/rendering-and-ui.md@shape.frameCursorLightIntensityScale = buttonIntensity;, .trellis/tasks/08-12-ui3-toggle-click-coalescing/check.jsonl@, .trellis/tasks/08-12-ui3-toggle-click-coalescing/implement.jsonl@, .trellis/tasks/08-12-ui3-toggle-click-coalescing/prd.md@; lines=+### UI3 展开按钮点击合并合同 | +- `BarToggleClickCoalescer::TryBegin(channel, now)` 对每个 `BarToggleChannel` 独立记录最 | +- 门控只能放在业务代码已经确定本次操作是展开/收起之后。绘制和几何按钮不在目标工具状态时，第一击只切换工具且不得写入门控；已经处于目标工具时，再由 DrawA; product=Inkeys/Inkeys.vcxproj@, Inkeys/Inkeys/UI/Bar/Bar.Button.cpp@using Inkeys::Business::ExecuteBuiltInComponentAction;, Inkeys/Inkeys/UI/Bar/Bar.Button.cpp@void BarButtonSetClass::PresetInitialization(), Inkeys/Inkeys/UI/Bar/Bar.Button.cpp@void BarButtonSetClass::PresetInitialization(); add=<ClCompile Include=""Inkeys\UI\Bar\Bar.ToggleClickCoalescer.cppm"" /> | using Inkeys::UI::Bar::BarToggleChannel; | if (!barUISet.TryBeginToggle("	实际补丁全文读取、变更符号/当前模块静态复核	H0 当前模块: Inkeys/Inkeys.vcxproj, Inkeys/Inkeys/UI/Bar/Bar.Button.cpp, Inkeys/Inkeys/UI/Bar/Bar.Interaction.cpp, Inkeys/Inkeys/UI/Bar/Bar.Main.cppm, Inkeys/Inkeys/UI/Bar/Bar.ToggleClickCoales；旧 Bar.Main 实现后续拆至 Bar.RenderLoop/Interaction/Rendering	已审静态补丁；运行行为未验证		静态源码映射；未运行该历史提交	fix: coalesce ui3 panel toggle clicks
7f3c1a2c42e63275cd894466b7fd32e963dde942	664ab92e82062723a59d571cace9cd0b749d5b98	2026-08-12T16:18:14+08:00	2026-08-12T16:18:14+08:00	bugfix/animation bugfix/eraser bugfix/pptui bugfix/settingui chore/publish dev draw feature/cursor feature/recognition feature/ui3-i18n fluent origin/bugfix/eraser origin/dev origin/feature/recognition origin/fluent origin/theme theme	yes	H0 reachable	docs	.trellis/workspace/AlanCRL	p1:87dc3297c85a/1395; files=2 +25/-2; hunks=.trellis/workspace/AlanCRL/index.md@, .trellis/workspace/AlanCRL/index.md@, .trellis/workspace/AlanCRL/index.md@, .trellis/workspace/AlanCRL/journal-1.md@UI3 成为唯一入口；移除 HiEasyX/EasyX，引入 HiMsg 子模块、DibSurf; lines=+- **Total Sessions**: 24 | +| `journal-1.md` | ~630 | Active | | +| 24 | 2026-08-12 | 修复触摸重复转译与 Setting 窗口合同 | `664ab92`, `e7f42dc` | `draw` |; product=none	补丁全文读取；文档/任务状态简审	H0 文档/任务记录：bugfix/animation, bugfix/eraser	不适用（无产品可执行代码改动）		静态文件差异；无需运行验证	chore: record journal
664ab92e82062723a59d571cace9cd0b749d5b98	bff97774994283e8791fda1e2917c80a9a3ff2d4	2026-08-12T16:17:53+08:00	2026-08-12T16:17:53+08:00	bugfix/animation bugfix/eraser bugfix/pptui bugfix/settingui chore/publish dev draw feature/cursor feature/recognition feature/ui3-i18n fluent origin/bugfix/eraser origin/dev origin/feature/recognition origin/fluent origin/theme theme	yes	H0 reachable	code	.trellis/spec/native-desktop, Inkeys/IdtMain.cpp, Inkeys/IdtPlug-in.cpp, Inkeys/Inkeys/Message, Inkeys/Inkeys/UI, Inkeys/Inkeys/Window, Inkeys/additional/HiMsg, InkeysHeadlessTests/message_tests.cpp, InkeysHeadlessTests/window_tests.cpp	p1:d7430bcee48e/12029; files=12 +144/-22; hunks=.trellis/spec/native-desktop/rendering-and-ui.md@, .trellis/spec/native-desktop/rendering-and-ui.md@Graphics::DibSurface::pixels() -> std::span<std::uint32_t>;, .trellis/spec/native-desktop/rendering-and-ui.md@Graphics::DibSurface::pixels() -> std::span<std::uint32_t>;, .trellis/spec/native-desktop/rendering-and-ui.md@Graphics::DibSurface::pixels() -> std::span<std::uint32_t>;; lines=+# Rendering and UI | +- Setting owner 必须为 null，style 固定为 `WS_POPUP | WS_CLIPCHILDREN`，不得包含 caption/thi | +- HiMsg 默认接受 Win32 系统生成的触摸兼容 mouse；这是公共库行为。只有已经自行处理 `WM_TOUCH` 并合成单指输入的 Inkeys B; product=Inkeys/IdtMain.cpp@import Inkeys.Other.Config;, Inkeys/IdtMain.cpp@int WINAPI wWinMain(HINSTANCE /*hInstance*/, HINSTANCE /*hPrevInstance*/, LPWSTR, Inkeys/IdtMain.cpp@int WINAPI wWinMain(HINSTANCE /*hInstance*/, HINSTANCE /*hPrevInstance*/, LPWSTR, Inkeys/IdtPlug-in.cpp@; add=import Inkeys.Message; | if (role == Inkeys::Window::WindowRole::PptControls || | role == Inkeys::Window::WindowRole::Bar)	实际补丁全文读取；调用/失败路径按高风险组复核，详见 findings 摘要	H0 当前模块: Inkeys/IdtMain.cpp, Inkeys/IdtPlug-in.cpp, Inkeys/Inkeys/Message/Message.cpp, Inkeys/Inkeys/Message/Message.cppm, Inkeys/Inkeys/UI/Bar/Bar.Interaction.cpp, Inkeys/Inkeys/UI/Setting	已审静态补丁；运行行为未验证		H0 当前路径静态复核；真机/性能/Win7 由专项验证	fix: deduplicate translated touch input
bff97774994283e8791fda1e2917c80a9a3ff2d4	5fcd78de84ba9500f70c3a020942bd00e78ea8d3	2026-08-12T14:50:03+08:00	2026-08-12T14:50:03+08:00	bugfix/animation bugfix/eraser bugfix/pptui bugfix/settingui chore/publish dev draw feature/cursor feature/recognition feature/ui3-i18n fluent origin/bugfix/eraser origin/dev origin/feature/recognition origin/fluent origin/theme theme	yes	H0 reachable	docs	.trellis/workspace/AlanCRL	p1:be9588107435/1306; files=2 +25/-3; hunks=.trellis/workspace/AlanCRL/index.md@, .trellis/workspace/AlanCRL/index.md@, .trellis/workspace/AlanCRL/index.md@, .trellis/workspace/AlanCRL/journal-1.md@Implemented the UI3 geometry panel and toolbar refinements: swapped Ge; lines=+- **Total Sessions**: 23 | +- **Last Active**: 2026-08-12 | +| `journal-1.md` | ~608 | Active |; product=none	补丁全文读取；文档/任务状态简审	H0 文档/任务记录：bugfix/animation, bugfix/eraser	不适用（无产品可执行代码改动）		静态文件差异；无需运行验证	chore: record journal
5fcd78de84ba9500f70c3a020942bd00e78ea8d3	41535eaf83b9da38389f0085c044963bb599a1e9	2026-08-12T14:49:19+08:00	2026-08-12T14:49:19+08:00	bugfix/animation bugfix/eraser bugfix/pptui bugfix/settingui chore/publish dev draw feature/cursor feature/recognition feature/ui3-i18n fluent origin/bugfix/eraser origin/dev origin/feature/recognition origin/fluent origin/theme theme	yes	H0 reachable	docs	.trellis/tasks/archive	"p1:986e97405f3f/2199; files=6 +3/-3; hunks=.trellis/tasks/archive/2026-08/08-12-ui3-draw3-win32-himsg/task.json@, .trellis/tasks/archive/2026-08/08-12-ui3-draw3-win32-himsg/task.json@, .trellis/tasks/archive/2026-08/08-12-ui3-draw3-win32-himsg/task.json@; lines=+""status"": ""completed"", | +""completedAt"": ""2026-08-12"", | +}; product=none"	补丁全文读取；文档/任务状态简审	H0 文档/任务记录：bugfix/animation, bugfix/eraser	不适用（无产品可执行代码改动）		静态文件差异；无需运行验证	chore(task): archive ui3 draw3 win32 himsg
41535eaf83b9da38389f0085c044963bb599a1e9	21fb5a219ee67be8e71d9dea9fc5fd9774884200	2026-08-12T14:47:31+08:00	2026-08-12T14:47:31+08:00	bugfix/animation bugfix/eraser bugfix/pptui bugfix/settingui chore/publish dev draw feature/cursor feature/recognition feature/ui3-i18n fluent origin/bugfix/eraser origin/dev origin/feature/recognition origin/fluent origin/theme theme	yes	H0 reachable	dependency	.gitmodules, .trellis/spec/native-desktop, .trellis/tasks/08-01-render-pipeline-refactor, .trellis/tasks/08-12-ui3-draw3-win32-himsg, Inkeys/HiEasyX.h, Inkeys/HiEasyX/HiCanvas.cpp, Inkeys/HiEasyX/HiCanvas.h, Inkeys/HiEasyX/HiContainer.cpp, Inkeys/HiEasyX/HiContainer.h, Inkeys/HiEasyX/HiDef.h, Inkeys/HiEasyX/HiDrawingProperty.cpp, Inkeys/HiEasyX/HiDrawingProperty.h	"p1:3b939f3ce354/1219056; files=142 +4286/-16569 binary; hunks=.gitmodules@, .trellis/spec/native-desktop/build-and-compatibility.md@MSBuild.exe InkeysRepo.sln /p:Configuration=Debug /p:Platform=ARM64, .trellis/spec/native-desktop/configuration-i18n-and-assets.md@, .trellis/spec/native-desktop/configuration-i18n-and-assets.md@SetDebugOptions(config.Debug.Enable, config.Debug.ShowFrameRate);; lines=+[submodule ""HiMsg""] | +path = Inkeys/additional/HiMsg | +url = https://github.com/Alan-CRL/HiMsg.git; product=Inkeys/HiEasyX.h@, Inkeys/IdtConfiguration.cpp@bool ReadSetting(), Inkeys/IdtConfiguration.cpp@bool WriteSetting(), Inkeys/IdtConfiguration.cpp@bool WriteSetting(); add=if (setlistVal.isMember(""Experimental"") && setlistVal[""Experimental""].isObject() | && setlistVal[""Experimental""].isMember(""Inkeys3"") | && setlistVal[""Experimental""][""Inkeys3""].isObject())"	实际补丁全文读取；调用/失败路径按高风险组复核，详见 findings 摘要；H0 项目编译入口复核	H0 当前模块: Inkeys/IdtConfiguration.cpp, Inkeys/IdtConfiguration.h, Inkeys/IdtDraw.cpp, Inkeys/IdtDraw.h, Inkeys/IdtDrawpad.cpp, Inkeys/IdtDrawpad.h, Inkeys/IdtFreezeFrame.cpp, Inkeys/IdtHisto；旧 Bar.Main 实现后续拆至 Bar.RenderLoop/Interaction/Rendering；注意 H0 Inkeys.vcxproj:895 将旧 IdtDrawpad.cpp 列 None，:905 编译 IdtDrawpadFacade.cpp；旧文件的 hook/RTS 不属生产路径	已审静态补丁；运行行为未验证		H0 当前路径静态复核；真机/性能/Win7 由专项验证	refactor: prepare ui3 draw3 window host
21fb5a219ee67be8e71d9dea9fc5fd9774884200	979a58c6832a8fdc2ed0988b3d7faa250acf3e44	2026-08-11T21:57:18+08:00	2026-08-11T21:57:18+08:00	bugfix/animation bugfix/eraser bugfix/pptui bugfix/settingui chore/publish dev draw feature/cursor feature/recognition feature/ui3-i18n fluent origin/bugfix/eraser origin/dev origin/feature/recognition origin/fluent origin/theme theme	yes	H0 reachable	docs	.trellis/workspace/AlanCRL	p1:57ef0fa6b392/1290; files=2 +24/-2; hunks=.trellis/workspace/AlanCRL/index.md@, .trellis/workspace/AlanCRL/index.md@, .trellis/workspace/AlanCRL/index.md@, .trellis/workspace/AlanCRL/journal-1.md@Implemented the UI3 geometry panel and toolbar refinements: swapped Ge; lines=+- **Total Sessions**: 22 | +| `journal-1.md` | ~587 | Active | | +| 22 | 2026-08-11 | 修复 UI3 功能组脏区漏算 | `caf624e9` | `draw` |; product=none	补丁全文读取；文档/任务状态简审	H0 文档/任务记录：bugfix/animation, bugfix/eraser	不适用（无产品可执行代码改动）		静态文件差异；无需运行验证	chore: record journal
979a58c6832a8fdc2ed0988b3d7faa250acf3e44	caf624e9ca6ec87b12c3b8010fc8d2ee4b79cfb3	2026-08-11T21:56:54+08:00	2026-08-11T21:56:54+08:00	bugfix/animation bugfix/eraser bugfix/pptui bugfix/settingui chore/publish dev draw feature/cursor feature/recognition feature/ui3-i18n fluent origin/bugfix/eraser origin/dev origin/feature/recognition origin/fluent origin/theme theme	yes	H0 reachable	docs	.trellis/tasks/archive	"p1:40bddaa26fa9/4158; files=5 +10/-2; hunks=.trellis/tasks/archive/2026-08/08-11-ui3-animation-dirty-region/check.jsonl@, .trellis/tasks/archive/2026-08/08-11-ui3-animation-dirty-region/design.md@Tracker 每帧接收：窗口边界、稳定视觉键对应的当前边界、变, .trellis/tasks/archive/2026-08/08-11-ui3-animation-dirty-region/implement.jsonl@, .trellis/tasks/archive/2026-08/08-11-ui3-animation-dirty-region/implement.md@; lines=+{""file"":"".trellis/spec/native-desktop/index.md"",""reason"":""原生桌面质量检查入口""} | +{""file"":"".trellis/spec/native-desktop/rendering-and-ui.md"",""reason"":""验证脏区事务、旧新边界 | +{""file"":"".trellis/spec/native-desktop/build-and-compatibility.md"",""reason"":""完整 S; product=none"	补丁全文读取；文档/任务状态简审	H0 文档/任务记录：bugfix/animation, bugfix/eraser	不适用（无产品可执行代码改动）		静态文件差异；无需运行验证	chore(task): archive 08-11-ui3-animation-dirty-region
caf624e9ca6ec87b12c3b8010fc8d2ee4b79cfb3	3cc800592689c39ba4fb6293232e4acc83b8a5ad	2026-08-11T21:54:56+08:00	2026-08-11T21:54:56+08:00	bugfix/animation bugfix/eraser bugfix/pptui bugfix/settingui chore/publish dev draw feature/cursor feature/recognition feature/ui3-i18n fluent origin/bugfix/eraser origin/dev origin/feature/recognition origin/fluent origin/theme theme	yes	H0 reachable	code	.trellis/spec/native-desktop, Inkeys/Inkeys/UI, InkeysHeadlessTests/dirty_region_tests.cpp	p1:0f0fff08e6c3/5948; files=3 +83/-1; hunks=.trellis/spec/native-desktop/rendering-and-ui.md@void SetDebugOptions(bool enable, bool showFrameRate);, .trellis/spec/native-desktop/rendering-and-ui.md@void SetDebugOptions(bool enable, bool showFrameRate);, .trellis/spec/native-desktop/rendering-and-ui.md@void SetDebugOptions(bool enable, bool showFrameRate);, .trellis/spec/native-desktop/rendering-and-ui.md@void SetDebugOptions(bool enable, bool showFrameRate);; lines=+- 使用显式 D2D pivot/scale 变换绘制的内容，damage 必须用同一变换解析实际呈现边界；仅在绘制阶段调用 `Inherit` 的子视觉必须在 | +| 更多/绘制属性快速交替后主栏立即收缩 | Main/More 组先同步本帧按钮组合坐标，再把成功呈现的旧组边界与当前新组边界合并；最左旧像素不得漏算 | | +- Bad：先用上一帧的按钮继承坐标提交功能组，再在绘制阶段更新 `state.current`；当前帧清除和 ULW 已经使用较窄 dirty，旧边缘仍会暂留; product=Inkeys/Inkeys/UI/Bar/Bar.RenderLoop.cpp@IncludeShapeBounds(state.shapeMap[, InkeysHeadlessTests/dirty_region_tests.cpp@namespace, InkeysHeadlessTests/dirty_region_tests.cpp@int RunDirtyRegionTests(); add=auto SyncRegisteredButtonPresentedBounds = | [&](BarButtonClass* button) | if (!button) return;	实际补丁全文读取、变更符号/当前模块静态复核	H0 当前模块: Inkeys/Inkeys/UI/Bar/Bar.RenderLoop.cpp, InkeysHeadlessTests/dirty_region_tests.cpp	已审静态补丁；运行行为未验证		静态源码映射；未运行该历史提交	fix: synchronize Bar group bounds before damage resolution
3cc800592689c39ba4fb6293232e4acc83b8a5ad	3fbeee1b0b59e95e131493532b978e151083ddf4 043b495b94213ccb6b362ab1a4c6d5d03ff7cd06	2026-08-11T20:31:42+08:00	2026-08-11T20:31:42+08:00	bugfix/animation bugfix/eraser bugfix/pptui bugfix/settingui chore/publish dev draw feature/cursor feature/recognition feature/ui3-i18n fluent origin/bugfix/eraser origin/dev origin/feature/recognition origin/fluent origin/theme theme	yes	H0 reachable	merge	.agents, .codex, .gitignore, .zcode, Inkeys/IdtMain.h, Inkeys/Inkeys/Other, .trellis/tasks/08-11-bar-window-dirty-present	"p1:ddd17b6a0f17/701502; p2:8ddf4ece2a16/20192; files=115 +333/-15095; hunks=.agents/skills/trellis-before-dev/SKILL.md@, .agents/skills/trellis-brainstorm/SKILL.md@, .agents/skills/trellis-break-loop/SKILL.md@, .agents/skills/trellis-channel/SKILL.md@; lines=+# Agents | +/.agents/ | +/.codex/; product=Inkeys/IdtMain.h@, Inkeys/Inkeys/Other/Other.Config.cppm@GROUP(UI, \; add=X(ConfigUploadMode::NoUpload, ""NaN"", IdtAtomic<bool>, Dynamic, false) \"	每父实际补丁+combined diff；冲突解决核对	H0 合并节点；产品路径: Inkeys/IdtMain.h, Inkeys/Inkeys/Other/Other.Config.cppm	已审静态集成差异；运行未验证		仅静态；combined diff 检查见 findings	Merge branch 'dev' into feature/animation
043b495b94213ccb6b362ab1a4c6d5d03ff7cd06	d078b9df039f57d7626a55bd20fb74f65863d2e8	2026-08-11T19:39:20+08:00	2026-08-11T19:39:20+08:00	bugfix/animation bugfix/eraser bugfix/pptui bugfix/settingui chore/publish dev draw feature/cursor feature/recognition feature/ui3-i18n fluent origin/bugfix/eraser origin/canary origin/dev origin/feature/recognition origin/fluent origin/theme theme	yes	H0 reachable	code	Inkeys/Inkeys/Other	"p1:1238d2d09dcf/394; files=1 +1/-1; hunks=Inkeys/Inkeys/Other/Other.Config.cppm@GROUP(UI, \; lines=+X(ConfigUploadMode::NoUpload, ""NaN"", IdtAtomic<bool>, Dynamic, false) \; product=Inkeys/Inkeys/Other/Other.Config.cppm@GROUP(UI, \; add=X(ConfigUploadMode::NoUpload, ""NaN"", IdtAtomic<bool>, Dynamic, false) \"	实际补丁全文读取、变更符号/当前模块静态复核	H0 当前模块: Inkeys/Inkeys/Other/Other.Config.cppm	已审静态补丁；运行行为未验证		静态源码映射；未运行该历史提交	20260811 1939 update
d078b9df039f57d7626a55bd20fb74f65863d2e8	ba418564fadd9352f25cd457c0250ed7d5ce129f	2026-08-11T19:27:35+08:00	2026-08-11T19:27:35+08:00	bugfix/animation bugfix/eraser bugfix/pptui bugfix/settingui chore/publish dev draw feature/cursor feature/recognition feature/ui3-i18n fluent origin/bugfix/eraser origin/canary origin/dev origin/feature/recognition origin/fluent origin/theme theme	yes	H0 reachable	code	.agents, .codex, .gitignore, .zcode, Inkeys/IdtMain.h	p1:c047537f61a5/701108; files=108 +6/-15094; hunks=.agents/skills/trellis-before-dev/SKILL.md@, .agents/skills/trellis-brainstorm/SKILL.md@, .agents/skills/trellis-break-loop/SKILL.md@, .agents/skills/trellis-channel/SKILL.md@; lines=+# Agents | +/.agents/ | +/.codex/; product=Inkeys/IdtMain.h@	实际补丁全文读取、变更符号/当前模块静态复核	H0 当前模块: Inkeys/IdtMain.h	已审静态补丁；运行行为未验证		静态源码映射；未运行该历史提交	20260811 1927 update
ba418564fadd9352f25cd457c0250ed7d5ce129f	0da01f3e299d1cf56d96b84374e7a7f9406e71a8 a4801b38859ecbcabce688b3148f7ca485ab7101	2026-08-11T17:42:51+08:00	2026-08-11T17:42:51+08:00	bugfix/animation bugfix/eraser bugfix/pptui bugfix/settingui chore/publish dev draw feature/cursor feature/recognition feature/ui3-i18n fluent origin/bugfix/eraser origin/canary origin/dev origin/feature/recognition origin/fluent origin/theme theme	yes	H0 reachable	merge	.agents, .codex, .gitattributes, .gitignore, .trellis/.template-hashes.json, .trellis/.version, .trellis/config.yaml, .trellis/scripts/add_session.py, .trellis/scripts/common, .trellis/scripts/task.py, .trellis/spec/native-desktop, .trellis/spec/ppt-interop	"p1:4e2ac0703e91/2839669; p2:e3b0c44298fc/0; files=300 +48055/-9102 binary; hunks=.agents/skills/trellis-brainstorm/SKILL.md@description: ""Guides collaborative requirements discovery before imple, .agents/skills/trellis-brainstorm/SKILL.md@description: ""Guides collaborative requirements discovery before imple, .agents/skills/trellis-brainstorm/SKILL.md@Interview me relentlessly about every aspect of this plan until we rea, .agents/skills/trellis-brainstorm/SKILL.md@This is mandatory. Before asking the user a question, first check whet; lines=+## Non-Negotiable Planning Contract | +A request to build, implement, fix, refactor, or ""go ahead"" is not approval to l | +For every non-trivial task, the user must respond at least once after the initia; product=Inkeys/IdtAtomic.h@, Inkeys/IdtD2DPreparation.cpp@ComPtr<IDWriteFontCollection> dWriteFontCollection;, Inkeys/IdtD2DPreparation.cpp@HRESULT D2DStarup(), Inkeys/IdtD2DPreparation.cpp@HRESULT D2DStarup(); add=template <typename IdtAtomicT> | class IdtAtomic | static_assert(std::is_trivially_copyable_v<IdtAtomicT>,"	每父实际补丁+combined diff；冲突解决核对；H0 项目编译入口复核	H0 合并节点；产品路径: Inkeys/IdtAtomic.h, Inkeys/IdtD2DPreparation.cpp, Inkeys/IdtD2DPreparation.h, Inkeys/IdtDrawpad.cpp；注意 H0 Inkeys.vcxproj:895 将旧 IdtDrawpad.cpp 列 None，:905 编译 IdtDrawpadFacade.cpp；旧文件的 hook/RTS 不属生产路径	已审静态集成差异；运行未验证		仅静态；combined diff 检查见 findings	Merge pull request #206 from Alan-CRL/feature/animation
3fbeee1b0b59e95e131493532b978e151083ddf4	a4801b38859ecbcabce688b3148f7ca485ab7101	2026-08-11T19:06:02+08:00	2026-08-11T19:06:02+08:00	bugfix/animation bugfix/eraser bugfix/pptui bugfix/settingui chore/publish dev draw feature/cursor feature/recognition feature/ui3-i18n fluent origin/bugfix/eraser origin/dev origin/feature/recognition origin/fluent origin/theme theme	yes	H0 reachable	docs	.trellis/tasks/08-11-bar-window-dirty-present	"p1:8ddf4ece2a16/20192; files=6 +326/-0; hunks=.trellis/tasks/08-11-bar-window-dirty-present/check.jsonl@, .trellis/tasks/08-11-bar-window-dirty-present/design.md@, .trellis/tasks/08-11-bar-window-dirty-present/implement.jsonl@, .trellis/tasks/08-11-bar-window-dirty-present/implement.md@; lines=+{""_example"": ""Fill with {\""file\"": \""<path>\"", \""reason\"": \""<why>\""}. Put spec/ | +# Bar 非全屏 HWND 与脏区呈现优化：技术设计草案 | +> 状态：规划中。本文描述候选架构和保守默认值，不代表已批准实现。; product=none"	补丁全文读取；文档/任务状态简审	H0 文档/任务记录：bugfix/animation, bugfix/eraser	不适用（无产品可执行代码改动）		静态文件差异；无需运行验证	docs: plan bounded Bar window presentation
a4801b38859ecbcabce688b3148f7ca485ab7101	dedae9248c642ef0353ac0f896a6234e628de4ed	2026-08-11T16:21:59+08:00	2026-08-11T16:21:59+08:00	bugfix/animation bugfix/eraser bugfix/pptui bugfix/settingui chore/publish dev draw feature/cursor feature/recognition feature/ui3-i18n fluent origin/bugfix/eraser origin/canary origin/dev origin/feature/recognition origin/fluent origin/theme theme	yes	H0 reachable	docs	.trellis/workspace/AlanCRL	p1:d69120f24f1b/1441; files=2 +28/-2; hunks=.trellis/workspace/AlanCRL/index.md@, .trellis/workspace/AlanCRL/index.md@, .trellis/workspace/AlanCRL/index.md@, .trellis/workspace/AlanCRL/journal-1.md@Implemented the UI3 geometry panel and toolbar refinements: swapped Ge; lines=+- **Total Sessions**: 21 | +| `journal-1.md` | ~566 | Active | | +| 21 | 2026-08-11 | 完成 UI3 基于变化的脏区系统 | `963db5e5`, `506dd263`, `59cc6ee9`, `35c8; product=none	补丁全文读取；文档/任务状态简审	H0 文档/任务记录：bugfix/animation, bugfix/eraser	不适用（无产品可执行代码改动）		静态文件差异；无需运行验证	chore: record journal
dedae9248c642ef0353ac0f896a6234e628de4ed	38bd4f069b38ee50e8206cbaf31f02b67bc6d8ea	2026-08-11T16:21:34+08:00	2026-08-11T16:21:34+08:00	bugfix/animation bugfix/eraser bugfix/pptui bugfix/settingui chore/publish dev draw feature/cursor feature/recognition feature/ui3-i18n fluent origin/bugfix/eraser origin/canary origin/dev origin/feature/recognition origin/fluent origin/theme theme	yes	H0 reachable	docs	.trellis/tasks/archive	"p1:2c66e32c65a2/2281; files=6 +2/-2; hunks=.trellis/tasks/archive/2026-08/08-11-ui3-animation-dirty-region/task.json@, .trellis/tasks/archive/2026-08/08-11-ui3-animation-dirty-region/task.json@; lines=+""status"": ""completed"", | +""completedAt"": ""2026-08-11"",; product=none"	补丁全文读取；文档/任务状态简审	H0 文档/任务记录：bugfix/animation, bugfix/eraser	不适用（无产品可执行代码改动）		静态文件差异；无需运行验证	chore(task): archive 08-11-ui3-animation-dirty-region
38bd4f069b38ee50e8206cbaf31f02b67bc6d8ea	35c8e59ae8caa5661f9df6deb9c3d9ea2b1e82ce	2026-08-11T16:19:59+08:00	2026-08-11T16:19:59+08:00	bugfix/animation bugfix/eraser bugfix/pptui bugfix/settingui chore/publish dev draw feature/cursor feature/recognition feature/ui3-i18n fluent origin/bugfix/eraser origin/canary origin/dev origin/feature/recognition origin/fluent origin/theme theme	yes	H0 reachable	code	.trellis/spec/native-desktop, .trellis/tasks/08-11-ui3-animation-dirty-region, Inkeys/Inkeys/UI, InkeysHeadlessTests/frame_pacing_tests.cpp	p1:52039e1533b7/12738; files=7 +132/-20; hunks=.trellis/spec/native-desktop/rendering-and-ui.md@, .trellis/spec/native-desktop/rendering-and-ui.md@public:, .trellis/spec/native-desktop/rendering-and-ui.md@void SetDebugOptions(bool enable, bool showFrameRate);, .trellis/spec/native-desktop/rendering-and-ui.md@void SetDebugOptions(bool enable, bool showFrameRate);; lines=+﻿# Rendering and UI | +class DebugFrameSleepLatch | +{; product=Inkeys/Inkeys/UI/Bar/Bar.FramePacing.cppm@, Inkeys/Inkeys/UI/Bar/Bar.FramePacing.cppm@export namespace Inkeys::UI::Bar, Inkeys/Inkeys/UI/Bar/Bar.RenderLoop.cpp@struct BarRenderLoopState, Inkeys/Inkeys/UI/Bar/Bar.RenderLoop.cpp@struct BarRenderLoopState; add=锘縨odule; | class DebugFrameSleepLatch | public:	实际补丁全文读取、变更符号/当前模块静态复核	H0 当前模块: Inkeys/Inkeys/UI/Bar/Bar.FramePacing.cppm, Inkeys/Inkeys/UI/Bar/Bar.RenderLoop.cpp, InkeysHeadlessTests/frame_pacing_tests.cpp	已审静态补丁；运行行为未验证		静态源码映射；未运行该历史提交	fix(ui3): let debug frame rate sleep
35c8e59ae8caa5661f9df6deb9c3d9ea2b1e82ce	59cc6ee9dcf600d2ba783aa6ea330e5d6133aa91	2026-08-11T15:40:13+08:00	2026-08-11T15:40:13+08:00	bugfix/animation bugfix/eraser bugfix/pptui bugfix/settingui chore/publish dev draw feature/cursor feature/recognition feature/ui3-i18n fluent origin/bugfix/eraser origin/canary origin/dev origin/feature/recognition origin/fluent origin/theme theme	yes	H0 reachable	code	.trellis/spec/native-desktop, .trellis/tasks/08-11-ui3-animation-dirty-region, Inkeys/IdtMain.cpp, Inkeys/Inkeys/Other, Inkeys/Inkeys/UI, InkeysHeadlessTests/dirty_region_tests.cpp, InkeysHeadlessTests/frame_pacing_tests.cpp	p1:4b724ba77a74/28703; files=14 +341/-79; hunks=.trellis/spec/native-desktop/configuration-i18n-and-assets.md@, .trellis/spec/native-desktop/rendering-and-ui.md@BarDebugDamageResolution ResolveBarDebugDamage(, .trellis/spec/native-desktop/rendering-and-ui.md@BarDebugDamageResolution ResolveBarDebugDamage(, .trellis/spec/native-desktop/rendering-and-ui.md@BarDebugDamageResolution ResolveBarDebugDamage(; lines=+## UI3 脏区调试与帧率显示配置合同 | +### 1. Scope / Trigger | +修改 UI3 脏区红框、下方帧率文字、设置页实验室卡片或其启动同步时适用；传统 `IdtFloating` 不在此合同内。; product=Inkeys/IdtMain.cpp@int WINAPI wWinMain(HINSTANCE /*hInstance*/, HINSTANCE /*hPrevInstance*/, LPWSTR, Inkeys/Inkeys/Other/Other.Config.cppm@GROUP(UI, \, Inkeys/Inkeys/UI/Bar/Bar.FramePacing.cppm@module;, Inkeys/Inkeys/UI/Bar/Bar.FramePacing.cppm@export namespace Inkeys::UI::Bar; add=Inkeys::UI::Bar::SetDebugOptions( | config.Experimental.Inkeys3.UI3.Debug.Enable, | config.Experimental.Inkeys3.UI3.Debug.ShowFrameRate);	实际补丁全文读取、变更符号/当前模块静态复核	H0 当前模块: Inkeys/IdtMain.cpp, Inkeys/Inkeys/Other/Other.Config.cppm, Inkeys/Inkeys/UI/Bar/Bar.FramePacing.cppm, Inkeys/Inkeys/UI/Bar/Bar.Main.cpp, Inkeys/Inkeys/UI/Bar/Bar.Main.cppm, Inkeys/；旧 Bar.Main 实现后续拆至 Bar.RenderLoop/Interaction/Rendering	已审静态补丁；运行行为未验证		静态源码映射；未运行该历史提交	feat(ui3): add latched debug frame rates
59cc6ee9dcf600d2ba783aa6ea330e5d6133aa91	506dd2636b3271326c6480099813fea9bf7f9337	2026-08-11T15:02:35+08:00	2026-08-11T15:02:35+08:00	bugfix/animation bugfix/eraser bugfix/pptui bugfix/settingui chore/publish dev draw feature/cursor feature/recognition feature/ui3-i18n fluent origin/bugfix/eraser origin/canary origin/dev origin/feature/recognition origin/fluent origin/theme theme	yes	H0 reachable	code	.trellis/spec/native-desktop, .trellis/tasks/08-11-ui3-animation-dirty-region, Inkeys/Inkeys/UI, InkeysHeadlessTests/dirty_region_tests.cpp	p1:acc2ed700536/8598; files=7 +100/-3; hunks=.trellis/spec/native-desktop/rendering-and-ui.md@RECT ResolveBarLightBorderDamage(, .trellis/spec/native-desktop/rendering-and-ui.md@BarDebugDamageResolution ResolveBarDebugDamage(, .trellis/spec/native-desktop/rendering-and-ui.md@BarDebugDamageResolution ResolveBarDebugDamage(, .trellis/spec/native-desktop/rendering-and-ui.md@BarDebugDamageResolution ResolveBarDebugDamage(; lines=+RECT ResolveBarScaledDirtyBounds( | +double left, double top, double right, double bottom, | +double pivotX, double pivotY, double scale, double zoom,; product=Inkeys/Inkeys/UI/Bar/Bar.DirtyRegion.h@, Inkeys/Inkeys/UI/Bar/Bar.DirtyRegion.h@namespace Inkeys::UI::Bar, Inkeys/Inkeys/UI/Bar/Bar.RenderLoop.cpp@using Inkeys::UI::Bar::ResolveBarLightBorderDamage;, Inkeys/Inkeys/UI/Bar/Bar.RenderLoop.cpp@BarRenderLoopStageResult BarRenderLoopCoordinator::CalculateDirtyAndDrawPresent(; add=[[nodiscard]] inline RECT ResolveBarScaledDirtyBounds( | double left, double top, double right, double bottom, | double pivotX, double pivotY, double scale, double zoom,	实际补丁全文读取；调用/失败路径按高风险组复核，详见 findings 摘要	H0 当前模块: Inkeys/Inkeys/UI/Bar/Bar.DirtyRegion.h, Inkeys/Inkeys/UI/Bar/Bar.RenderLoop.cpp, InkeysHeadlessTests/dirty_region_tests.cpp	已审静态补丁；运行行为未验证		H0 当前路径静态复核；真机/性能/Win7 由专项验证	fix(ui3): use presented dirty bounds
506dd2636b3271326c6480099813fea9bf7f9337	963db5e5d5cfbf0283a872593201fe90dfd21dce	2026-08-11T14:42:06+08:00	2026-08-11T14:42:06+08:00	bugfix/animation bugfix/eraser bugfix/pptui bugfix/settingui chore/publish dev draw feature/cursor feature/recognition feature/ui3-i18n fluent origin/bugfix/eraser origin/canary origin/dev origin/feature/recognition origin/fluent origin/theme theme	yes	H0 reachable	code+project	.trellis/spec/native-desktop, .trellis/tasks/08-11-ui3-animation-dirty-region, Inkeys/Inkeys.vcxproj, Inkeys/Inkeys.vcxproj.filters, Inkeys/Inkeys/UI, InkeysHeadlessTests/dirty_region_tests.cpp	"p1:f31685ad5206/45401; files=11 +647/-123; hunks=.trellis/spec/native-desktop/rendering-and-ui.md@public:, .trellis/spec/native-desktop/rendering-and-ui.md@public:, .trellis/spec/native-desktop/rendering-and-ui.md@BarDebugDamageResolution ResolveBarDebugDamage(, .trellis/spec/native-desktop/rendering-and-ui.md@BarDebugDamageResolution ResolveBarDebugDamage(; lines=+bool ShouldObserve(BarDirtyVisualKey key) const noexcept; | +bool HasOnlyChangedKeys(BarDirtyVisualKey first, | +BarDirtyVisualKey second) const noexcept;; product=Inkeys/Inkeys.vcxproj@, Inkeys/Inkeys/UI/Bar/Bar.DirtyRegion.h@, Inkeys/Inkeys/UI/Bar/Bar.DirtyRegion.h@namespace Inkeys::UI::Bar, Inkeys/Inkeys/UI/Bar/Bar.DirtyRegion.h@namespace Inkeys::UI::Bar; add=<ClInclude Include=""Inkeys\UI\Bar\Bar.DirtyRegion.h"" /> | BarDirtyRegionTracker() | visualRecords_.reserve(256);"	实际补丁全文读取；调用/失败路径按高风险组复核，详见 findings 摘要	H0 当前模块: Inkeys/Inkeys.vcxproj, Inkeys/Inkeys/UI/Bar/Bar.DirtyRegion.h, Inkeys/Inkeys/UI/Bar/Bar.RenderLoop.cpp, Inkeys/Inkeys/UI/Bar/Bar.Rendering.cpp, Inkeys/Inkeys/UI/Bar/Bar.Rendering.c	已审静态补丁；运行行为未验证		H0 当前路径静态复核；真机/性能/Win7 由专项验证	fix(ui3): narrow light dirty regions
963db5e5d5cfbf0283a872593201fe90dfd21dce	2bde90278d54345bf98fbf8936d9d5473ac75ee8	2026-08-11T13:43:15+08:00	2026-08-11T13:43:15+08:00	bugfix/animation bugfix/eraser bugfix/pptui bugfix/settingui chore/publish dev draw feature/cursor feature/recognition feature/ui3-i18n fluent origin/bugfix/eraser origin/canary origin/dev origin/feature/recognition origin/fluent origin/theme theme	yes	H0 reachable	code+project	.trellis/spec/native-desktop, .trellis/tasks/08-11-ui3-animation-dirty-region, Inkeys/Inkeys/UI, InkeysHeadlessTests/InkeysHeadlessTests.vcxproj, InkeysHeadlessTests/animation_tests.cpp, InkeysHeadlessTests/dirty_region_tests.cpp	p1:ba85b1c7023e/82137; files=14 +1041/-194; hunks=.trellis/spec/native-desktop/rendering-and-ui.md@clock.Rebase();, .trellis/tasks/08-11-ui3-animation-dirty-region/check.jsonl@, .trellis/tasks/08-11-ui3-animation-dirty-region/design.md@, .trellis/tasks/08-11-ui3-animation-dirty-region/implement.jsonl@; lines=+### UI3 基于变化的脏区事务合同 | +#### 1. Scope / Trigger | +修改 UI3 Bar 的动画推进、自绘控件、动态光、调试覆盖层、D2D dirty clip 或 `UpdateLayeredWindowIndirect` 提; product=Inkeys/Inkeys/UI/Bar/Bar.DirtyRegion.h@, Inkeys/Inkeys/UI/Bar/Bar.RenderLoop.cpp@, Inkeys/Inkeys/UI/Bar/Bar.RenderLoop.cpp@struct BarRenderFrameSnapshot, Inkeys/Inkeys/UI/Bar/Bar.RenderLoop.cpp@enum class BarRenderLoopStageResult; add=namespace Inkeys::UI::Bar | using BarDirtyVisualKey = std::uint64_t; | class BarDirtyRegionTracker	实际补丁全文读取；调用/失败路径按高风险组复核，详见 findings 摘要	H0 当前模块: Inkeys/Inkeys/UI/Bar/Bar.DirtyRegion.h, Inkeys/Inkeys/UI/Bar/Bar.RenderLoop.cpp, Inkeys/Inkeys/UI/Bar/Bar.Rendering.cpp, Inkeys/Inkeys/UI/Bar/Bar.Rendering.cppm, InkeysHeadlessTest	已审静态补丁；运行行为未验证		H0 当前路径静态复核；真机/性能/Win7 由专项验证	feat(ui3): add change-based dirty regions
2bde90278d54345bf98fbf8936d9d5473ac75ee8	70ad8c8b132e27518457a560475533e03bda9b0d	2026-08-11T12:27:43+08:00	2026-08-11T12:27:43+08:00	bugfix/animation bugfix/eraser bugfix/pptui bugfix/settingui chore/publish dev draw feature/cursor feature/recognition feature/ui3-i18n fluent origin/bugfix/eraser origin/canary origin/dev origin/feature/recognition origin/fluent origin/theme theme	yes	H0 reachable	docs	.trellis/workspace/AlanCRL	p1:8217de8928e9/1242; files=2 +24/-2; hunks=.trellis/workspace/AlanCRL/index.md@, .trellis/workspace/AlanCRL/index.md@, .trellis/workspace/AlanCRL/index.md@, .trellis/workspace/AlanCRL/journal-1.md@Implemented the UI3 geometry panel and toolbar refinements: swapped Ge; lines=+- **Total Sessions**: 20 | +| `journal-1.md` | ~541 | Active | | +| 20 | 2026-08-11 | 修复 UI3 调试脏区红框 | `70ad8c8b` | `feature/animation` |; product=none	补丁全文读取；文档/任务状态简审	H0 文档/任务记录：bugfix/animation, bugfix/eraser	不适用（无产品可执行代码改动）		静态文件差异；无需运行验证	chore: record journal
70ad8c8b132e27518457a560475533e03bda9b0d	ac9d7fc887f937499f9850c0f8ff0a494abedf37	2026-08-11T12:27:07+08:00	2026-08-11T12:27:07+08:00	bugfix/animation bugfix/eraser bugfix/pptui bugfix/settingui chore/publish dev draw feature/cursor feature/recognition feature/ui3-i18n fluent origin/bugfix/eraser origin/canary origin/dev origin/feature/recognition origin/fluent origin/theme theme	yes	H0 reachable	code	Inkeys/Inkeys/UI	p1:744cebbf8572/5756; files=1 +67/-32; hunks=Inkeys/Inkeys/UI/Bar/Bar.RenderLoop.cpp@struct BarRenderLoopState, Inkeys/Inkeys/UI/Bar/Bar.RenderLoop.cpp@BarRenderLoopStageResult BarRenderLoopCoordinator::CalculateDirtyAndDr, Inkeys/Inkeys/UI/Bar/Bar.RenderLoop.cpp@IncludeShapeBounds(state.shapeMap[, Inkeys/Inkeys/UI/Bar/Bar.RenderLoop.cpp@IncludeShapeBounds(state.shapeMap[; lines=+RECT lastPresentedDebugBounds = RECT(0, 0, 0, 0); | +bool lastPresentedDebugBoundsValid = false; | +const bool debugModeEnabled = true == BarUiDebugModeEnabled;; product=Inkeys/Inkeys/UI/Bar/Bar.RenderLoop.cpp@struct BarRenderLoopState, Inkeys/Inkeys/UI/Bar/Bar.RenderLoop.cpp@BarRenderLoopStageResult BarRenderLoopCoordinator::CalculateDirtyAndDrawPresent(, Inkeys/Inkeys/UI/Bar/Bar.RenderLoop.cpp@IncludeShapeBounds(state.shapeMap[, Inkeys/Inkeys/UI/Bar/Bar.RenderLoop.cpp@IncludeShapeBounds(state.shapeMap[; add=RECT lastPresentedDebugBounds = RECT(0, 0, 0, 0); | bool lastPresentedDebugBoundsValid = false; | const bool debugModeEnabled = true == BarUiDebugModeEnabled;	实际补丁全文读取、变更符号/当前模块静态复核	H0 当前模块: Inkeys/Inkeys/UI/Bar/Bar.RenderLoop.cpp	已审静态补丁；运行行为未验证		静态源码映射；未运行该历史提交	fix(ui3): correct debug dirty-region overlay
ac9d7fc887f937499f9850c0f8ff0a494abedf37	ad6718b0daa87f41b976fc900cae7e21582433d4	2026-08-11T12:05:26+08:00	2026-08-11T12:05:26+08:00	bugfix/animation bugfix/eraser bugfix/pptui bugfix/settingui chore/publish dev draw feature/cursor feature/recognition feature/ui3-i18n fluent origin/bugfix/eraser origin/canary origin/dev origin/feature/recognition origin/fluent origin/theme theme	yes	H0 reachable	docs	.trellis/workspace/AlanCRL	p1:7287c7a5e3d7/1362; files=2 +25/-2; hunks=.trellis/workspace/AlanCRL/index.md@, .trellis/workspace/AlanCRL/index.md@, .trellis/workspace/AlanCRL/index.md@, .trellis/workspace/AlanCRL/journal-1.md@Implemented the UI3 geometry panel and toolbar refinements: swapped Ge; lines=+- **Total Sessions**: 19 | +| `journal-1.md` | ~520 | Active | | +| 19 | 2026-08-11 | 调整 UI3 墨迹粗细预览浮窗交互 | `70c49c09`, `ad6718b` | `feature/animati; product=none	补丁全文读取；文档/任务状态简审	H0 文档/任务记录：bugfix/animation, bugfix/eraser	不适用（无产品可执行代码改动）		静态文件差异；无需运行验证	chore: record journal
ad6718b0daa87f41b976fc900cae7e21582433d4	70c49c096ed044c2c024f6538f53176cdbb61c43	2026-08-11T12:04:57+08:00	2026-08-11T12:04:57+08:00	bugfix/animation bugfix/eraser bugfix/pptui bugfix/settingui chore/publish dev draw feature/cursor feature/recognition feature/ui3-i18n fluent origin/bugfix/eraser origin/canary origin/dev origin/feature/recognition origin/fluent origin/theme theme	yes	H0 reachable	code	Inkeys/Inkeys/UI	p1:68fd0a87c932/722; files=1 +5/-3; hunks=Inkeys/Inkeys/UI/Bar/Bar.Interaction.cpp@case IndependentHoverTargetEnum::DrawAttributeThicknessFine:; lines=+bool popupOwnsPoint = previewPopupGesture | +&& IsBarThicknessPreviewPopupHit( | +barUISet, clientX, clientY);; product=Inkeys/Inkeys/UI/Bar/Bar.Interaction.cpp@case IndependentHoverTargetEnum::DrawAttributeThicknessFine:; add=bool popupOwnsPoint = previewPopupGesture | && IsBarThicknessPreviewPopupHit( | barUISet, clientX, clientY);	实际补丁全文读取、变更符号/当前模块静态复核	H0 当前模块: Inkeys/Inkeys/UI/Bar/Bar.Interaction.cpp	已审静态补丁；运行行为未验证		静态源码映射；未运行该历史提交	fix(ui3): preserve thickness slider dwell activation
70c49c096ed044c2c024f6538f53176cdbb61c43	32381e23963e51abcfe188ec72fd99298e982bcf	2026-08-11T11:58:36+08:00	2026-08-11T11:58:36+08:00	bugfix/animation bugfix/eraser bugfix/pptui bugfix/settingui chore/publish dev draw feature/cursor feature/recognition feature/ui3-i18n fluent origin/bugfix/eraser origin/canary origin/dev origin/feature/recognition origin/fluent origin/theme theme	yes	H0 reachable	code	Inkeys/Inkeys/UI	p1:92d2733c833a/19512; files=1 +358/-39; hunks=Inkeys/Inkeys/UI/Bar/Bar.Interaction.cpp@enum class BarThicknessFineDialHitZone : int, Inkeys/Inkeys/UI/Bar/Bar.Interaction.cpp@enum class BarThicknessFineDialHitZone : int, Inkeys/Inkeys/UI/Bar/Bar.Interaction.cpp@BarThicknessFineDialHitZone HitTestBarThicknessFineDialFreshActivation, Inkeys/Inkeys/UI/Bar/Bar.Interaction.cpp@BarThicknessFineDialHitZone HitTestBarThicknessFineDialFreshActivation; lines=+bool IsBarThicknessPreviewPopupHit( | +BarUISetClass& barUISet, int clientX, int clientY) | +{; product=Inkeys/Inkeys/UI/Bar/Bar.Interaction.cpp@enum class BarThicknessFineDialHitZone : int, Inkeys/Inkeys/UI/Bar/Bar.Interaction.cpp@enum class BarThicknessFineDialHitZone : int, Inkeys/Inkeys/UI/Bar/Bar.Interaction.cpp@BarThicknessFineDialHitZone HitTestBarThicknessFineDialFreshActivation(, Inkeys/Inkeys/UI/Bar/Bar.Interaction.cpp@BarThicknessFineDialHitZone HitTestBarThicknessFineDialFreshActivation(; add=bool IsBarThicknessPreviewPopupHit( | BarUISetClass& barUISet, int clientX, int clientY) | auto viewMode = barUISet.barState.drawAttributeBar.thicknessViewMode;	实际补丁全文读取、变更符号/当前模块静态复核	H0 当前模块: Inkeys/Inkeys/UI/Bar/Bar.Interaction.cpp	已审静态补丁；运行行为未验证		静态源码映射；未运行该历史提交	feat(ui3): support thickness popup gestures
32381e23963e51abcfe188ec72fd99298e982bcf	c19bf26804a56cb393f31b57b9ee83e9b81806f9	2026-08-11T10:50:01+08:00	2026-08-11T10:50:01+08:00	bugfix/animation bugfix/eraser bugfix/pptui bugfix/settingui chore/publish dev draw feature/cursor feature/recognition feature/ui3-i18n fluent origin/bugfix/eraser origin/canary origin/dev origin/feature/recognition origin/fluent origin/theme theme	yes	H0 reachable	docs	.trellis/workspace/AlanCRL	p1:ad25fb1b1715/1339; files=2 +24/-2; hunks=.trellis/workspace/AlanCRL/index.md@, .trellis/workspace/AlanCRL/index.md@, .trellis/workspace/AlanCRL/index.md@, .trellis/workspace/AlanCRL/journal-1.md@Implemented the UI3 geometry panel and toolbar refinements: swapped Ge; lines=+- **Total Sessions**: 18 | +| `journal-1.md` | ~498 | Active | | +| 18 | 2026-08-11 | 完成 UI2 最终兼容版发版前适配 | `f61765d6` | `feature/animation` |; product=none	补丁全文读取；文档/任务状态简审	H0 文档/任务记录：bugfix/animation, bugfix/eraser	不适用（无产品可执行代码改动）		静态文件差异；无需运行验证	chore: record journal
c19bf26804a56cb393f31b57b9ee83e9b81806f9	f61765d661f61f4ac1bdfb4823ba33f15a8451aa	2026-08-11T10:49:42+08:00	2026-08-11T10:49:42+08:00	bugfix/animation bugfix/eraser bugfix/pptui bugfix/settingui chore/publish dev draw feature/cursor feature/recognition feature/ui3-i18n fluent origin/bugfix/eraser origin/canary origin/dev origin/feature/recognition origin/fluent origin/theme theme	yes	H0 reachable	docs	.trellis/tasks/archive	"p1:71a189b0c41c/2962; files=7 +2/-2; hunks=.trellis/tasks/archive/2026-08/08-11-ui2-final-compat-release-adjustment/task.json@, .trellis/tasks/archive/2026-08/08-11-ui2-final-compat-release-adjustment/task.json@; lines=+""status"": ""completed"", | +""completedAt"": ""2026-08-11"",; product=none"	补丁全文读取；文档/任务状态简审	H0 文档/任务记录：bugfix/animation, bugfix/eraser	不适用（无产品可执行代码改动）		静态文件差异；无需运行验证	chore(task): archive 08-11-ui2-final-compat-release-adjustment
f61765d661f61f4ac1bdfb4823ba33f15a8451aa	165926804c613de24e2f2a3f61a907f9ef6189a2	2026-08-11T10:44:26+08:00	2026-08-11T10:44:26+08:00	bugfix/animation bugfix/eraser bugfix/pptui bugfix/settingui chore/publish dev draw feature/cursor feature/recognition feature/ui3-i18n fluent origin/bugfix/eraser origin/canary origin/dev origin/feature/recognition origin/fluent origin/theme theme	yes	H0 reachable	code	.trellis/tasks/08-11-ui2-final-compat-release-adjustment, Inkeys/IdtMain.cpp, Inkeys/Inkeys/UI, InkeysHeadlessTests/frame_pacing_tests.cpp	"p1:307d19bd1a40/41586; files=13 +576/-90; hunks=.trellis/tasks/08-11-ui2-final-compat-release-adjustment/check.jsonl@, .trellis/tasks/08-11-ui2-final-compat-release-adjustment/design.md@, .trellis/tasks/08-11-ui2-final-compat-release-adjustment/implement.jsonl@, .trellis/tasks/08-11-ui2-final-compat-release-adjustment/implement.md@; lines=+{""_example"": ""Fill with {\""file\"": \""<path>\"", \""reason\"": \""<why>\""}. Put spec/ | +# 技术设计 | +## 1. 现状与根因; product=Inkeys/IdtMain.cpp@wstring buildTime = __DATE__ L"" "" __TIME__;		// 鏋勫缓鏃堕棿, Inkeys/Inkeys/UI/Bar/Bar.FramePacing.cppm@module;, Inkeys/Inkeys/UI/Bar/Bar.FramePacing.cppm@export namespace Inkeys::UI::Bar, Inkeys/Inkeys/UI/Bar/Bar.Interaction.cpp@void BarUISetClass::HandleCanvasDrawingActivity(HWND hWnd, bool started); add=wstring editionVersion = L""3.0.0-dev.3981"";		// 绋嬪簭鍙戝竷鐗堟湰 | wstring editionDate = L""3.0.0-20260811a"";		// 绋嬪簭鍙戝竷鏃ユ湡 | class RollingFrameRate"	实际补丁全文读取、变更符号/当前模块静态复核	H0 当前模块: Inkeys/IdtMain.cpp, Inkeys/Inkeys/UI/Bar/Bar.FramePacing.cppm, Inkeys/Inkeys/UI/Bar/Bar.Interaction.cpp, Inkeys/Inkeys/UI/Bar/Bar.RenderLoop.cpp, Inkeys/Inkeys/UI/Setting/Setting.c	已审静态补丁；运行行为未验证		静态源码映射；未运行该历史提交	fix(ui3): finalize UI2 compatibility release adjustments
165926804c613de24e2f2a3f61a907f9ef6189a2	51b92f4172f9268cd7e0570bef5870c2790a65c5	2026-08-11T09:08:07+08:00	2026-08-11T09:08:07+08:00	bugfix/animation bugfix/eraser bugfix/pptui bugfix/settingui chore/publish dev draw feature/cursor feature/recognition feature/ui3-i18n fluent origin/bugfix/eraser origin/canary origin/dev origin/feature/recognition origin/fluent origin/theme theme	yes	H0 reachable	docs	.trellis/workspace/AlanCRL	p1:5bb4d6f65e19/1265; files=2 +25/-3; hunks=.trellis/workspace/AlanCRL/index.md@, .trellis/workspace/AlanCRL/index.md@, .trellis/workspace/AlanCRL/index.md@, .trellis/workspace/AlanCRL/journal-1.md@Implemented the UI3 geometry panel and toolbar refinements: swapped Ge; lines=+- **Total Sessions**: 17 | +- **Last Active**: 2026-08-11 | +| `journal-1.md` | ~477 | Active |; product=none	补丁全文读取；文档/任务状态简审	H0 文档/任务记录：bugfix/animation, bugfix/eraser	不适用（无产品可执行代码改动）		静态文件差异；无需运行验证	chore: record journal
51b92f4172f9268cd7e0570bef5870c2790a65c5	7fbf5720520c0ab69081db8024af8bb6394a41ab	2026-08-11T09:07:28+08:00	2026-08-11T09:07:28+08:00	bugfix/animation bugfix/eraser bugfix/pptui bugfix/settingui chore/publish dev draw feature/cursor feature/recognition feature/ui3-i18n fluent origin/bugfix/eraser origin/canary origin/dev origin/feature/recognition origin/fluent origin/theme theme	yes	H0 reachable	docs	.trellis/tasks/archive	"p1:46d6c2bc29a8/117267; files=9 +1514/-0; hunks=.trellis/tasks/archive/2026-08/08-09-ui3-animation-performance-audit/check.jsonl@, .trellis/tasks/archive/2026-08/08-09-ui3-animation-performance-audit/design.md@, .trellis/tasks/archive/2026-08/08-09-ui3-animation-performance-audit/implement.jsonl@, .trellis/tasks/archive/2026-08/08-09-ui3-animation-performance-audit/implement.md@; lines=+{""file"":"".trellis/spec/native-desktop/index.md"",""reason"":""Verify native desktop  | +{""file"":"".trellis/spec/native-desktop/cpp-conventions.md"",""reason"":""Review modul | +{""file"":"".trellis/spec/native-desktop/rendering-and-ui.md"",""reason"":""Review anim; product=none"	补丁全文读取；文档/任务状态简审	H0 文档/任务记录：bugfix/animation, bugfix/eraser	不适用（无产品可执行代码改动）		静态文件差异；无需运行验证	chore(task): archive 08-09-ui3-animation-performance-audit
7fbf5720520c0ab69081db8024af8bb6394a41ab	a4201c992bfb722ff2ca50c783e243bd1899612c	2026-08-11T09:06:53+08:00	2026-08-11T09:06:53+08:00	bugfix/animation bugfix/eraser bugfix/pptui bugfix/settingui chore/publish dev draw feature/cursor feature/recognition feature/ui3-i18n fluent origin/bugfix/eraser origin/canary origin/dev origin/feature/recognition origin/fluent origin/theme theme	yes	H0 reachable	code+project	.gitignore, .trellis/spec/native-desktop, .trellis/spec/ppt-interop, Inkeys/HiEasyX/HiWindow.cpp, Inkeys/IdtAtomic.h, Inkeys/IdtFloating.cpp, Inkeys/IdtFloating.h, Inkeys/IdtMain.cpp, Inkeys/IdtMain.h, Inkeys/IdtPlug-in.cpp, Inkeys/Inkeys.vcxproj, Inkeys/Inkeys.vcxproj.filters	p1:4e53ab879ba7/1816809; files=45 +24091/-18871 binary; hunks=.gitignore@, .gitignore@, .trellis/spec/native-desktop/configuration-i18n-and-assets.md@, .trellis/spec/native-desktop/configuration-i18n-and-assets.md@; lines=+/InkeysHeadlessTests/Build/ | +/InkeysHeadlessTests/Cache/ | +- `BarButtonSetClass::RegisterButton(id, button, allowMultiple, zone, defaultUse; product=Inkeys/IdtAtomic.h@, Inkeys/IdtFloating.cpp@import Inkeys.Text.Font;, Inkeys/IdtFloating.cpp@IdtAtomic<bool> ConfirmaNoMouMsgSignal, ConfirmaNoMouFunSignal;, Inkeys/IdtFloating.cpp@void MouseClickCollapse(); add=template <typename IdtAtomicT> | class IdtAtomic | static_assert(std::is_trivially_copyable_v<IdtAtomicT>,	实际补丁全文读取；调用/失败路径按高风险组复核，详见 findings 摘要	H0 当前模块: Inkeys/IdtAtomic.h, Inkeys/IdtFloating.cpp, Inkeys/IdtFloating.h, Inkeys/IdtMain.cpp, Inkeys/IdtMain.h, Inkeys/IdtPlug-in.cpp, Inkeys/Inkeys.vcxproj, Inkeys/Inkeys/Helper/Helper.Cr；旧 Bar.Main 实现后续拆至 Bar.RenderLoop/Interaction/Rendering	已审静态补丁；运行行为未验证		H0 当前路径静态复核；真机/性能/Win7 由专项验证	perf(ui3): optimize animation and rendering pipeline
a4201c992bfb722ff2ca50c783e243bd1899612c	56cfd019b1c29dad9c121c41cf34fcba6bef20de	2026-08-09T16:48:30+08:00	2026-08-09T16:48:30+08:00	bugfix/animation bugfix/eraser bugfix/pptui bugfix/settingui chore/publish dev draw feature/cursor feature/recognition feature/ui3-i18n fluent origin/bugfix/eraser origin/canary origin/dev origin/feature/recognition origin/fluent origin/theme theme	yes	H0 reachable	docs	.trellis/workspace/AlanCRL	p1:8dc8dd6b8d25/1262; files=2 +24/-2; hunks=.trellis/workspace/AlanCRL/index.md@, .trellis/workspace/AlanCRL/index.md@, .trellis/workspace/AlanCRL/index.md@, .trellis/workspace/AlanCRL/journal-1.md@Implemented the UI3 geometry panel and toolbar refinements: swapped Ge; lines=+- **Total Sessions**: 16 | +| `journal-1.md` | ~456 | Active | | +| 16 | 2026-08-09 | 归档六个已验收 UI3 任务 | `9b21a5d` | `feature/animation` |; product=none	补丁全文读取；文档/任务状态简审	H0 文档/任务记录：bugfix/animation, bugfix/eraser	不适用（无产品可执行代码改动）		静态文件差异；无需运行验证	chore: record journal
56cfd019b1c29dad9c121c41cf34fcba6bef20de	ca6df53278e76487f35e255a025d812187bfbdb0	2026-08-09T16:48:10+08:00	2026-08-09T16:48:10+08:00	bugfix/animation bugfix/eraser bugfix/pptui bugfix/settingui chore/publish dev draw feature/cursor feature/recognition feature/ui3-i18n fluent origin/bugfix/eraser origin/canary origin/dev origin/feature/recognition origin/fluent origin/theme theme	yes	H0 reachable	docs	.trellis/tasks/archive	"p1:7db56e8e12ab/2489; files=6 +2/-2; hunks=.trellis/tasks/archive/2026-08/08-07-ui3-thickness-slider-preview-popup/task.json@, .trellis/tasks/archive/2026-08/08-07-ui3-thickness-slider-preview-popup/task.json@; lines=+""status"": ""completed"", | +""completedAt"": ""2026-08-09"",; product=none"	补丁全文读取；文档/任务状态简审	H0 文档/任务记录：bugfix/animation, bugfix/eraser	不适用（无产品可执行代码改动）		静态文件差异；无需运行验证	chore(task): archive 08-07-ui3-thickness-slider-preview-popup
ca6df53278e76487f35e255a025d812187bfbdb0	5570cbedab83dc8a7b3a7937d8c09078f0c9639e	2026-08-09T16:48:01+08:00	2026-08-09T16:48:01+08:00	bugfix/animation bugfix/eraser bugfix/pptui bugfix/settingui chore/publish dev draw feature/cursor feature/recognition feature/ui3-i18n fluent origin/bugfix/eraser origin/canary origin/dev origin/feature/recognition origin/fluent origin/theme theme	yes	H0 reachable	docs	.trellis/tasks/archive	"p1:7f602071be9e/2697; files=6 +2/-2; hunks=.trellis/tasks/archive/2026-08/08-06-ui3-draw-attribute-incremental-adjustments/task.json@, .trellis/tasks/archive/2026-08/08-06-ui3-draw-attribute-incremental-adjustments/task.json@; lines=+""status"": ""completed"", | +""completedAt"": ""2026-08-09"",; product=none"	补丁全文读取；文档/任务状态简审	H0 文档/任务记录：bugfix/animation, bugfix/eraser	不适用（无产品可执行代码改动）		静态文件差异；无需运行验证	chore(task): archive 08-06-ui3-draw-attribute-incremental-adjustments
5570cbedab83dc8a7b3a7937d8c09078f0c9639e	8f3aff30d5cfeb56f83ef7e1d60596df5ad74398	2026-08-09T16:47:51+08:00	2026-08-09T16:47:51+08:00	bugfix/animation bugfix/eraser bugfix/pptui bugfix/settingui chore/publish dev draw feature/cursor feature/recognition feature/ui3-i18n fluent origin/bugfix/eraser origin/canary origin/dev origin/feature/recognition origin/fluent origin/theme theme	yes	H0 reachable	docs	.trellis/tasks/archive	"p1:b3f43d2c7615/2359; files=6 +2/-2; hunks=.trellis/tasks/archive/2026-08/08-03-ui3-render-cache-optimization/task.json@, .trellis/tasks/archive/2026-08/08-03-ui3-render-cache-optimization/task.json@; lines=+""status"": ""completed"", | +""completedAt"": ""2026-08-09"",; product=none"	补丁全文读取；文档/任务状态简审	H0 文档/任务记录：bugfix/animation, bugfix/eraser	不适用（无产品可执行代码改动）		静态文件差异；无需运行验证	chore(task): archive 08-03-ui3-render-cache-optimization
8f3aff30d5cfeb56f83ef7e1d60596df5ad74398	76292c78622ac157dff3ea4cace99c691076bfcf	2026-08-09T16:47:41+08:00	2026-08-09T16:47:41+08:00	bugfix/animation bugfix/eraser bugfix/pptui bugfix/settingui chore/publish dev draw feature/cursor feature/recognition feature/ui3-i18n fluent origin/bugfix/eraser origin/canary origin/dev origin/feature/recognition origin/fluent origin/theme theme	yes	H0 reachable	docs	.trellis/tasks/archive	"p1:31025844a352/2151; files=6 +2/-2; hunks=.trellis/tasks/archive/2026-08/08-03-ui3-bar-more-overflow/task.json@, .trellis/tasks/archive/2026-08/08-03-ui3-bar-more-overflow/task.json@; lines=+""status"": ""completed"", | +""completedAt"": ""2026-08-09"",; product=none"	补丁全文读取；文档/任务状态简审	H0 文档/任务记录：bugfix/animation, bugfix/eraser	不适用（无产品可执行代码改动）		静态文件差异；无需运行验证	chore(task): archive 08-03-ui3-bar-more-overflow
76292c78622ac157dff3ea4cace99c691076bfcf	3967e5ee1d81d0322f302517320cbfec747b5109	2026-08-09T16:47:31+08:00	2026-08-09T16:47:31+08:00	bugfix/animation bugfix/eraser bugfix/pptui bugfix/settingui chore/publish dev draw feature/cursor feature/recognition feature/ui3-i18n fluent origin/bugfix/eraser origin/canary origin/dev origin/feature/recognition origin/fluent origin/theme theme	yes	H0 reachable	docs	.trellis/tasks/archive	"p1:ac86fa44ba5d/2203; files=6 +2/-2; hunks=.trellis/tasks/archive/2026-08/08-01-ui3-simple-color-picker/task.json@, .trellis/tasks/archive/2026-08/08-01-ui3-simple-color-picker/task.json@; lines=+""status"": ""completed"", | +""completedAt"": ""2026-08-09"",; product=none"	补丁全文读取；文档/任务状态简审	H0 文档/任务记录：bugfix/animation, bugfix/eraser	不适用（无产品可执行代码改动）		静态文件差异；无需运行验证	chore(task): archive 08-01-ui3-simple-color-picker
3967e5ee1d81d0322f302517320cbfec747b5109	9b21a5dffb01ae0c02d95ad8d3497bc349995705	2026-08-09T16:47:21+08:00	2026-08-09T16:47:21+08:00	bugfix/animation bugfix/eraser bugfix/pptui bugfix/settingui chore/publish dev draw feature/cursor feature/recognition feature/ui3-i18n fluent origin/bugfix/eraser origin/canary origin/dev origin/feature/recognition origin/fluent origin/theme theme	yes	H0 reachable	docs	.trellis/tasks/archive	"p1:a9876a556591/1579; files=4 +3/-3; hunks=.trellis/tasks/archive/2026-08/07-26-button-cursor-lighting/task.json@, .trellis/tasks/archive/2026-08/07-26-button-cursor-lighting/task.json@, .trellis/tasks/archive/2026-08/07-26-button-cursor-lighting/task.json@; lines=+""status"": ""completed"", | +""completedAt"": ""2026-08-09"", | +}; product=none"	补丁全文读取；文档/任务状态简审	H0 文档/任务记录：bugfix/animation, bugfix/eraser	不适用（无产品可执行代码改动）		静态文件差异；无需运行验证	chore(task): archive 07-26-button-cursor-lighting
9b21a5dffb01ae0c02d95ad8d3497bc349995705	67a673ffe5318f902520c8d06e05236317a5a99e	2026-08-09T16:46:50+08:00	2026-08-09T16:46:50+08:00	bugfix/animation bugfix/eraser bugfix/pptui bugfix/settingui chore/publish dev draw feature/cursor feature/recognition feature/ui3-i18n fluent origin/bugfix/eraser origin/canary origin/dev origin/feature/recognition origin/fluent origin/theme theme	yes	H0 reachable	docs	.trellis/tasks/07-26-button-cursor-lighting, .trellis/tasks/08-01-ui3-simple-color-picker, .trellis/tasks/08-03-ui3-bar-more-overflow, .trellis/tasks/08-03-ui3-render-cache-optimization, .trellis/tasks/08-06-ui3-draw-attribute-incremental-adjustments, .trellis/tasks/08-07-ui3-thickness-slider-preview-popup	p1:37ff1e8dca57/18581; files=11 +79/-43; hunks=.trellis/tasks/07-26-button-cursor-lighting/implement.md@, .trellis/tasks/07-26-button-cursor-lighting/prd.md@, .trellis/tasks/08-01-ui3-simple-color-picker/implement.md@, .trellis/tasks/08-01-ui3-simple-color-picker/prd.md@; lines=+## 最终用户验收与收尾 | +- 2026-08-09：用户明确确认本任务已完成人工核验，并授权结束、提交与归档。 | +- PRD 验收项据此记为 `PASS`；本节只记录用户验收，不改写既有实现和构建证据。; product=none	补丁全文读取；文档/任务状态简审	H0 文档/任务记录：bugfix/animation, bugfix/eraser	不适用（无产品可执行代码改动）		静态文件差异；无需运行验证	chore(task): record ui3 manual acceptance
67a673ffe5318f902520c8d06e05236317a5a99e	606efb718b645ba15e8967e20c459c367122e12b	2026-08-09T16:34:37+08:00	2026-08-09T16:34:37+08:00	bugfix/animation bugfix/eraser bugfix/pptui bugfix/settingui chore/publish dev draw feature/cursor feature/recognition feature/ui3-i18n fluent origin/bugfix/eraser origin/canary origin/dev origin/feature/recognition origin/fluent origin/theme theme	yes	H0 reachable	docs	.trellis/workspace/AlanCRL	p1:ce1395f5259a/1289; files=2 +25/-3; hunks=.trellis/workspace/AlanCRL/index.md@, .trellis/workspace/AlanCRL/index.md@, .trellis/workspace/AlanCRL/index.md@, .trellis/workspace/AlanCRL/journal-1.md@Implemented the UI3 geometry panel and toolbar refinements: swapped Ge; lines=+- **Total Sessions**: 15 | +- **Last Active**: 2026-08-09 | +| `journal-1.md` | ~435 | Active |; product=none	补丁全文读取；文档/任务状态简审	H0 文档/任务记录：bugfix/animation, bugfix/eraser	不适用（无产品可执行代码改动）		静态文件差异；无需运行验证	chore: record journal
606efb718b645ba15e8967e20c459c367122e12b	f81638a11b8ae28cb1f3d2a7f6e577492b16fb99	2026-08-09T16:34:19+08:00	2026-08-09T16:34:19+08:00	bugfix/animation bugfix/eraser bugfix/pptui bugfix/settingui chore/publish dev draw feature/cursor feature/recognition feature/ui3-i18n fluent origin/bugfix/eraser origin/canary origin/dev origin/feature/recognition origin/fluent origin/theme theme	yes	H0 reachable	docs	.trellis/tasks/archive	"p1:7677498120bf/2614; files=7 +2/-2; hunks=.trellis/tasks/archive/2026-08/08-08-ui3-thickness-fine-dial/task.json@, .trellis/tasks/archive/2026-08/08-08-ui3-thickness-fine-dial/task.json@; lines=+""status"": ""completed"", | +""completedAt"": ""2026-08-09"",; product=none"	补丁全文读取；文档/任务状态简审	H0 文档/任务记录：bugfix/animation, bugfix/eraser	不适用（无产品可执行代码改动）		静态文件差异；无需运行验证	chore(task): archive 08-08-ui3-thickness-fine-dial
f81638a11b8ae28cb1f3d2a7f6e577492b16fb99	83d8318335e0a34bf558d54ac768865b3ab38663	2026-08-09T16:33:58+08:00	2026-08-09T16:33:58+08:00	bugfix/animation bugfix/eraser bugfix/pptui bugfix/settingui chore/publish dev draw feature/cursor feature/recognition feature/ui3-i18n fluent origin/bugfix/eraser origin/canary origin/dev origin/feature/recognition origin/fluent origin/theme theme	yes	H0 reachable	code	.trellis/tasks/08-08-ui3-thickness-fine-dial, Inkeys/Inkeys/UI	p1:1e33d1e031c6/43992; files=6 +452/-117; hunks=.trellis/tasks/08-08-ui3-thickness-fine-dial/design.md@pointer/physics raw position, .trellis/tasks/08-08-ui3-thickness-fine-dial/implement.md@, .trellis/tasks/08-08-ui3-thickness-fine-dial/implement.md@, .trellis/tasks/08-08-ui3-thickness-fine-dial/implement.md@Third-correction supplement: `4 PASS`, `0 FAIL`, `5 NOT VERIFIED`. The; lines=+- At the start of each rendering iteration, snapshot StateMode, PenMode, Brush1  | +- Treat Brush1 and Highlighter as separate visual color sources. A source handof | +## FineDial pen-range transition; product=Inkeys/Inkeys/UI/Bar/Bar.Main.cpp@LRESULT CALLBACK barWindowMsgCallback(HWND hWnd, UINT msg, WPARAM wParam, LPARAM, Inkeys/Inkeys/UI/Bar/Bar.Main.cpp@void BarUIRendering::HandleFrameEndDrawResult(HRESULT endDrawResult), Inkeys/Inkeys/UI/Bar/Bar.Main.cpp@bool BarUIRendering::PrepareFrameLighting(double animationDtSeconds), Inkeys/Inkeys/UI/Bar/Bar.Main.cpp@bool BarUIRendering::PrepareFrameLighting(double animationDtSeconds); add=barUISet.barState.drawAttributeBar | .thicknessFineDialRangeTransitionActive = false; | bool BarUIRendering::PrepareFrameLighting(double animationDtSeconds,	实际补丁全文读取、变更符号/当前模块静态复核	H0 当前模块: Inkeys/Inkeys/UI/Bar/Bar.Main.cpp, Inkeys/Inkeys/UI/Bar/Bar.Main.cppm, Inkeys/Inkeys/UI/Bar/Bar.State.cppm；旧 Bar.Main 实现后续拆至 Bar.RenderLoop/Interaction/Rendering	已审静态补丁；运行行为未验证		静态源码映射；未运行该历史提交	fix(ui3): stabilize fine dial pen transitions
83d8318335e0a34bf558d54ac768865b3ab38663	be6b6435d988334f320f036270e123ece5fc8b8e	2026-08-09T14:46:56+08:00	2026-08-09T14:46:56+08:00	bugfix/animation bugfix/eraser bugfix/pptui bugfix/settingui chore/publish dev draw feature/cursor feature/recognition feature/ui3-i18n fluent origin/bugfix/eraser origin/canary origin/dev origin/feature/recognition origin/fluent origin/theme theme	yes	H0 reachable	code	.trellis/tasks/08-08-ui3-thickness-fine-dial, Inkeys/Inkeys/UI	p1:24df618fa249/8676; files=4 +46/-22; hunks=.trellis/tasks/08-08-ui3-thickness-fine-dial/design.md@Any --close/fold/unavailable/cancel/offSignal--> Preview + cleared int, .trellis/tasks/08-08-ui3-thickness-fine-dial/design.md@pointer/physics raw position, .trellis/tasks/08-08-ui3-thickness-fine-dial/implement.md@Third-correction supplement: `4 PASS`, `0 FAIL`, `5 NOT VERIFIED`. The, .trellis/tasks/08-08-ui3-thickness-fine-dial/prd.md@; lines=+- Dwell tracking suppresses only Hold. Ordinary Slider projection, integer candi | +- Track mode identity for current state, but start the opacity/color-role transi | +## Sixth GUI correction after `be6b643`; product=Inkeys/Inkeys/UI/Bar/Bar.Main.cpp@bool BarUIRendering::PrepareFrameLighting(double animationDtSeconds), Inkeys/Inkeys/UI/Bar/Bar.Main.cpp@bool BarUIRendering::PrepareFrameLighting(double animationDtSeconds), Inkeys/Inkeys/UI/Bar/Bar.Main.cpp@auto ColorPickerAvailable = [&](), Inkeys/Inkeys/UI/Bar/Bar.Main.cpp@auto ColorPickerAvailable = [&](); add=else | int desiredDrawingMode = static_cast<int>(stateMode.StateModeSelect); | if (frameDrawingMode != desiredDrawingMode)	实际补丁全文读取、变更符号/当前模块静态复核	H0 当前模块: Inkeys/Inkeys/UI/Bar/Bar.Main.cpp；旧 Bar.Main 实现后续拆至 Bar.RenderLoop/Interaction/Rendering	已审静态补丁；运行行为未验证		静态源码映射；未运行该历史提交	fix(ui3): refine fine dial dwell and light transition
be6b6435d988334f320f036270e123ece5fc8b8e	c290a38520dbef76e4465b9bd4d4fa1e1ecddce7	2026-08-09T14:20:39+08:00	2026-08-09T14:20:39+08:00	bugfix/animation bugfix/eraser bugfix/pptui bugfix/settingui chore/publish dev draw feature/cursor feature/recognition feature/ui3-i18n fluent origin/bugfix/eraser origin/canary origin/dev origin/feature/recognition origin/fluent origin/theme theme	yes	H0 reachable	code	.trellis/tasks/08-08-ui3-thickness-fine-dial, Inkeys/Inkeys/UI	p1:9383a96bdf19/13676; files=4 +59/-56; hunks=.trellis/tasks/08-08-ui3-thickness-fine-dial/design.md@Any --close/fold/unavailable/cancel/offSignal--> Preview + cleared int, .trellis/tasks/08-08-ui3-thickness-fine-dial/design.md@Any --close/fold/unavailable/cancel/offSignal--> Preview + cleared int, .trellis/tasks/08-08-ui3-thickness-fine-dial/implement.md@Third-correction supplement: `4 PASS`, `0 FAIL`, `5 NOT VERIFIED`. The, .trellis/tasks/08-08-ui3-thickness-fine-dial/prd.md@; lines=+- Slider-press preview does not change ViewMode and is separate from dwell recog | +- Dwell is eligible for an ordinary captured Slider press inside Click Zone. Ent | +## Fifth GUI correction after `c290a385`; product=Inkeys/Inkeys/UI/Bar/Bar.Main.cpp@bool IsBarThicknessFineDialDwellZone(, Inkeys/Inkeys/UI/Bar/Bar.Main.cpp@auto ColorPickerAvailable = [&](), Inkeys/Inkeys/UI/Bar/Bar.Main.cpp@auto ColorPickerAvailable = [&](), Inkeys/Inkeys/UI/Bar/Bar.Main.cpp@auto ColorPickerAvailable = [&](); add=bool fineActivationDwellAnchorValid = false; | int fineActivationDwellAnchorClientX = 0; | int fineActivationDwellAnchorClientY = 0;	实际补丁全文读取、变更符号/当前模块静态复核	H0 当前模块: Inkeys/Inkeys/UI/Bar/Bar.Main.cpp；旧 Bar.Main 实现后续拆至 Bar.RenderLoop/Interaction/Rendering	已审静态补丁；运行行为未验证		静态源码映射；未运行该历史提交	fix(ui3): stabilize fine dial press recognition
c290a38520dbef76e4465b9bd4d4fa1e1ecddce7	2bb90cd060a135a05a6ba5e22e32c8743ee046f6	2026-08-09T12:37:19+08:00	2026-08-09T12:37:19+08:00	bugfix/animation bugfix/eraser bugfix/pptui bugfix/settingui chore/publish dev draw feature/cursor feature/recognition feature/ui3-i18n fluent origin/bugfix/eraser origin/canary origin/dev origin/feature/recognition origin/fluent origin/theme theme	yes	H0 reachable	code	.trellis/tasks/08-08-ui3-thickness-fine-dial, Inkeys/Inkeys/UI	p1:eeb573f56402/7317; files=4 +27/-63; hunks=.trellis/tasks/08-08-ui3-thickness-fine-dial/design.md@pointer/physics raw position, .trellis/tasks/08-08-ui3-thickness-fine-dial/implement.md@Third-correction supplement: `4 PASS`, `0 FAIL`, `5 NOT VERIFIED`. The, .trellis/tasks/08-08-ui3-thickness-fine-dial/prd.md@, .trellis/tasks/08-08-ui3-thickness-fine-dial/prd.md@; lines=+- Formal major status is `multiple-of-five || range.min || range.max`. Projected | +## Fourth GUI correction after `2bb90cd` | +- Checkpoint: `2bb90cd060a135a05a6ba5e22e32c8743ee046f6` (`fix(ui3): refine fine; product=Inkeys/Inkeys/UI/Bar/Bar.Main.cpp@IncludeShapeBounds(shapeMap[, Inkeys/Inkeys/UI/Bar/Bar.Main.cpp@IncludeShapeBounds(shapeMap[, Inkeys/Inkeys/UI/Bar/Bar.Main.cpp@IncludeShapeBounds(shapeMap[, Inkeys/Inkeys/UI/Bar/Bar.Main.cpp@IncludeShapeBounds(shapeMap[; add=for (size_t index = 0; | index < labelCandidateCount; ++index) | const auto& candidate = labelCandidates[index];	实际补丁全文读取、变更符号/当前模块静态复核	H0 当前模块: Inkeys/Inkeys/UI/Bar/Bar.Main.cpp；旧 Bar.Main 实现后续拆至 Bar.RenderLoop/Interaction/Rendering	已审静态补丁；运行行为未验证		静态源码映射；未运行该历史提交	fix(ui3): show all fine dial major labels
2bb90cd060a135a05a6ba5e22e32c8743ee046f6	21dbd22607627d603018d1401be494160e75b0b9	2026-08-09T10:36:19+08:00	2026-08-09T10:36:19+08:00	bugfix/animation bugfix/eraser bugfix/pptui bugfix/settingui chore/publish dev draw feature/cursor feature/recognition feature/ui3-i18n fluent origin/bugfix/eraser origin/canary origin/dev origin/feature/recognition origin/fluent origin/theme theme	yes	H0 reachable	code	.trellis/tasks/08-08-ui3-thickness-fine-dial, Inkeys/Inkeys/UI	p1:4d794b583b01/61130; files=6 +504/-207; hunks=.trellis/tasks/08-08-ui3-thickness-fine-dial/design.md@, .trellis/tasks/08-08-ui3-thickness-fine-dial/design.md@Any --close/fold/unavailable/cancel/offSignal--> Preview + cleared int, .trellis/tasks/08-08-ui3-thickness-fine-dial/design.md@Any --close/fold/unavailable/cancel/offSignal--> Preview + cleared int, .trellis/tasks/08-08-ui3-thickness-fine-dial/design.md@pointer/physics raw position; lines=+- Shared atomics are limited to ViewMode, FineDial continuous visual value, cand | +- Slider-drag preview does not change ViewMode and is separate from dwell recogn | +- `CalculateBarThicknessFineDialGeometry` derives center axis, dial bounds, Slid; product=Inkeys/Inkeys/UI/Bar/Bar.Main.cpp@constexpr double BarThicknessSliderThumbAnimationDur = 0.28;, Inkeys/Inkeys/UI/Bar/Bar.Main.cpp@constexpr double BarThicknessSliderThumbAnimationDur = 0.28;, Inkeys/Inkeys/UI/Bar/Bar.Main.cpp@constexpr double BarThicknessSliderThumbAnimationDur = 0.28;, Inkeys/Inkeys/UI/Bar/Bar.Main.cpp@constexpr double BarThicknessSliderThumbAnimationDur = 0.28;; add=constexpr double BarThicknessPreviewNumberInset = 5.0; | constexpr double BarThicknessFineDialBlankDepthDip = 5.0; | constexpr double BarThicknessFineDialActivationPreviewEnterDur = 0.18;	实际补丁全文读取、变更符号/当前模块静态复核	H0 当前模块: Inkeys/Inkeys/UI/Bar/Bar.Main.cpp, Inkeys/Inkeys/UI/Bar/Bar.Main.cppm, Inkeys/Inkeys/UI/Bar/Bar.State.cppm；旧 Bar.Main 实现后续拆至 Bar.RenderLoop/Interaction/Rendering	已审静态补丁；运行行为未验证		静态源码映射；未运行该历史提交	fix(ui3): refine fine dial preview and rendering
21dbd22607627d603018d1401be494160e75b0b9	b272d4c922cd792c0d68e9fc52d43f35120cc9d3	2026-08-09T01:31:56+08:00	2026-08-09T01:31:56+08:00	bugfix/animation bugfix/eraser bugfix/pptui bugfix/settingui chore/publish dev draw feature/cursor feature/recognition feature/ui3-i18n fluent origin/bugfix/eraser origin/canary origin/dev origin/feature/recognition origin/fluent origin/theme theme	yes	H0 reachable	code	.trellis/tasks/08-08-ui3-thickness-fine-dial, Inkeys/Inkeys/UI	p1:c848cfcf8500/55000; files=5 +523/-199; hunks=.trellis/tasks/08-08-ui3-thickness-fine-dial/design.md@, .trellis/tasks/08-08-ui3-thickness-fine-dial/design.md@Preview --hover/click--> Slider, .trellis/tasks/08-08-ui3-thickness-fine-dial/design.md@Any --close/fold/unavailable/cancel/offSignal--> Preview + cleared int, .trellis/tasks/08-08-ui3-thickness-fine-dial/design.md@Any --close/fold/unavailable/cancel/offSignal--> Preview + cleared int; lines=+- Shared atomics are limited to ViewMode, FineDial continuous visual value, cand | +Slider --drag-zone slop / click-zone down / region-only 1000ms dwell--> FineDial | +- Slider-drag recognition does not change ViewMode. Its base visibility and dwel; product=Inkeys/Inkeys/UI/Bar/Bar.Main.cpp@constexpr double BarThicknessSliderThumbAnimationDur = 0.28;, Inkeys/Inkeys/UI/Bar/Bar.Main.cpp@constexpr double BarThicknessSliderThumbAnimationDur = 0.28;, Inkeys/Inkeys/UI/Bar/Bar.Main.cpp@constexpr double BarThicknessSliderThumbAnimationDur = 0.28;, Inkeys/Inkeys/UI/Bar/Bar.Main.cpp@BarThicknessSliderRange GetBarThicknessSliderRange(; add=constexpr double BarThicknessFineDialActivationPreviewBaseOpacity = 0.5; | constexpr double BarThicknessFineDialSelectionTransitionDur = 0.18; | double ResolveThicknessFineDialUnitTravel(	实际补丁全文读取、变更符号/当前模块静态复核	H0 当前模块: Inkeys/Inkeys/UI/Bar/Bar.Main.cpp, Inkeys/Inkeys/UI/Bar/Bar.State.cppm；旧 Bar.Main 实现后续拆至 Bar.RenderLoop/Interaction/Rendering	已审静态补丁；运行行为未验证		静态源码映射；未运行该历史提交	fix(ui3): refine fine dial recognition and popup exit
b272d4c922cd792c0d68e9fc52d43f35120cc9d3	44e4eaba2ca8e463343b44bc90069bfe011e230e	2026-08-08T23:28:07+08:00	2026-08-08T23:28:07+08:00	bugfix/animation bugfix/eraser bugfix/pptui bugfix/settingui chore/publish dev draw feature/cursor feature/recognition feature/ui3-i18n fluent origin/bugfix/eraser origin/canary origin/dev origin/feature/recognition origin/fluent origin/theme theme	yes	H0 reachable	code	.trellis/tasks/08-08-ui3-thickness-fine-dial, Inkeys/Inkeys/UI	p1:33dc569f03a3/28250; files=4 +312/-82; hunks=.trellis/tasks/08-08-ui3-thickness-fine-dial/implement.md@, .trellis/tasks/08-08-ui3-thickness-fine-dial/implement.md@All three files are strict UTF-8 without BOM and contain CRLF only., .trellis/tasks/08-08-ui3-thickness-fine-dial/implement.md@pointer / physics raw value, .trellis/tasks/08-08-ui3-thickness-fine-dial/implement.md@pointer / physics raw value; lines=+- Checkpoint: `44e4eaba2ca8e463343b44bc90069bfe011e230e` (`feat(ui3): add thickn | +- The GUI correction remains in the working tree; there is no second commit, pus | +- No public API, project-file, resource, configuration, or i18n change.; product=Inkeys/Inkeys/UI/Bar/Bar.Main.cpp@constexpr double BarThicknessSliderThumbAnimationDur = 0.28;, Inkeys/Inkeys/UI/Bar/Bar.Main.cpp@bool IsBarClientPointInLogicalRect(, Inkeys/Inkeys/UI/Bar/Bar.Main.cpp@BarThicknessFineDialHitZone HitTestBarThicknessFineDialActivation(, Inkeys/Inkeys/UI/Bar/Bar.Main.cpp@BarThicknessFineDialHitZone HitTestBarThicknessFineDialActivation(; add=constexpr ULONGLONG BarThicknessFineDialActivationDwellMs = 1000; | constexpr double BarThicknessFineDialActivationPreviewMaxOpacity = 0.5; | constexpr double BarThicknessFineDialActivationPreviewFadeOutDur = 0.18;	实际补丁全文读取、变更符号/当前模块静态复核	H0 当前模块: Inkeys/Inkeys/UI/Bar/Bar.Main.cpp, Inkeys/Inkeys/UI/Bar/Bar.Main.cppm, Inkeys/Inkeys/UI/Bar/Bar.State.cppm；旧 Bar.Main 实现后续拆至 Bar.RenderLoop/Interaction/Rendering	已审静态补丁；运行行为未验证		静态源码映射；未运行该历史提交	fix(ui3): refine thickness fine dial activation
44e4eaba2ca8e463343b44bc90069bfe011e230e	6e7db086b281e36550b8b5a999f31c4407eb4397	2026-08-08T21:16:17+08:00	2026-08-08T21:16:17+08:00	bugfix/animation bugfix/eraser bugfix/pptui bugfix/settingui chore/publish dev draw feature/cursor feature/recognition feature/ui3-i18n fluent origin/bugfix/eraser origin/canary origin/dev origin/feature/recognition origin/fluent origin/theme theme	yes	H0 reachable	code	.trellis/tasks/08-08-ui3-thickness-fine-dial, Inkeys/Inkeys/UI	"p1:6e8083d8af92/117494; files=10 +1954/-173; hunks=.trellis/tasks/08-08-ui3-thickness-fine-dial/check.jsonl@, .trellis/tasks/08-08-ui3-thickness-fine-dial/design.md@, .trellis/tasks/08-08-ui3-thickness-fine-dial/implement.jsonl@, .trellis/tasks/08-08-ui3-thickness-fine-dial/implement.md@; lines=+{""file"":"".trellis/spec/native-desktop/index.md"",""reason"":""Native desktop quality | +{""file"":"".trellis/spec/native-desktop/cpp-conventions.md"",""reason"":""Review share | +{""file"":"".trellis/spec/native-desktop/rendering-and-ui.md"",""reason"":""Review UI3 ; product=Inkeys/Inkeys/UI/Bar/Bar.Main.cpp@constexpr double BarThicknessSliderThumbAnimationDur = 0.28;, Inkeys/Inkeys/UI/Bar/Bar.Main.cpp@struct BarThicknessPreviewGeometry, Inkeys/Inkeys/UI/Bar/Bar.Main.cpp@BarThicknessPreviewGeometry CalculateBarThicknessPreviewGeometry(, Inkeys/Inkeys/UI/Bar/Bar.Main.cpp@bool IsBarThicknessPrecisionDragHit(; add=constexpr double BarThicknessFineDialDragGapDip = 3.0; | constexpr double BarThicknessFineDialDragDepthDip = 12.0; | constexpr double BarThicknessFineDialClickGuardDip = 8.0;"	实际补丁全文读取、变更符号/当前模块静态复核	H0 当前模块: Inkeys/Inkeys/UI/Bar/Bar.Main.cpp, Inkeys/Inkeys/UI/Bar/Bar.Main.cppm, Inkeys/Inkeys/UI/Bar/Bar.State.cppm；旧 Bar.Main 实现后续拆至 Bar.RenderLoop/Interaction/Rendering	已审静态补丁；运行行为未验证		静态源码映射；未运行该历史提交	feat(ui3): add thickness fine dial
6e7db086b281e36550b8b5a999f31c4407eb4397	7a40b1f1ed90b6fc8c4ef37de9e9ca0342206eb1	2026-08-08T18:12:58+08:00	2026-08-08T18:12:58+08:00	bugfix/animation bugfix/eraser bugfix/pptui bugfix/settingui chore/publish dev draw feature/cursor feature/recognition feature/ui3-i18n fluent origin/bugfix/eraser origin/canary origin/dev origin/feature/recognition origin/fluent origin/theme theme	yes	H0 reachable	code	.trellis/tasks/08-07-ui3-thickness-slider-preview-popup, Inkeys/Inkeys/UI	p1:8ce738d6e7ec/43663; files=4 +398/-196; hunks=.trellis/tasks/08-07-ui3-thickness-slider-preview-popup/design.md@, .trellis/tasks/08-07-ui3-thickness-slider-preview-popup/design.md@, .trellis/tasks/08-07-ui3-thickness-slider-preview-popup/design.md@, .trellis/tasks/08-07-ui3-thickness-slider-preview-popup/design.md@; lines=+- 浮窗目标由当前帧已有的 `thicknessSliderThumbVisible` 派生，不新增跨线程原子状态。Hold-lock 不再参与该可见条件，只冻 | +- 新增渲染线程局部动画值：浮窗展开进度、数字移入圆内进度和 Hold 控制行交换进度。浮窗 X 不维护独立动画状态，直接读取 Thumb 当前帧最终布局中心。 | +- 稳态目标 Y 直接由当前 Thumb 中心、Thumb 半径、10 DIP 间距和浮窗半高推导，允许浮窗局部覆盖 DrawAttributeBar；展开进度; product=Inkeys/Inkeys/UI/Bar/Bar.Main.cpp@module;, Inkeys/Inkeys/UI/Bar/Bar.Main.cpp@constexpr short BarTouchCancelMessageMarker = SHRT_MIN + 1;, Inkeys/Inkeys/UI/Bar/Bar.Main.cpp@constexpr double BarThicknessSliderThumbAnimationDur = 0.28;, Inkeys/Inkeys/UI/Bar/Bar.Main.cpp@constexpr double BarThicknessSliderThumbAnimationDur = 0.28;; add=constexpr DWORD_PTR BarPointerMouseSignature = 0xFF515700u; | constexpr DWORD_PTR BarPointerMouseSignatureMask = 0xFFFFFF00u; | constexpr DWORD_PTR BarPointerMouseTouchFlag = 0x00000080u;	实际补丁全文读取、变更符号/当前模块静态复核	H0 当前模块: Inkeys/Inkeys/UI/Bar/Bar.Main.cpp；旧 Bar.Main 实现后续拆至 Bar.RenderLoop/Interaction/Rendering	已审静态补丁；运行行为未验证		静态源码映射；未运行该历史提交	feat(ui3): 完善粗细滑块预览与精细调节
7a40b1f1ed90b6fc8c4ef37de9e9ca0342206eb1	53c6c006beceb27a7d660edbd02658a576cd257f	2026-08-08T11:48:55+08:00	2026-08-08T11:48:55+08:00	bugfix/animation bugfix/eraser bugfix/pptui bugfix/settingui chore/publish dev draw feature/cursor feature/recognition feature/ui3-i18n fluent origin/bugfix/eraser origin/canary origin/dev origin/feature/recognition origin/fluent origin/theme theme	yes	H0 reachable	code	.trellis/tasks/08-07-ui3-thickness-slider-preview-popup, Inkeys/Inkeys/UI	"p1:08baaf09794f/41924; files=8 +619/-120; hunks=.trellis/tasks/08-07-ui3-thickness-slider-preview-popup/check.jsonl@, .trellis/tasks/08-07-ui3-thickness-slider-preview-popup/design.md@, .trellis/tasks/08-07-ui3-thickness-slider-preview-popup/implement.jsonl@, .trellis/tasks/08-07-ui3-thickness-slider-preview-popup/implement.md@; lines=+{""file"": "".trellis/spec/native-desktop/index.md"", ""reason"": ""复核 UI3 Bar 范围、平台边界和 | +{""file"": "".trellis/spec/native-desktop/rendering-and-ui.md"", ""reason"": ""检查动画连续性、 | +{""file"": "".trellis/spec/native-desktop/cpp-conventions.md"", ""reason"": ""检查最小改动、局部; product=Inkeys/Inkeys/UI/Bar/Bar.Main.cpp@constexpr double BarThicknessSliderThumbAnimationDur = 0.28;, Inkeys/Inkeys/UI/Bar/Bar.Main.cpp@constexpr double BarThicknessSliderThumbAnimationDur = 0.28;, Inkeys/Inkeys/UI/Bar/Bar.Main.cpp@void BarUISetClass::Rendering(), Inkeys/Inkeys/UI/Bar/Bar.Main.cpp@void BarUISetClass::Rendering(); add=constexpr double BarThicknessPreviewPopupAnimationDur = 0.40; | constexpr double BarThicknessPreviewNumberAnimationDur = 0.18; | constexpr double BarThicknessPreviewAvoidAnimationDur = 0.18;"	实际补丁全文读取、变更符号/当前模块静态复核	H0 当前模块: Inkeys/Inkeys/UI/Bar/Bar.Main.cpp, Inkeys/Inkeys/UI/Bar/Bar.Main.cppm；旧 Bar.Main 实现后续拆至 Bar.RenderLoop/Interaction/Rendering	已审静态补丁；运行行为未验证		静态源码映射；未运行该历史提交	Add thickness slider preview popup
53c6c006beceb27a7d660edbd02658a576cd257f	6f14efa5c53d190d658ecdbdf92016fd2d86b59e	2026-08-07T21:07:36+08:00	2026-08-07T21:07:36+08:00	bugfix/animation bugfix/eraser bugfix/pptui bugfix/settingui chore/publish dev draw feature/cursor feature/recognition feature/ui3-i18n fluent origin/bugfix/eraser origin/canary origin/dev origin/feature/recognition origin/fluent origin/theme theme	yes	H0 reachable	code	.trellis/tasks/08-06-ui3-draw-attribute-incremental-adjustments, Inkeys/Inkeys/UI	p1:138547c37404/16488; files=5 +199/-47; hunks=.trellis/tasks/08-06-ui3-draw-attribute-incremental-adjustments/design.md@, .trellis/tasks/08-06-ui3-draw-attribute-incremental-adjustments/design.md@, .trellis/tasks/08-06-ui3-draw-attribute-incremental-adjustments/design.md@Remove `drawAttributeThicknessSliderUsePositionB` and its snapshot ass, .trellis/tasks/08-06-ui3-draw-attribute-incremental-adjustments/implement.md@; lines=+| Touch source/state | `Bar.Main.cpp` 的 `WM_TOUCH` 合成消息用非滚轮 `wheel` 字段携带 Bar 局部触 | +11. **Direct touch on thickness Preview.** `WM_TOUCH` currently synthesizes ordi | +Tag only the DOWN/MOVE/UP messages synthesized by the Bar's `WM_TOUCH` path thro; product=Inkeys/Inkeys/UI/Bar/Bar.Main.cpp@constexpr UINT BarColorPickerCaptureMessage = WM_APP + 0x34;, Inkeys/Inkeys/UI/Bar/Bar.Main.cpp@constexpr double BarThicknessSliderThumbAnimationDur = 0.28;, Inkeys/Inkeys/UI/Bar/Bar.Main.cpp@bool IsBarPresetColor(COLORREF color), Inkeys/Inkeys/UI/Bar/Bar.Main.cpp@LRESULT CALLBACK barWindowMsgCallback(HWND hWnd, UINT msg, WPARAM wParam, LPARAM; add=constexpr short BarTouchPointerMessageMarker = SHRT_MIN; | constexpr short BarTouchCancelMessageMarker = SHRT_MIN + 1; | constexpr double BarThicknessPreviewTouchSlopDip = 5.0;	实际补丁全文读取、变更符号/当前模块静态复核	H0 当前模块: Inkeys/Inkeys/UI/Bar/Bar.Main.cpp, Inkeys/Inkeys/UI/Bar/Bar.State.cppm；旧 Bar.Main 实现后续拆至 Bar.RenderLoop/Interaction/Rendering	已审静态补丁；运行行为未验证		静态源码映射；未运行该历史提交	Add direct touch thickness gestures
6f14efa5c53d190d658ecdbdf92016fd2d86b59e	60402f0e0bb58143c79289518ed9b66e4fa8e315	2026-08-07T20:09:49+08:00	2026-08-07T20:09:49+08:00	bugfix/animation bugfix/eraser bugfix/pptui bugfix/settingui chore/publish dev draw feature/cursor feature/recognition feature/ui3-i18n fluent origin/bugfix/eraser origin/canary origin/dev origin/feature/recognition origin/fluent origin/theme theme	yes	H0 reachable	code	Inkeys/Inkeys/UI	p1:e77aaed368a9/692; files=1 +4/-3; hunks=Inkeys/Inkeys/UI/Bar/Bar.Main.cpp@void BarUISetClass::Rendering(), Inkeys/Inkeys/UI/Bar/Bar.Main.cpp@void BarUISetClass::Rendering(); lines=+- geometry.previewSide; product=Inkeys/Inkeys/UI/Bar/Bar.Main.cpp@void BarUISetClass::Rendering(), Inkeys/Inkeys/UI/Bar/Bar.Main.cpp@void BarUISetClass::Rendering(); add=- geometry.previewSide	实际补丁全文读取、变更符号/当前模块静态复核	H0 当前模块: Inkeys/Inkeys/UI/Bar/Bar.Main.cpp；旧 Bar.Main 实现后续拆至 Bar.RenderLoop/Interaction/Rendering	已审静态补丁；运行行为未验证		静态源码映射；未运行该历史提交	Fix downward thickness slider position
60402f0e0bb58143c79289518ed9b66e4fa8e315	28e7a51aabffe46764c507968578ac13c5b901f3	2026-08-07T19:49:21+08:00	2026-08-07T19:49:21+08:00	bugfix/animation bugfix/eraser bugfix/pptui bugfix/settingui chore/publish dev draw feature/cursor feature/recognition feature/ui3-i18n fluent origin/bugfix/eraser origin/canary origin/dev origin/feature/recognition origin/fluent origin/theme theme	yes	H0 reachable	code	Inkeys/Inkeys/UI	p1:082318b44615/3741; files=1 +51/-5; hunks=Inkeys/Inkeys/UI/Bar/Bar.Main.cpp@std::atomic_uint BarCanvasDrawingActivityCount = 0;, Inkeys/Inkeys/UI/Bar/Bar.Main.cpp@void BarUISetClass::Rendering(), Inkeys/Inkeys/UI/Bar/Bar.Main.cpp@SetButtonPositionTar(temp->buttom.x, xO - barBtnGap / 2.0, 40.0, true), Inkeys/Inkeys/UI/Bar/Bar.Main.cpp@SetButtonPositionTar(temp->buttom.x, xO - barBtnGap / 2.0, 40.0, true); lines=+IdtAtomic<bool> BarColorPickerEntryPressed = false; | +BarUiValueClass drawAttributeColorPickerEntryPressScale(1.0); | +bool customPressed = BarColorPickerEntryPressed; product=Inkeys/Inkeys/UI/Bar/Bar.Main.cpp@std::atomic_uint BarCanvasDrawingActivityCount = 0;, Inkeys/Inkeys/UI/Bar/Bar.Main.cpp@void BarUISetClass::Rendering(), Inkeys/Inkeys/UI/Bar/Bar.Main.cpp@SetButtonPositionTar(temp->buttom.x, xO - barBtnGap / 2.0, 40.0, true);, Inkeys/Inkeys/UI/Bar/Bar.Main.cpp@SetButtonPositionTar(temp->buttom.x, xO - barBtnGap / 2.0, 40.0, true);; add=IdtAtomic<bool> BarColorPickerEntryPressed = false; | BarUiValueClass drawAttributeColorPickerEntryPressScale(1.0); | bool customPressed = BarColorPickerEntryPressed	实际补丁全文读取、变更符号/当前模块静态复核	H0 当前模块: Inkeys/Inkeys/UI/Bar/Bar.Main.cpp；旧 Bar.Main 实现后续拆至 Bar.RenderLoop/Interaction/Rendering	已审静态补丁；运行行为未验证		静态源码映射；未运行该历史提交	Polish color picker entry interaction
28e7a51aabffe46764c507968578ac13c5b901f3	c99c579babfce25782eb4b3b916ddf6e25c9335b	2026-08-07T14:41:14+08:00	2026-08-07T14:41:14+08:00	bugfix/animation bugfix/eraser bugfix/pptui bugfix/settingui chore/publish dev draw feature/cursor feature/recognition feature/ui3-i18n fluent origin/bugfix/eraser origin/canary origin/dev origin/feature/recognition origin/fluent origin/theme theme	yes	H0 reachable	code	Inkeys/Inkeys/UI	p1:9e3cdfde9e88/3066; files=1 +35/-11; hunks=Inkeys/Inkeys/UI/Bar/Bar.Main.cpp@constexpr ULONGLONG BarColorPickerHoldLockDelayMs = 1500;, Inkeys/Inkeys/UI/Bar/Bar.Main.cpp@double closeButtonSize =, Inkeys/Inkeys/UI/Bar/Bar.Main.cpp@double closeButtonSize =, Inkeys/Inkeys/UI/Bar/Bar.Main.cpp@double closeButtonSize =; lines=+constexpr double BarColorPickerPanelAnimationDur = 0.40; | +constexpr double BarColorPickerCompactScale = BarDrawAttributeCompactScale; | +constexpr double BarColorPickerCompactWidth =; product=Inkeys/Inkeys/UI/Bar/Bar.Main.cpp@constexpr ULONGLONG BarColorPickerHoldLockDelayMs = 1500;, Inkeys/Inkeys/UI/Bar/Bar.Main.cpp@double closeButtonSize =, Inkeys/Inkeys/UI/Bar/Bar.Main.cpp@double closeButtonSize =, Inkeys/Inkeys/UI/Bar/Bar.Main.cpp@double closeButtonSize =; add=constexpr double BarColorPickerPanelAnimationDur = 0.40; | constexpr double BarColorPickerCompactScale = BarDrawAttributeCompactScale; | constexpr double BarColorPickerCompactWidth =	实际补丁全文读取、变更符号/当前模块静态复核	H0 当前模块: Inkeys/Inkeys/UI/Bar/Bar.Main.cpp；旧 Bar.Main 实现后续拆至 Bar.RenderLoop/Interaction/Rendering	已审静态补丁；运行行为未验证		静态源码映射；未运行该历史提交	Refine color picker animation, sizing, lighting
c99c579babfce25782eb4b3b916ddf6e25c9335b	76c80c79ce40f0c5bf6e4ca176cfc014734c8ba5	2026-08-07T13:42:27+08:00	2026-08-07T13:42:27+08:00	bugfix/animation bugfix/eraser bugfix/pptui bugfix/settingui chore/publish dev draw feature/cursor feature/recognition feature/ui3-i18n fluent origin/bugfix/eraser origin/canary origin/dev origin/feature/recognition origin/fluent origin/theme theme	yes	H0 reachable	code	Inkeys/Inkeys/UI	p1:445ad168601b/1922; files=1 +10/-15; hunks=Inkeys/Inkeys/UI/Bar/Bar.Main.cpp@SetButtonPositionTar(temp->buttom.x, xO - barBtnGap / 2.0, 40.0, true), Inkeys/Inkeys/UI/Bar/Bar.Main.cpp@bool thicknessPresetMode =, Inkeys/Inkeys/UI/Bar/Bar.Main.cpp@bool thicknessPresetMode =, Inkeys/Inkeys/UI/Bar/Bar.Main.cpp@bool thicknessPresetMode =; lines=+GetThemeColor(BarThemeColorEnum::Accent)); | +shape->fill.value().SetTar(selected | +shape->frame.value().SetTar(selected; product=Inkeys/Inkeys/UI/Bar/Bar.Main.cpp@SetButtonPositionTar(temp->buttom.x, xO - barBtnGap / 2.0, 40.0, true);, Inkeys/Inkeys/UI/Bar/Bar.Main.cpp@bool thicknessPresetMode =, Inkeys/Inkeys/UI/Bar/Bar.Main.cpp@bool thicknessPresetMode =, Inkeys/Inkeys/UI/Bar/Bar.Main.cpp@bool thicknessPresetMode =; add=GetThemeColor(BarThemeColorEnum::Accent)); | shape->fill.value().SetTar(selected | shape->frame.value().SetTar(selected	实际补丁全文读取、变更符号/当前模块静态复核	H0 当前模块: Inkeys/Inkeys/UI/Bar/Bar.Main.cpp；旧 Bar.Main 实现后续拆至 Bar.RenderLoop/Interaction/Rendering	已审静态补丁；运行行为未验证		静态源码映射；未运行该历史提交	Fix pressed arrow colors
76c80c79ce40f0c5bf6e4ca176cfc014734c8ba5	d4110a4a83e0412f13c27463bbf033ca8c830967	2026-08-07T11:36:09+08:00	2026-08-07T11:36:09+08:00	bugfix/animation bugfix/eraser bugfix/pptui bugfix/settingui chore/publish dev draw feature/cursor feature/recognition feature/ui3-i18n fluent origin/bugfix/eraser origin/canary origin/dev origin/feature/recognition origin/fluent origin/theme theme	yes	H0 reachable	code	Inkeys/Inkeys/UI	p1:a1e298a8d583/4743; files=1 +39/-35; hunks=Inkeys/Inkeys/UI/Bar/Bar.Main.cpp@void BarUISetClass::Rendering(), Inkeys/Inkeys/UI/Bar/Bar.Main.cpp@void BarUISetClass::Rendering(), Inkeys/Inkeys/UI/Bar/Bar.Main.cpp@void BarUISetClass::Rendering(), Inkeys/Inkeys/UI/Bar/Bar.Main.cpp@SetButtonPositionTar(temp->buttom.x, xO - barBtnGap / 2.0, 40.0, true); lines=+? BarUiCurveEnum::EaseOutBack : BarUiCurveEnum::EaseInBack, | +? BarUiCurveEnum::EaseOutBack : BarUiCurveEnum::EaseInBack, | +GetThemeColor(barState.drawAttributeBar.penTypeExtensionPress; product=Inkeys/Inkeys/UI/Bar/Bar.Main.cpp@void BarUISetClass::Rendering(), Inkeys/Inkeys/UI/Bar/Bar.Main.cpp@void BarUISetClass::Rendering(), Inkeys/Inkeys/UI/Bar/Bar.Main.cpp@void BarUISetClass::Rendering(), Inkeys/Inkeys/UI/Bar/Bar.Main.cpp@SetButtonPositionTar(temp->buttom.x, xO - barBtnGap / 2.0, 40.0, true);; add=? BarUiCurveEnum::EaseOutBack : BarUiCurveEnum::EaseInBack, | ? BarUiCurveEnum::EaseOutBack : BarUiCurveEnum::EaseInBack, | GetThemeColor(barState.drawAttributeBar.penTypeExtensionPress	实际补丁全文读取、变更符号/当前模块静态复核	H0 当前模块: Inkeys/Inkeys/UI/Bar/Bar.Main.cpp；旧 Bar.Main 实现后续拆至 Bar.RenderLoop/Interaction/Rendering	已审静态补丁；运行行为未验证		静态源码映射；未运行该历史提交	Polish UI3 popup and arrow feedback
d4110a4a83e0412f13c27463bbf033ca8c830967	b92f442f06a6e2792621cf445c3e7f7bde612ad8	2026-08-07T10:52:37+08:00	2026-08-07T10:52:37+08:00	bugfix/animation bugfix/eraser bugfix/pptui bugfix/settingui chore/publish dev draw feature/cursor feature/recognition feature/ui3-i18n fluent origin/bugfix/eraser origin/canary origin/dev origin/feature/recognition origin/fluent origin/theme theme	yes	H0 reachable	code	.trellis/tasks/08-06-ui3-draw-attribute-incremental-adjustments, Inkeys/Inkeys/UI	"p1:83e015878886/40596; files=8 +403/-94; hunks=.trellis/tasks/08-06-ui3-draw-attribute-incremental-adjustments/check.jsonl@, .trellis/tasks/08-06-ui3-draw-attribute-incremental-adjustments/design.md@, .trellis/tasks/08-06-ui3-draw-attribute-incremental-adjustments/implement.jsonl@, .trellis/tasks/08-06-ui3-draw-attribute-incremental-adjustments/implement.md@; lines=+{""_example"": ""Fill with {\""file\"": \""<path>\"", \""reason\"": \""<why>\""}. Put spec/ | +# 技术设计 | +## Boundaries; product=Inkeys/Inkeys/UI/Bar/Bar.Main.cpp@constexpr double BarBrushThicknessPresetDip[] = { 1.0, 3.0, 6.0 };, Inkeys/Inkeys/UI/Bar/Bar.Main.cpp@void BarUISetClass::Rendering(), Inkeys/Inkeys/UI/Bar/Bar.Main.cpp@void BarUISetClass::Rendering(), Inkeys/Inkeys/UI/Bar/Bar.Main.cpp@void BarUISetClass::Rendering(); add=constexpr double BarHighlighterThicknessPresetDip[] = { 35.0, 50.0, 70.0 }; | if (!drawAttributeThicknessSliderPositionLocked) return centerY; | BarUISetWordEnum::DrawAttributeBar_ColorPickerRgbValue,"	实际补丁全文读取、变更符号/当前模块静态复核	H0 当前模块: Inkeys/Inkeys/UI/Bar/Bar.Main.cpp, Inkeys/Inkeys/UI/Bar/Bar.Main.cppm；旧 Bar.Main 实现后续拆至 Bar.RenderLoop/Interaction/Rendering	已审静态补丁；运行行为未验证		静态源码映射；未运行该历史提交	Refine UI3 draw attribute interactions
b92f442f06a6e2792621cf445c3e7f7bde612ad8	169731f6ba5b47cf58ebc19095cfe42694d0a31f	2026-08-06T21:27:21+08:00	2026-08-06T21:27:21+08:00	bugfix/animation bugfix/eraser bugfix/pptui bugfix/settingui chore/publish dev draw feature/cursor feature/recognition feature/ui3-i18n fluent origin/bugfix/eraser origin/canary origin/dev origin/feature/recognition origin/fluent origin/theme theme	yes	H0 reachable	docs	.trellis/workspace/AlanCRL	p1:04cca52ca3e8/1565; files=2 +26/-3; hunks=.trellis/workspace/AlanCRL/index.md@, .trellis/workspace/AlanCRL/index.md@, .trellis/workspace/AlanCRL/index.md@, .trellis/workspace/AlanCRL/journal-1.md@Implemented the UI3 geometry panel and toolbar refinements: swapped Ge; lines=+- **Total Sessions**: 14 | +- **Last Active**: 2026-08-06 | +| `journal-1.md` | ~414 | Active |; product=none	补丁全文读取；文档/任务状态简审	H0 文档/任务记录：bugfix/animation, bugfix/eraser	不适用（无产品可执行代码改动）		静态文件差异；无需运行验证	chore: record journal
169731f6ba5b47cf58ebc19095cfe42694d0a31f	7a5e59a9a83f41bc1a4a08a58b634519dbbbfcb5	2026-08-06T21:26:47+08:00	2026-08-06T21:26:47+08:00	bugfix/animation bugfix/eraser bugfix/pptui bugfix/settingui chore/publish dev draw feature/cursor feature/recognition feature/ui3-i18n fluent origin/bugfix/eraser origin/canary origin/dev origin/feature/recognition origin/fluent origin/theme theme	yes	H0 reachable	docs	.trellis/tasks/archive	"p1:b432735176ac/25519; files=6 +310/-0; hunks=.trellis/tasks/archive/2026-08/08-05-ui3-draw-attribute-layout/check.jsonl@, .trellis/tasks/archive/2026-08/08-05-ui3-draw-attribute-layout/design.md@, .trellis/tasks/archive/2026-08/08-05-ui3-draw-attribute-layout/implement.jsonl@, .trellis/tasks/archive/2026-08/08-05-ui3-draw-attribute-layout/implement.md@; lines=+{""file"": "".trellis/spec/native-desktop/rendering-and-ui.md"", ""reason"": ""检查第三光、动画 | +{""file"": "".trellis/spec/native-desktop/input-and-ink.md"", ""reason"": ""检查 Preview/ | +{""file"": "".trellis/spec/native-desktop/build-and-compatibility.md"", ""reason"": ""按; product=none"	补丁全文读取；文档/任务状态简审	H0 文档/任务记录：bugfix/animation, bugfix/eraser	不适用（无产品可执行代码改动）		静态文件差异；无需运行验证	chore(task): archive 08-05-ui3-draw-attribute-layout
7a5e59a9a83f41bc1a4a08a58b634519dbbbfcb5	26259fdef28ff7a9cf0fb18406279cd408ca5ebf	2026-08-06T11:49:21+08:00	2026-08-06T11:49:21+08:00	bugfix/animation bugfix/eraser bugfix/pptui bugfix/settingui chore/publish dev draw feature/cursor feature/recognition feature/ui3-i18n fluent origin/bugfix/eraser origin/canary origin/dev origin/feature/recognition origin/fluent origin/theme theme	yes	H0 reachable	code+project	Inkeys/Inkeys.rc, Inkeys/Inkeys.vcxproj, Inkeys/Inkeys.vcxproj.filters, Inkeys/Inkeys/UI, Inkeys/src/UI	"p1:36e11c4459c2/23634; files=6 +230/-156; hunks=Inkeys/Inkeys.rc@BARTHICKNESSADJUST      UI                      ""src\\UI\\barThickness, Inkeys/Inkeys.vcxproj@, Inkeys/Inkeys.vcxproj.filters@, Inkeys/Inkeys/UI/Bar/Bar.Main.cpp@constexpr double BarDrawAttributePenTypeLeft =; lines=+FLUENTCHECKMARK12FILLED UI                      ""src\\UI\\fluentCheckmark12Fille | +<None Include=""src\UI\fluentCheckmark12Filled.svg"" /> | +<None Include=""src\UI\fluentCheckmark12Filled.svg"">; product=Inkeys/Inkeys.rc@BARTHICKNESSADJUST      UI                      ""src\\UI\\barThicknessAdjust.svg, Inkeys/Inkeys.vcxproj@, Inkeys/Inkeys/UI/Bar/Bar.Main.cpp@constexpr double BarDrawAttributePenTypeLeft =, Inkeys/Inkeys/UI/Bar/Bar.Main.cpp@constexpr double BarDrawAttributePenTypeMenuPadding = 5.0;; add=FLUENTCHECKMARK12FILLED UI                      ""src\\UI\\fluentCheckmark12Filled.svg"" | <None Include=""src\UI\fluentCheckmark12Filled.svg"" /> | constexpr double BarDrawAttributeThicknessDividerLeft ="	实际补丁全文读取、变更符号/当前模块静态复核	H0 当前模块: Inkeys/Inkeys.rc, Inkeys/Inkeys.vcxproj, Inkeys/Inkeys/UI/Bar/Bar.Main.cpp, Inkeys/Inkeys/UI/Bar/Bar.State.cppm；旧 Bar.Main 实现后续拆至 Bar.RenderLoop/Interaction/Rendering	已审静态补丁；运行行为未验证		静态源码映射；未运行该历史提交	Fix draw attribute popup interactions
26259fdef28ff7a9cf0fb18406279cd408ca5ebf	5fdac1635ae1e37ace49d80d87e40ee11385ba0e	2026-08-06T10:10:34+08:00	2026-08-06T10:10:34+08:00	bugfix/animation bugfix/eraser bugfix/pptui bugfix/settingui chore/publish dev draw feature/cursor feature/recognition feature/ui3-i18n fluent origin/bugfix/eraser origin/canary origin/dev origin/feature/recognition origin/fluent origin/theme theme	yes	H0 reachable	code	Inkeys/Inkeys/UI	p1:66746b6a8b2c/75042; files=3 +1130/-292; hunks=Inkeys/Inkeys/UI/Bar/Bar.Main.cpp@constexpr double BarDrawAttributeThicknessContentInset =, Inkeys/Inkeys/UI/Bar/Bar.Main.cpp@constexpr double BarGeometryAttributeThicknessButtonSize = 30.0;, Inkeys/Inkeys/UI/Bar/Bar.Main.cpp@BarThicknessPreviewGeometry CalculateBarThicknessPreviewGeometry(, Inkeys/Inkeys/UI/Bar/Bar.Main.cpp@BarThicknessPreviewGeometry CalculateBarThicknessPreviewGeometry(; lines=+constexpr double BarUiDividerWidth = 1.0; | +constexpr double BarUiDividerRadius = 0.5; | +constexpr double BarUiDividerCursorLightIntensity = 0.30;; product=Inkeys/Inkeys/UI/Bar/Bar.Main.cpp@constexpr double BarDrawAttributeThicknessContentInset =, Inkeys/Inkeys/UI/Bar/Bar.Main.cpp@constexpr double BarGeometryAttributeThicknessButtonSize = 30.0;, Inkeys/Inkeys/UI/Bar/Bar.Main.cpp@BarThicknessPreviewGeometry CalculateBarThicknessPreviewGeometry(, Inkeys/Inkeys/UI/Bar/Bar.Main.cpp@BarThicknessPreviewGeometry CalculateBarThicknessPreviewGeometry(; add=constexpr double BarUiDividerWidth = 1.0; | constexpr double BarUiDividerRadius = 0.5; | constexpr double BarUiDividerCursorLightIntensity = 0.30;	实际补丁全文读取、变更符号/当前模块静态复核	H0 当前模块: Inkeys/Inkeys/UI/Bar/Bar.Main.cpp, Inkeys/Inkeys/UI/Bar/Bar.Main.cppm, Inkeys/Inkeys/UI/Bar/Bar.State.cppm；旧 Bar.Main 实现后续拆至 Bar.RenderLoop/Interaction/Rendering	已审静态补丁；运行行为未验证		静态源码映射；未运行该历史提交	Refine draw attribute layout and annotation menu
5fdac1635ae1e37ace49d80d87e40ee11385ba0e	7563957d740faac6ba9c193384b9b929804bea45	2026-08-05T16:03:03+08:00	2026-08-05T16:03:03+08:00	bugfix/animation bugfix/eraser bugfix/pptui bugfix/settingui chore/publish dev draw feature/cursor feature/recognition feature/ui3-i18n fluent origin/bugfix/eraser origin/canary origin/dev origin/feature/recognition origin/fluent origin/theme theme	yes	H0 reachable	code	.trellis/spec/native-desktop, .trellis/tasks/08-03-ui3-bar-more-overflow, Inkeys/Inkeys/UI	p1:e9094c6dd885/5736; files=6 +8/-8; hunks=.trellis/spec/native-desktop/configuration-i18n-and-assets.md@, .trellis/spec/native-desktop/configuration-i18n-and-assets.md@, .trellis/tasks/08-03-ui3-bar-more-overflow/design.md@, .trellis/tasks/08-03-ui3-bar-more-overflow/implement.md@; lines=+- **交界分割线**：运行时注入 `Inkeys.Bar.Divider` 且**不写入**三区配置。当前虚拟投影始终包含 More 与 Setting，因此 | +- 手工验证主栏两条 Divider 保持 `oneTwo` 两行布局占用但只绘制垂直居中的 `1x50` DIP 纯 Shape，以及 `0.30` 填充/第 | +- Divider 继续作为运行时交界对象注入，但视觉只绘制其 Shape：宽高 `1x50` DIP、圆角 `0.5`、SurfaceFrame 填充透明度 ; product=Inkeys/Inkeys/UI/Bar/Bar.Buttom.cpp@void BarButtomSetClass::PresetInitialization(), Inkeys/Inkeys/UI/Bar/Bar.Main.cpp@SetButtonPositionTar(temp->buttom.x, xO - barBtnGap / 2.0, 40.0, true);; add=obj->buttom.Initialization(0.0, 0.0, 1.0, 50.0, 0.5, 0.5, | temp->buttom.h.SetTar(50.0, operationDur);	实际补丁全文读取、变更符号/当前模块静态复核	H0 当前模块: Inkeys/Inkeys/UI/Bar/Bar.Main.cpp；旧 Bar.Main 实现后续拆至 Bar.RenderLoop/Interaction/Rendering	已审静态补丁；运行行为未验证		静态源码映射；未运行该历史提交	Set main bar divider height to 50 DIP
7563957d740faac6ba9c193384b9b929804bea45	754292a8d3d3ba8f2a3ad6b67c304570ed2ac941	2026-08-04T20:11:11+08:00	2026-08-04T20:11:11+08:00	bugfix/animation bugfix/eraser bugfix/pptui bugfix/settingui chore/publish dev draw feature/cursor feature/recognition feature/ui3-i18n fluent origin/bugfix/eraser origin/canary origin/dev origin/feature/recognition origin/fluent origin/theme theme	yes	H0 reachable	code	.trellis/spec/native-desktop, .trellis/tasks/08-03-ui3-bar-more-overflow, Inkeys/Inkeys/UI	p1:d6bed708912a/15699; files=6 +129/-50; hunks=.trellis/spec/native-desktop/configuration-i18n-and-assets.md@, .trellis/spec/native-desktop/configuration-i18n-and-assets.md@, .trellis/spec/native-desktop/configuration-i18n-and-assets.md@, .trellis/tasks/08-03-ui3-bar-more-overflow/design.md@; lines=+- **交界分割线**：运行时注入 `Inkeys.Bar.Divider` 且**不写入**三区配置。当前虚拟投影始终包含 More 与 Setting，因此 | +- **交界分割线交互**：Divider 必须从主栏悬停动画推进、指针扫描及点击/按压命中入口显式排除。遗留 hover、pressed、pressScale | +| 主栏 Divider 前存在未填满的小按钮列 | 先结束该列，Divider 居中放入既有 5 DIP 间隙，下一组从新列开始且总宽度不因 Divider ; product=Inkeys/Inkeys/UI/Bar/Bar.Buttom.cpp@void BarButtomSetClass::PresetInitialization(), Inkeys/Inkeys/UI/Bar/Bar.Buttom.cpp@void BarButtomSetClass::PresetInitialization(), Inkeys/Inkeys/UI/Bar/Bar.Buttom.cpp@void BarButtomSetClass::PresetInitialization(), Inkeys/Inkeys/UI/Bar/Bar.Main.cpp@if (stateMode.StateModeSelect == StateModeSelectEnum::IdtPen); add=const COLORREF dividerColor = GetThemeColor(BarThemeColorEnum::SurfaceFrame); | obj->buttom.Initialization(0.0, 0.0, 1.0, 35.0, 0.5, 0.5, | 1.0, dividerColor, dividerColor);	实际补丁全文读取、变更符号/当前模块静态复核	H0 当前模块: Inkeys/Inkeys/UI/Bar/Bar.Main.cpp；旧 Bar.Main 实现后续拆至 Bar.RenderLoop/Interaction/Rendering	已审静态补丁；运行行为未验证		静态源码映射；未运行该历史提交	Refine main bar divider styling and layout
754292a8d3d3ba8f2a3ad6b67c304570ed2ac941	4da48e8918da206c28cac7be418dad490035f183	2026-08-04T19:09:18+08:00	2026-08-04T19:09:18+08:00	bugfix/animation bugfix/eraser bugfix/pptui bugfix/settingui chore/publish dev draw feature/cursor feature/recognition feature/ui3-i18n fluent origin/bugfix/eraser origin/canary origin/dev origin/feature/recognition origin/fluent origin/theme theme	yes	H0 reachable	code	.trellis/spec/native-desktop, .trellis/tasks/08-03-ui3-bar-more-overflow, Inkeys/Inkeys/UI	p1:8723d6c17b98/7386; files=5 +41/-15; hunks=.trellis/spec/native-desktop/configuration-i18n-and-assets.md@, .trellis/tasks/08-03-ui3-bar-more-overflow/design.md@, .trellis/tasks/08-03-ui3-bar-more-overflow/implement.md@, .trellis/tasks/08-03-ui3-bar-more-overflow/prd.md@; lines=+- **More 浮层**：每个标准单元为 70 DIP，按 `twoTwo`/`twoOne`/`oneTwo`/`oneOne` 子网格近方形打包，最多五列 | +- 根面板、关闭按钮和分割线复用几何面板的 Surface/PointLight/动画风格；根面板关闭时以 More 按钮中心为 60×30 紧凑态，使用绘制属 | +- 浮层子内容以完整面板中心和同一个比例缩放。按钮位置始终保存为主栏局部坐标：展开时由面板中心换算，收起时缩在 More 入口下方，使按钮从 More 补位到主; product=Inkeys/Inkeys/UI/Bar/Bar.Main.cpp@for (size_t i = 0; i < 3; ++i), Inkeys/Inkeys/UI/Bar/Bar.Main.cpp@for (size_t i = 0; i < 3; ++i), Inkeys/Inkeys/UI/Bar/Bar.Main.cpp@for (size_t i = 0; i < 3; ++i), Inkeys/Inkeys/UI/Bar/Bar.Main.cpp@for (size_t i = 0; i < 3; ++i); add=auto ScalePanelContentX = [&](double logicalX) | return panelCenterX + (logicalX - panelWidth / 2.0) * scale; | auto ScalePanelContentY = [&](double logicalY)	实际补丁全文读取、变更符号/当前模块静态复核	H0 当前模块: Inkeys/Inkeys/UI/Bar/Bar.Main.cpp；旧 Bar.Main 实现后续拆至 Bar.RenderLoop/Interaction/Rendering	已审静态补丁；运行行为未验证		静态源码映射；未运行该历史提交	Refine More panel compact layout
4da48e8918da206c28cac7be418dad490035f183	daa87408d525c7d941c89d1f2f9b7381b2f77a5a	2026-08-04T18:51:48+08:00	2026-08-04T18:51:48+08:00	bugfix/animation bugfix/eraser bugfix/pptui bugfix/settingui chore/publish dev draw feature/cursor feature/recognition feature/ui3-i18n fluent origin/bugfix/eraser origin/canary origin/dev origin/feature/recognition origin/fluent origin/theme theme	yes	H0 reachable	code	.trellis/spec/native-desktop, .trellis/tasks/08-03-ui3-bar-more-overflow, Inkeys/Inkeys/UI	p1:8aa8e08f4ac4/12321; files=5 +67/-34; hunks=.trellis/spec/native-desktop/configuration-i18n-and-assets.md@, .trellis/spec/native-desktop/configuration-i18n-and-assets.md@, .trellis/tasks/08-03-ui3-bar-more-overflow/design.md@, .trellis/tasks/08-03-ui3-bar-more-overflow/design.md@; lines=+- **More 浮层**：每个标准单元为 70 DIP，按 `twoTwo`/`twoOne`/`oneTwo`/`oneOne` 子网格近方形打包，最多五列 | +- **More 交互**：点击外部先关闭并继续处理同一鼠标消息；面板正文消费点击；X 复用独立按钮悬停填充、按下缩小、拖出取消与抬起关闭；浮层完全隐藏时直接同 | +- 手工验证 0/1/2/3+ 个旧组件的主栏容量、MoreBoundary 两组顺序、分割线条件、上下展开物理行方向、与绘制属性一致的时长及 Back/Sin; product=Inkeys/Inkeys/UI/Bar/Bar.Main.cpp@constexpr double BarMorePanelSeparatorGap = 10.0;, Inkeys/Inkeys/UI/Bar/Bar.Main.cpp@void BarUISetClass::Rendering(), Inkeys/Inkeys/UI/Bar/Bar.Main.cpp@for (size_t i = 0; i < 3; ++i), Inkeys/Inkeys/UI/Bar/Bar.Main.cpp@for (size_t i = 0; i < 3; ++i); add=BarUiValueClass morePanelOpacity(0.0); | BarUiDefaultOperationDur, nullopt, false, | morePanelOpacity.SetTar(open ? 1.0 : 0.0,	实际补丁全文读取、变更符号/当前模块静态复核	H0 当前模块: Inkeys/Inkeys/UI/Bar/Bar.Main.cpp；旧 Bar.Main 实现后续拆至 Bar.RenderLoop/Interaction/Rendering	已审静态补丁；运行行为未验证		静态源码映射；未运行该历史提交	Align More panel animation and hidden state
daa87408d525c7d941c89d1f2f9b7381b2f77a5a	f775b4c441748ad3658ac1bfc998742da133fe68	2026-08-04T18:08:20+08:00	2026-08-04T18:08:20+08:00	bugfix/animation bugfix/eraser bugfix/pptui bugfix/settingui chore/publish dev draw feature/cursor feature/recognition feature/ui3-i18n fluent origin/bugfix/eraser origin/canary origin/dev origin/feature/recognition origin/fluent origin/theme theme	yes	H0 reachable	code	.trellis/spec/native-desktop, .trellis/tasks/08-03-ui3-bar-more-overflow, Inkeys/Inkeys/UI	p1:626c7ed4b4b8/20150; files=7 +127/-101; hunks=.trellis/spec/native-desktop/configuration-i18n-and-assets.md@, .trellis/spec/native-desktop/configuration-i18n-and-assets.md@, .trellis/tasks/08-03-ui3-bar-more-overflow/design.md@, .trellis/tasks/08-03-ui3-bar-more-overflow/implement.md@; lines=+- **More 浮层**：每个标准单元为 70 DIP，按 `twoTwo`/`twoOne`/`oneTwo`/`oneOne` 子网格近方形打包，最多五列 | +- **More 交互**：点击外部先关闭并继续处理同一鼠标消息；面板正文消费点击；X 复用独立按钮悬停填充、按下缩小、拖出取消与抬起关闭；浮层按钮复用普通 ` | +- **More 入口视觉**：三角图标比原尺寸略小并保持固定朝向，不随开关或上下换边旋转；浮层打开时 More 入口使用普通按钮的 `Selected` 状态; product=Inkeys/Inkeys/UI/Bar/Bar.Main.cpp@BarUiValueClass drawAttributeAnnotationPopupProgress(0.0);, Inkeys/Inkeys/UI/Bar/Bar.Main.cpp@BarUiValueClass drawAttributeAnnotationPopupProgress(0.0);, Inkeys/Inkeys/UI/Bar/Bar.Main.cpp@SetButtonPositionTar(temp->buttom.x, xO + barBtnTwoHalf, 40.0, true);, Inkeys/Inkeys/UI/Bar/Bar.Main.cpp@for (size_t i = 0; i < 3; ++i); add=BarUiValueClass moreClosePressScale(1.0); | enlargedMoreIcon ? 34.0 | if (moreButton) moreButton->icon.angle.SetDirect(0.0);	实际补丁全文读取、变更符号/当前模块静态复核	H0 当前模块: Inkeys/Inkeys/UI/Bar/Bar.Main.cpp, Inkeys/Inkeys/UI/Bar/Bar.Main.cppm, Inkeys/Inkeys/UI/Bar/Bar.State.cppm；旧 Bar.Main 实现后续拆至 Bar.RenderLoop/Interaction/Rendering	已审静态补丁；运行行为未验证		静态源码映射；未运行该历史提交	Refine More panel layering and interactions
f775b4c441748ad3658ac1bfc998742da133fe68	31ca651f3c9d583e1269395d0bf246aea955728f	2026-08-04T14:13:24+08:00	2026-08-04T14:13:24+08:00	bugfix/animation bugfix/eraser bugfix/pptui bugfix/settingui chore/publish dev draw feature/cursor feature/recognition feature/ui3-i18n fluent origin/bugfix/eraser origin/canary origin/dev origin/feature/recognition origin/fluent origin/theme theme	yes	H0 reachable	code	.trellis/spec/native-desktop, .trellis/tasks/08-03-ui3-bar-more-overflow, Inkeys/Inkeys/UI	p1:036a0feae0a1/7212; files=3 +47/-34; hunks=.trellis/spec/native-desktop/configuration-i18n-and-assets.md@, .trellis/tasks/08-03-ui3-bar-more-overflow/design.md@, Inkeys/Inkeys/UI/Bar/Bar.Main.cpp@constexpr double BarMorePanelPadding = 5.0;, Inkeys/Inkeys/UI/Bar/Bar.Main.cpp@constexpr double BarMorePanelAnimationDur = 0.24;; lines=+- **More 浮层**：每个标准单元为 70 DIP，按 `twoTwo`/`twoOne`/`oneTwo`/`oneOne` 子网格近方形打包，最多五列 | +- 根面板、关闭按钮和分割线复用几何面板的 Surface/PointLight/动画风格；根面板关闭时以 More 按钮中心为 60×30 紧凑态，展开时沿上 | +constexpr double BarMorePanelCloseSideWidth = 35.0;; product=Inkeys/Inkeys/UI/Bar/Bar.Main.cpp@constexpr double BarMorePanelPadding = 5.0;, Inkeys/Inkeys/UI/Bar/Bar.Main.cpp@constexpr double BarMorePanelAnimationDur = 0.24;, Inkeys/Inkeys/UI/Bar/Bar.Main.cpp@for (size_t i = 0; i < 3; ++i), Inkeys/Inkeys/UI/Bar/Bar.Main.cpp@for (size_t i = 0; i < 3; ++i); add=constexpr double BarMorePanelCloseSideWidth = 35.0; | constexpr double BarMorePanelCompactScale = 0.16; | constexpr double BarMorePanelCompactWidth = 60.0;	实际补丁全文读取、变更符号/当前模块静态复核	H0 当前模块: Inkeys/Inkeys/UI/Bar/Bar.Main.cpp；旧 Bar.Main 实现后续拆至 Bar.RenderLoop/Interaction/Rendering	已审静态补丁；运行行为未验证		静态源码映射；未运行该历史提交	More panel: compact state, layout & animation
31ca651f3c9d583e1269395d0bf246aea955728f	e66af679cbb79aad4c184dc7632a6568b2698093	2026-08-04T13:51:09+08:00	2026-08-04T13:51:09+08:00	bugfix/animation bugfix/eraser bugfix/pptui bugfix/settingui chore/publish dev draw feature/cursor feature/recognition feature/ui3-i18n fluent origin/bugfix/eraser origin/canary origin/dev origin/feature/recognition origin/fluent origin/theme theme	yes	H0 reachable	code	.trellis/spec/native-desktop, .trellis/tasks/08-03-ui3-bar-more-overflow, Inkeys/Inkeys/UI, Inkeys/src/UI	p1:0719a9e9c834/10888; files=5 +71/-47; hunks=.trellis/spec/native-desktop/configuration-i18n-and-assets.md@, .trellis/spec/native-desktop/configuration-i18n-and-assets.md@, .trellis/tasks/08-03-ui3-bar-more-overflow/design.md@, .trellis/tasks/08-03-ui3-bar-more-overflow/design.md@; lines=+- **固定 More 入口**：运行时在 B 末尾、`B|A2` Divider 前注入一个硬编码 More 按钮。它不登记到 `ExtensionButto | +- **More SVG 动画**：三角图标打开时目标角度 `+180°`、关闭时目标角度 `-180°`；两者都使用 `EaseOutBack` 非线性回弹， | +- More SVG 只旋转三角图形。打开和关闭分别沿相反方向累加 180 度；使用 EaseOutBack 曲线，图标尺寸不参与动画，快速反转从当前角度续接，; product=Inkeys/Inkeys/UI/Bar/Bar.Main.cpp@constexpr double BarMorePanelGap = 5.0;, Inkeys/Inkeys/UI/Bar/Bar.Main.cpp@constexpr double BarMorePanelPadding = 5.0;, Inkeys/Inkeys/UI/Bar/Bar.Main.cpp@void BarUISetClass::Rendering(), Inkeys/Inkeys/UI/Bar/Bar.Main.cpp@BarUiValueClass drawAttributeAnnotationPopupProgress(0.0);; add=constexpr double BarMorePanelAnchorGap = 12.0; | constexpr double BarMorePanelChromeHeight = 35.0; | if (auto moreButton = barButtomSet.GetMoreButton())	实际补丁全文读取、变更符号/当前模块静态复核	H0 当前模块: Inkeys/Inkeys/UI/Bar/Bar.Main.cpp；旧 Bar.Main 实现后续拆至 Bar.RenderLoop/Interaction/Rendering	已审静态补丁；运行行为未验证		静态源码映射；未运行该历史提交	Refine More panel animation, layout, visuals
e66af679cbb79aad4c184dc7632a6568b2698093	e86b64f040df757d088c3682a8a4d8f32975dde0	2026-08-04T12:27:50+08:00	2026-08-04T12:27:50+08:00	bugfix/animation bugfix/eraser bugfix/pptui bugfix/settingui chore/publish dev draw feature/cursor feature/recognition feature/ui3-i18n fluent origin/bugfix/eraser origin/canary origin/dev origin/feature/recognition origin/fluent origin/theme theme	yes	H0 reachable	code	.trellis/spec/native-desktop, .trellis/tasks/08-03-ui3-bar-more-overflow, Inkeys/Inkeys.rc, Inkeys/Inkeys/Other, Inkeys/Inkeys/UI, Inkeys/src/UI	"p1:46371431cb7a/63733; files=15 +1045/-54; hunks=.trellis/spec/native-desktop/configuration-i18n-and-assets.md@, .trellis/spec/native-desktop/configuration-i18n-and-assets.md@, .trellis/spec/native-desktop/configuration-i18n-and-assets.md@, .trellis/spec/native-desktop/configuration-i18n-and-assets.md@; lines=+- `BarButtomSetClass::RegisterButton(id, button, allowMultiple, zone, defaultUse | +- `BarButtomSetClass::RegisterLayoutMarker(id) -> bool`（只接受无实体的官方布局标识） | +- `BarButtomSetClass::GetMoreButtonSnapshot() -> BarMoreButtonSnapshotClass`; product=Inkeys/Inkeys.rc@BARCLOSESMALL           UI                      ""src\\UI\\barCloseSmall.svg"", Inkeys/Inkeys/Other/Other.Config.cppm@export namespace Inkeys, Inkeys/Inkeys/Other/Other.Config.cppm@inline bool IsFixedButtonsA1Id(std::string_view id), Inkeys/Inkeys/Other/Other.Config.cppm@inline ConfigSequence<BarFixedButtonLayoutEntry> MakeDefaultFixedButtonsA1(); add=BARMORE                 UI                      ""src\\UI\\barMore.svg"" | inline constexpr char MoreBoundary[] = ""Inkeys.Bar.MoreBoundary""; | || id == BarButtonId::Freeze;"	实际补丁全文读取、变更符号/当前模块静态复核	H0 当前模块: Inkeys/Inkeys.rc, Inkeys/Inkeys/Other/Other.Config.cppm, Inkeys/Inkeys/UI/Bar/Bar.Main.cpp, Inkeys/Inkeys/UI/Bar/Bar.Main.cppm, Inkeys/Inkeys/UI/Bar/Bar.State.cppm；旧 Bar.Main 实现后续拆至 Bar.RenderLoop/Interaction/Rendering	已审静态补丁；运行行为未验证		静态源码映射；未运行该历史提交	feat(ui3): add bar more overflow panel
e86b64f040df757d088c3682a8a4d8f32975dde0	53bfc0b9cbd7edfb3a14ccdac3529baf6a76e252	2026-08-03T19:50:13+08:00	2026-08-03T19:50:13+08:00	bugfix/animation bugfix/eraser bugfix/pptui bugfix/settingui chore/publish dev draw feature/cursor feature/recognition feature/ui3-i18n fluent origin/bugfix/eraser origin/canary origin/dev origin/feature/recognition origin/fluent origin/theme theme	yes	H0 reachable	code	.trellis/tasks/08-03-ui3-render-cache-optimization, Inkeys/Inkeys/UI	"p1:c8e828691720/34147; files=11 +416/-120; hunks=.trellis/tasks/08-03-ui3-render-cache-optimization/check.jsonl@, .trellis/tasks/08-03-ui3-render-cache-optimization/design.md@, .trellis/tasks/08-03-ui3-render-cache-optimization/implement.jsonl@, .trellis/tasks/08-03-ui3-render-cache-optimization/implement.md@; lines=+{""_example"": ""Fill with {\""file\"": \""<path>\"", \""reason\"": \""<why>\""}. Put spec/ | +# UI3 渲染缓存与 SVG 旋转设计 | +## Architecture; product=Inkeys/Inkeys/UI/Bar/Bar.Main.cpp@constexpr double BarButtonHoverFadeDur = 5.0;, Inkeys/Inkeys/UI/Bar/Bar.Main.cpp@void BarUIRendering::DiscardDeviceResources(), Inkeys/Inkeys/UI/Bar/Bar.Main.cpp@bool BarUIRendering::Shape(ID2D1DeviceContext* deviceContext, const BarUiShapeCl, Inkeys/Inkeys/UI/Bar/Bar.Main.cpp@bool BarUIRendering::Superellipse(ID2D1DeviceContext* deviceContext, const BarUi; add=constexpr double BarSvgRasterUpscaleThreshold = 1.35; | constexpr double BarSvgRasterSizeEpsilon = 0.01; | superellipseGeometryCache = {};"	实际补丁全文读取；调用/失败路径按高风险组复核，详见 findings 摘要	H0 当前模块: Inkeys/Inkeys/UI/Bar/Bar.Main.cpp, Inkeys/Inkeys/UI/Bar/Bar.Main.cppm, Inkeys/Inkeys/UI/Bar/Bar.RenderingAttribute.cppm, Inkeys/Inkeys/UI/Bar/Bar.UI.cpp, Inkeys/Inkeys/UI/Bar/Bar.U；旧 Bar.Main 实现后续拆至 Bar.RenderLoop/Interaction/Rendering	已审静态补丁；运行行为未验证		H0 当前路径静态复核；真机/性能/Win7 由专项验证	Optimize UI3 SVG and superellipse rendering
53bfc0b9cbd7edfb3a14ccdac3529baf6a76e252	58f05c6894452affbe37ec6432b69acddec423b3	2026-08-03T18:54:38+08:00	2026-08-03T18:54:38+08:00	bugfix/animation bugfix/eraser bugfix/pptui bugfix/settingui chore/publish dev draw feature/cursor feature/recognition feature/ui3-i18n fluent origin/bugfix/eraser origin/canary origin/dev origin/feature/recognition origin/fluent origin/theme theme	yes	H0 reachable	docs	.trellis/workspace/AlanCRL	p1:d252f2ea5045/1550; files=2 +27/-3; hunks=.trellis/workspace/AlanCRL/index.md@, .trellis/workspace/AlanCRL/index.md@, .trellis/workspace/AlanCRL/index.md@, .trellis/workspace/AlanCRL/journal-1.md@Reopened 07-28 and replaced single ButtonLayout with FixedButtonsA1/Ex; lines=+- **Total Sessions**: 13 | +- **Last Active**: 2026-08-03 | +| `journal-1.md` | ~392 | Active |; product=none	补丁全文读取；文档/任务状态简审	H0 文档/任务记录：bugfix/animation, bugfix/eraser	不适用（无产品可执行代码改动）		静态文件差异；无需运行验证	chore: record journal
58f05c6894452affbe37ec6432b69acddec423b3	37b9a773709078db35fc40f68c735ed8a6662076	2026-08-03T18:54:11+08:00	2026-08-03T18:54:11+08:00	bugfix/animation bugfix/eraser bugfix/pptui bugfix/settingui chore/publish dev draw feature/cursor feature/recognition feature/ui3-i18n fluent origin/bugfix/eraser origin/canary origin/dev origin/feature/recognition origin/fluent origin/theme theme	yes	H0 reachable	docs	.trellis/tasks/archive	"p1:0a0a992b598a/2203; files=6 +2/-2; hunks=.trellis/tasks/archive/2026-08/08-03-ui3-geometry-tool-panel/task.json@, .trellis/tasks/archive/2026-08/08-03-ui3-geometry-tool-panel/task.json@; lines=+""status"": ""completed"", | +""completedAt"": ""2026-08-03"",; product=none"	补丁全文读取；文档/任务状态简审	H0 文档/任务记录：bugfix/animation, bugfix/eraser	不适用（无产品可执行代码改动）		静态文件差异；无需运行验证	chore(task): archive 08-03-ui3-geometry-tool-panel
37b9a773709078db35fc40f68c735ed8a6662076	9810fcd06aba63107afc36650b89684e985a7a03	2026-08-03T18:53:38+08:00	2026-08-03T18:53:38+08:00	bugfix/animation bugfix/eraser bugfix/pptui bugfix/settingui chore/publish dev draw feature/cursor feature/recognition feature/ui3-i18n fluent origin/bugfix/eraser origin/canary origin/dev origin/feature/recognition origin/fluent origin/theme theme	yes	H0 reachable	code	.trellis/spec/native-desktop, .trellis/tasks/08-03-ui3-geometry-tool-panel, Inkeys/Inkeys/Other, Inkeys/Inkeys/UI	p1:b1af56c3c9a3/22099; files=10 +201/-101; hunks=.trellis/spec/native-desktop/configuration-i18n-and-assets.md@, .trellis/spec/native-desktop/configuration-i18n-and-assets.md@, .trellis/spec/native-desktop/configuration-i18n-and-assets.md@, .trellis/spec/native-desktop/configuration-i18n-and-assets.md@; lines=+- 按钮图标载荷可为 SVG 或 PNG。SVG 继续走主题着色和内容切换；PNG 复用 SVG 的布局/透明度动画状态并由 `BarUiPNGClass` 绘 | +- A1 默认 required 与顺序：Select, Draw, Geometry, Eraser, Recall, Clean（**不含 Divider* | +- A 区不持久化用户 Visible；A 元素若误带 `Visible` 则忽略并剥离写回。A 的默认 `userVisible` 仅来自注册写死值；Geom; product=Inkeys/Inkeys/Other/Other.Config.cppm@inline ConfigSequence<BarFixedButtonLayoutEntry> MakeDefaultFixedButtonsA1(), Inkeys/Inkeys/Other/Other.Config.cppm@inline ConfigSequence<BarFixedButtonLayoutEntry> MakeDefaultFixedButtonsA1(), Inkeys/Inkeys/UI/Bar/Bar.Bottom.cppm@public:, Inkeys/Inkeys/UI/Bar/Bar.Bottom.cppm@bool RegisterButton(; add=bool TransitionContent(const wstring& iconResourceName, const wstring& label); | void ResetIconCaches(); | void UpdateEraserButtonStyle();	实际补丁全文读取、变更符号/当前模块静态复核	H0 当前模块: Inkeys/Inkeys/Other/Other.Config.cppm, Inkeys/Inkeys/UI/Bar/Bar.Main.cpp, Inkeys/Inkeys/UI/Bar/Bar.Main.cppm, Inkeys/Inkeys/UI/Bar/Bar.UI.cppm；旧 Bar.Main 实现后续拆至 Bar.RenderLoop/Interaction/Rendering	已审静态补丁；运行行为未验证		静态源码映射；未运行该历史提交	Refine geometry toolbar icons and transitions
9810fcd06aba63107afc36650b89684e985a7a03	6838b6090a7951184432c1c2a14a28d7f6db6455	2026-08-03T15:12:23+08:00	2026-08-03T15:12:23+08:00	bugfix/animation bugfix/eraser bugfix/pptui bugfix/settingui chore/publish dev draw feature/cursor feature/recognition feature/ui3-i18n fluent origin/bugfix/eraser origin/canary origin/dev origin/feature/recognition origin/fluent origin/theme theme	yes	H0 reachable	code	.trellis/tasks/08-03-ui3-geometry-tool-panel, Inkeys/Inkeys.rc, Inkeys/Inkeys/UI, Inkeys/src/UI	"p1:8cac189644b2/24311; files=13 +346/-25; hunks=.trellis/tasks/08-03-ui3-geometry-tool-panel/design.md@, .trellis/tasks/08-03-ui3-geometry-tool-panel/design.md@, .trellis/tasks/08-03-ui3-geometry-tool-panel/design.md@, .trellis/tasks/08-03-ui3-geometry-tool-panel/design.md@; lines=+- Geometry 点击先调用 `ChangeStateModeToShape()`；仅在模式切换成功后选中，但首次不展开。 | +- 绘制和几何主栏按钮根据顶级模式及当前子工具更新文字；几何图标在通用图标、直线和矩形资源之间切换。 | +- 关闭按钮位于右上角 `(300,5,30,30)`，使用现有 `barCloseSmall` 图标和统一按钮交互。; product=Inkeys/Inkeys.rc@BARGEOMETRY             UI                      ""src\\UI\\barGeometry.svg"", Inkeys/Inkeys/UI/Bar/Bar.Bottom.cppm@bool RegisterButton(, Inkeys/Inkeys/UI/Bar/Bar.Bottom.cppm@std::vector<Inkeys::BarExtensionButtonLayoutEntry> NormalizeExtensionZone(, Inkeys/Inkeys/UI/Bar/Bar.Buttom.cpp@void BarButtomSetClass::PresetInitialization(); add=BARSHAPESTRAIGHTLINE    UI                      ""src\\UI\\barShapeStraightLine.svg"" | BARSHAPERECTANGLE       UI                      ""src\\UI\\barShapeRectangle.svg"" | void UpdateGeometryButtonStyle();"	实际补丁全文读取、变更符号/当前模块静态复核	H0 当前模块: Inkeys/Inkeys.rc, Inkeys/Inkeys/UI/Bar/Bar.Main.cpp, Inkeys/Inkeys/UI/Bar/Bar.Main.cppm, Inkeys/Inkeys/UI/Bar/Bar.State.cppm, Inkeys/Inkeys/UI/Bar/Bar.UI.cpp, Inkeys/Inkeys/UI/Bar/；旧 Bar.Main 实现后续拆至 Bar.RenderLoop/Interaction/Rendering	已审静态补丁；运行行为未验证		静态源码映射；未运行该历史提交	Refine UI3 geometry panel interactions
6838b6090a7951184432c1c2a14a28d7f6db6455	0b78a4f0f1410d347c4ee0d66326035c043e6354	2026-08-03T13:58:00+08:00	2026-08-03T13:58:00+08:00	bugfix/animation bugfix/eraser bugfix/pptui bugfix/settingui chore/publish dev draw feature/cursor feature/recognition feature/ui3-i18n fluent origin/bugfix/eraser origin/canary origin/dev origin/feature/recognition origin/fluent origin/theme theme	yes	H0 reachable	code	.trellis/tasks/08-03-ui3-geometry-tool-panel, Inkeys/Inkeys/UI	"p1:8ced89244826/53857; files=10 +1072/-7; hunks=.trellis/tasks/08-03-ui3-geometry-tool-panel/check.jsonl@, .trellis/tasks/08-03-ui3-geometry-tool-panel/design.md@, .trellis/tasks/08-03-ui3-geometry-tool-panel/implement.jsonl@, .trellis/tasks/08-03-ui3-geometry-tool-panel/implement.md@; lines=+{""_example"": ""Fill with {\""file\"": \""<path>\"", \""reason\"": \""<why>\""}. Put spec/ | +# UI3 几何工具面板设计 | +## Scope; product=Inkeys/Inkeys/UI/Bar/Bar.Buttom.cpp@void BarButtomSetClass::PresetInitialization(), Inkeys/Inkeys/UI/Bar/Bar.Buttom.cpp@void BarButtomSetClass::PresetInitialization(), Inkeys/Inkeys/UI/Bar/Bar.Buttom.cpp@void BarButtomSetClass::PresetInitialization(), Inkeys/Inkeys/UI/Bar/Bar.Buttom.cpp@void BarButtomSetClass::PresetHoming(); add=if (ChangeStateModeToPen()) | barUISet.barState.drawAttribute = false; | barUISet.barState.geometryAttribute = false;"	实际补丁全文读取、变更符号/当前模块静态复核	H0 当前模块: Inkeys/Inkeys/UI/Bar/Bar.Main.cpp, Inkeys/Inkeys/UI/Bar/Bar.Main.cppm, Inkeys/Inkeys/UI/Bar/Bar.State.cppm；旧 Bar.Main 实现后续拆至 Bar.RenderLoop/Interaction/Rendering	已审静态补丁；运行行为未验证		静态源码映射；未运行该历史提交	Add UI3 geometry tool panel
0b78a4f0f1410d347c4ee0d66326035c043e6354	aa18adcd45a672de42df3de9881461d2387d71d3	2026-08-02T20:22:57+08:00	2026-08-02T20:22:57+08:00	bugfix/animation bugfix/eraser bugfix/pptui bugfix/settingui chore/publish dev draw feature/cursor feature/recognition feature/ui3-i18n fluent origin/bugfix/eraser origin/canary origin/dev origin/feature/recognition origin/fluent origin/theme theme	yes	H0 reachable	docs	.trellis/workspace/AlanCRL	p1:c515e4b7506d/1298; files=2 +25/-3; hunks=.trellis/workspace/AlanCRL/index.md@, .trellis/workspace/AlanCRL/index.md@, .trellis/workspace/AlanCRL/index.md@, .trellis/workspace/AlanCRL/journal-1.md@Reopened 07-28 and replaced single ButtonLayout with FixedButtonsA1/Ex; lines=+- **Total Sessions**: 12 | +- **Last Active**: 2026-08-02 | +| `journal-1.md` | ~369 | Active |; product=none	补丁全文读取；文档/任务状态简审	H0 文档/任务记录：bugfix/animation, bugfix/eraser	不适用（无产品可执行代码改动）		静态文件差异；无需运行验证	chore: record journal
aa18adcd45a672de42df3de9881461d2387d71d3	9962a0fc4fa1393069f0c77c76f2eb464a2912fa	2026-08-02T20:22:31+08:00	2026-08-02T20:22:31+08:00	bugfix/animation bugfix/eraser bugfix/pptui bugfix/settingui chore/publish dev draw feature/cursor feature/recognition feature/ui3-i18n fluent origin/bugfix/eraser origin/canary origin/dev origin/feature/recognition origin/fluent origin/theme theme	yes	H0 reachable	docs	.trellis/tasks/archive	"p1:025499046234/2437; files=6 +2/-2; hunks=.trellis/tasks/archive/2026-08/08-02-register-built-in-components-ui3/task.json@, .trellis/tasks/archive/2026-08/08-02-register-built-in-components-ui3/task.json@; lines=+""status"": ""completed"", | +""completedAt"": ""2026-08-02"",; product=none"	补丁全文读取；文档/任务状态简审	H0 文档/任务记录：bugfix/animation, bugfix/eraser	不适用（无产品可执行代码改动）		静态文件差异；无需运行验证	chore(task): archive 08-02-register-built-in-components-ui3
9962a0fc4fa1393069f0c77c76f2eb464a2912fa	675eb3ad7b462870fe24f8010c5a5aa80a6e2f05	2026-08-02T20:21:33+08:00	2026-08-02T20:21:33+08:00	bugfix/animation bugfix/eraser bugfix/pptui bugfix/settingui chore/publish dev draw feature/cursor feature/recognition feature/ui3-i18n fluent origin/bugfix/eraser origin/canary origin/dev origin/feature/recognition origin/fluent origin/theme theme	yes	H0 reachable	code	.trellis/spec/native-desktop, .trellis/tasks/08-02-register-built-in-components-ui3, Inkeys/IdtFloating.cpp, Inkeys/IdtFloating.h, Inkeys/Inkeys/UI	p1:4d90de9015f3/55011; files=13 +735/-189; hunks=.trellis/spec/native-desktop/configuration-i18n-and-assets.md@, .trellis/spec/native-desktop/configuration-i18n-and-assets.md@, .trellis/spec/native-desktop/configuration-i18n-and-assets.md@, .trellis/spec/native-desktop/configuration-i18n-and-assets.md@; lines=+- `BarButtomSetClass::RegisterButton(id, button, allowMultiple, zone, defaultUse | +- `BarButtomSetClass::TryGetRegistration(id, outRegistration) -> bool` | +- `BarButtomSetClass::GetExtensionRegistrations() -> std::vector<BarButtonRegist; product=Inkeys/IdtFloating.cpp@static void OpenSecRandomQuickDrawAsync(), Inkeys/IdtFloating.cpp@void MouseInteraction(), Inkeys/IdtFloating.cpp@void MouseInteraction(), Inkeys/IdtFloating.cpp@void MouseInteraction(); add=static void OpenComponentUri(const wchar_t* uri) | SHELLEXECUTEINFO sei = { sizeof(sei) }; | sei.fMask = SEE_MASK_NOASYNC;	实际补丁全文读取、变更符号/当前模块静态复核	H0 当前模块: Inkeys/IdtFloating.cpp, Inkeys/IdtFloating.h, Inkeys/Inkeys/UI/Bar/Bar.Main.cpp, Inkeys/Inkeys/UI/Setting/Setting.cpp；旧 Bar.Main 实现后续拆至 Bar.RenderLoop/Interaction/Rendering	已审静态补丁；运行行为未验证		静态源码映射；未运行该历史提交	Add UI3 built-in component runtime projection
675eb3ad7b462870fe24f8010c5a5aa80a6e2f05	29a51205c302096de30c807c60426b6cb1078b99	2026-08-02T17:05:21+08:00	2026-08-02T17:05:21+08:00	bugfix/animation bugfix/eraser bugfix/pptui bugfix/settingui chore/publish dev draw feature/cursor feature/recognition feature/ui3-i18n fluent origin/bugfix/eraser origin/canary origin/dev origin/feature/recognition origin/fluent origin/theme theme	yes	H0 reachable	code	Inkeys/Inkeys.rc, Inkeys/Inkeys/UI, Inkeys/src/UI	"p1:a2c80383ebc8/19470; files=7 +211/-91 binary; hunks=Inkeys/Inkeys.rc@COLORCUSTOM             PNG                     ""src\\UI\\color\\color, Inkeys/Inkeys/UI/Bar/Bar.Main.cpp@constexpr double BarColorPickerPanelWidth = 300.0;, Inkeys/Inkeys/UI/Bar/Bar.Main.cpp@constexpr double BarColorPickerChromeHeight = 30.0;, Inkeys/Inkeys/UI/Bar/Bar.Main.cpp@constexpr ULONGLONG BarColorPickerHoldLockDelayMs = 1500;; lines=+COLORSUN                UI                      ""src\\UI\\color\\colorSun.svg"" | +COLORMOON               UI                      ""src\\UI\\color\\colorMoon.svg"" | +constexpr double BarColorPickerPanelHeight = 209.0;; product=Inkeys/Inkeys.rc@COLORCUSTOM             PNG                     ""src\\UI\\color\\colorCustom.png, Inkeys/Inkeys/UI/Bar/Bar.Main.cpp@constexpr double BarColorPickerPanelWidth = 300.0;, Inkeys/Inkeys/UI/Bar/Bar.Main.cpp@constexpr double BarColorPickerChromeHeight = 30.0;, Inkeys/Inkeys/UI/Bar/Bar.Main.cpp@constexpr ULONGLONG BarColorPickerHoldLockDelayMs = 1500;; add=COLORSUN                UI                      ""src\\UI\\color\\colorSun.svg"" | COLORMOON               UI                      ""src\\UI\\color\\colorMoon.svg"" | constexpr double BarColorPickerPanelHeight = 209.0;"	实际补丁全文读取、变更符号/当前模块静态复核	H0 当前模块: Inkeys/Inkeys.rc, Inkeys/Inkeys/UI/Bar/Bar.Main.cpp, Inkeys/Inkeys/UI/Bar/Bar.Main.cppm, Inkeys/Inkeys/UI/Bar/Bar.State.cppm；旧 Bar.Main 实现后续拆至 Bar.RenderLoop/Interaction/Rendering	已审静态补丁；运行行为未验证		静态源码映射；未运行该历史提交	Color picker: add sun/moon icons & layout tweaks
29a51205c302096de30c807c60426b6cb1078b99	d91868eddc2647e07abbfc541c4b82f83de770d2	2026-08-02T14:13:03+08:00	2026-08-02T14:13:03+08:00	bugfix/animation bugfix/eraser bugfix/pptui bugfix/settingui chore/publish dev draw feature/cursor feature/recognition feature/ui3-i18n fluent origin/bugfix/eraser origin/canary origin/dev origin/feature/recognition origin/fluent origin/theme theme	yes	H0 reachable	code	.trellis/tasks/08-01-ui3-simple-color-picker, Inkeys/Inkeys/UI	p1:9852dc7fc67b/19477; files=4 +179/-72; hunks=.trellis/tasks/08-01-ui3-simple-color-picker/design.md@, .trellis/tasks/08-01-ui3-simple-color-picker/design.md@, .trellis/tasks/08-01-ui3-simple-color-picker/design.md@Pointer/touch message ───────────────────, .trellis/tasks/08-01-ui3-simple-color-picker/design.md@Pointer/touch message ───────────────────; lines=+4. 预览状态：顶部固定预览槽直接读取当前颜色，并随面板整体显隐。 | +- `x ∈ [0,1)` 映射完整 HSV 色相；纵向先换算为入口到远端的 `farProgress`。 | +- 亮色系：入口侧为纯色、远端为白色，即饱和度为 `1-farProgress`、明度为 1。; product=Inkeys/Inkeys/UI/Bar/Bar.Main.cpp@constexpr double BarColorPickerPanelAnimationDur = 0.20;, Inkeys/Inkeys/UI/Bar/Bar.Main.cpp@COLORREF ConvertBarColorPickerHsvToRgb(double hue, double saturation, double val, Inkeys/Inkeys/UI/Bar/Bar.Main.cpp@COLORREF GetBarColorPickerColor(double x, double y, bool darkTone), Inkeys/Inkeys/UI/Bar/Bar.Main.cpp@COLORREF GetBarColorPickerColor(double x, double y, bool darkTone); add=constexpr double BarColorPickerHoldHintAnimationDur = 0.18; | COLORREF GetBarColorPickerColor(double x, double y, bool darkTone, | bool openBelowSwatch)	实际补丁全文读取、变更符号/当前模块静态复核	H0 当前模块: Inkeys/Inkeys/UI/Bar/Bar.Main.cpp；旧 Bar.Main 实现后续拆至 Bar.RenderLoop/Interaction/Rendering	已审静态补丁；运行行为未验证		静态源码映射；未运行该历史提交	Color picker: animation, mapping, and UI fixes
d91868eddc2647e07abbfc541c4b82f83de770d2	5a1b7367869ea3ee96306954e42fc37b3b9be434	2026-08-02T12:11:49+08:00	2026-08-02T12:11:49+08:00	bugfix/animation bugfix/eraser bugfix/pptui bugfix/settingui chore/publish dev draw feature/cursor feature/recognition feature/ui3-i18n fluent origin/bugfix/eraser origin/canary origin/dev origin/feature/recognition origin/fluent origin/theme theme	yes	H0 reachable	code+project	.trellis/tasks/08-01-ui3-simple-color-picker, Inkeys/Inkeys.rc, Inkeys/Inkeys.vcxproj, Inkeys/Inkeys.vcxproj.filters, Inkeys/Inkeys/UI, Inkeys/src/UI	"p1:1b187dec7687/30468; files=12 +497/-72 binary; hunks=.trellis/tasks/08-01-ui3-simple-color-picker/design.md@Pointer/touch message ───────────────────, .trellis/tasks/08-01-ui3-simple-color-picker/design.md@Pointer/touch message ───────────────────, .trellis/tasks/08-01-ui3-simple-color-picker/implement.md@, .trellis/tasks/08-01-ui3-simple-color-picker/prd.md@; lines=+- 第 12 色块由 `30×30` 圆形 PointLight 外框承载，内部复用设备缓存绘制 `colorCustom.png` 的连续 HSL 圆盘；PN | +- 第 12 色块的 HSL 圆盘、色芯和绿勾继承外层圆的当前动画几何；色芯与绿勾只动画透明度，色芯颜色直接更新，不做滞后插值。 | +- [x] 实现第 12 色块的连续 HSL PNG、独立纯色色芯与复用绿勾，以及亮/暗色板、RGB 只读显示、选点、关闭按钮、保持提示和预览气泡绘制。; product=Inkeys/Inkeys.rc@COLORSELECT             UI                      ""src\\UI\\color\\colorSelect.svg, Inkeys/Inkeys.vcxproj@, Inkeys/Inkeys/UI/Bar/Bar.Main.cpp@void BarUIRendering::DiscardDeviceResources(), Inkeys/Inkeys/UI/Bar/Bar.Main.cpp@bool BarUIRendering::Svg(ID2D1DeviceContext* deviceContext, BarUiSVGClass& svg,; add=COLORCUSTOM             PNG                     ""src\\UI\\color\\colorCustom.png"" | <Image Include=""src\UI\color\colorCustom.png"" /> | if (barUISetClass)"	实际补丁全文读取；调用/失败路径按高风险组复核，详见 findings 摘要	H0 当前模块: Inkeys/Inkeys.rc, Inkeys/Inkeys.vcxproj, Inkeys/Inkeys/UI/Bar/Bar.Main.cpp, Inkeys/Inkeys/UI/Bar/Bar.Main.cppm, Inkeys/Inkeys/UI/Bar/Bar.RenderingAttribute.cppm, Inkeys/Inkeys/UI/B；旧 Bar.Main 实现后续拆至 Bar.RenderLoop/Interaction/Rendering	已审静态补丁；运行行为未验证		H0 当前路径静态复核；真机/性能/Win7 由专项验证	Add PNG-based custom color wheel and PNG support
5a1b7367869ea3ee96306954e42fc37b3b9be434	abecb02cb33c9c228f81fcb0f3f52e7aec1f1c9c	2026-08-02T00:17:26+08:00	2026-08-02T00:17:26+08:00	bugfix/animation bugfix/eraser bugfix/pptui bugfix/settingui chore/publish dev draw feature/cursor feature/recognition feature/ui3-i18n fluent origin/bugfix/eraser origin/canary origin/dev origin/feature/recognition origin/fluent origin/theme theme	yes	H0 reachable	code	.trellis/tasks/08-01-ui3-simple-color-picker, Inkeys/Inkeys/UI	p1:2a329abb6ae3/9566; files=3 +123/-27; hunks=.trellis/tasks/08-01-ui3-simple-color-picker/prd.md@, Inkeys/Inkeys/UI/Bar/Bar.Main.cpp@BarUiValueClass drawAttributeAnnotationPopupProgress(0.0);, Inkeys/Inkeys/UI/Bar/Bar.Main.cpp@BarUiValueClass drawAttributeAnnotationPopupProgress(0.0);, Inkeys/Inkeys/UI/Bar/Bar.Main.cpp@SetButtonPositionTar(temp->buttom.x, xO + 5.0, 40.0, true);; lines=+- 面板包含亮色系/暗色系切换、圆角色板、选点标记，以及只读的 R/G/B（0–255）与透明度（0%–100%）数值；透明度按 draw2 真实合成（含荧光笔 | +BarUiValueClass drawAttributeColorPickerDisplayR(0.0); | +BarUiValueClass drawAttributeColorPickerDisplayG(0.0);; product=Inkeys/Inkeys/UI/Bar/Bar.Main.cpp@BarUiValueClass drawAttributeAnnotationPopupProgress(0.0);, Inkeys/Inkeys/UI/Bar/Bar.Main.cpp@BarUiValueClass drawAttributeAnnotationPopupProgress(0.0);, Inkeys/Inkeys/UI/Bar/Bar.Main.cpp@SetButtonPositionTar(temp->buttom.x, xO + 5.0, 40.0, true);, Inkeys/Inkeys/UI/Bar/Bar.Main.cpp@for (size_t i = 0; i < 3; ++i); add=BarUiValueClass drawAttributeColorPickerDisplayR(0.0); | BarUiValueClass drawAttributeColorPickerDisplayG(0.0); | BarUiValueClass drawAttributeColorPickerDisplayB(0.0);	实际补丁全文读取、变更符号/当前模块静态复核	H0 当前模块: Inkeys/Inkeys/UI/Bar/Bar.Main.cpp, Inkeys/Inkeys/UI/Bar/Bar.Main.cppm；旧 Bar.Main 实现后续拆至 Bar.RenderLoop/Interaction/Rendering	已审静态补丁；运行行为未验证		静态源码映射；未运行该历史提交	fix(ui3): animate color picker readouts and highlighter opacity
abecb02cb33c9c228f81fcb0f3f52e7aec1f1c9c	76a23dc71d29679a7645a306b800f304cd07101b	2026-08-02T00:08:26+08:00	2026-08-02T00:08:26+08:00	bugfix/animation bugfix/eraser bugfix/pptui bugfix/settingui chore/publish dev draw feature/cursor feature/recognition feature/ui3-i18n fluent origin/bugfix/eraser origin/canary origin/dev origin/feature/recognition origin/fluent origin/theme theme	yes	H0 reachable	code	.trellis/tasks/08-01-ui3-simple-color-picker, Inkeys/Inkeys/UI	p1:426a9252eeb4/4083; files=2 +31/-18; hunks=.trellis/tasks/08-01-ui3-simple-color-picker/prd.md@, Inkeys/Inkeys/UI/Bar/Bar.Main.cpp@constexpr double BarColorPickerPanelWidth = 300.0;, Inkeys/Inkeys/UI/Bar/Bar.Main.cpp@constexpr double BarColorPickerPaletteHeight = 132.0;, Inkeys/Inkeys/UI/Bar/Bar.Main.cpp@double closeButtonSize =; lines=+- 面板包含亮色系/暗色系切换、圆角色板、选点标记，以及只读的 R/G/B（0–255）与透明度（0%–100%，取当前画笔实际绘制 alpha）数值；不提供透 | +constexpr double BarColorPickerPanelHeight = 222.0; | +constexpr double BarColorPickerChromeHeight = 30.0;; product=Inkeys/Inkeys/UI/Bar/Bar.Main.cpp@constexpr double BarColorPickerPanelWidth = 300.0;, Inkeys/Inkeys/UI/Bar/Bar.Main.cpp@constexpr double BarColorPickerPaletteHeight = 132.0;, Inkeys/Inkeys/UI/Bar/Bar.Main.cpp@double closeButtonSize =, Inkeys/Inkeys/UI/Bar/Bar.Main.cpp@double closeButtonSize =; add=constexpr double BarColorPickerPanelHeight = 222.0; | constexpr double BarColorPickerChromeHeight = 30.0; | constexpr double BarColorPickerChromeTop = 8.0;	实际补丁全文读取、变更符号/当前模块静态复核	H0 当前模块: Inkeys/Inkeys/UI/Bar/Bar.Main.cpp；旧 Bar.Main 实现后续拆至 Bar.RenderLoop/Interaction/Rendering	已审静态补丁；运行行为未验证		静态源码映射；未运行该历史提交	fix(ui3): tighten color picker chrome and show opacity
76a23dc71d29679a7645a306b800f304cd07101b	e600a06fb6d40557fcdd31734c67689c4cd9614c	2026-08-01T23:44:25+08:00	2026-08-01T23:44:25+08:00	bugfix/animation bugfix/eraser bugfix/pptui bugfix/settingui chore/publish dev draw feature/cursor feature/recognition feature/ui3-i18n fluent origin/bugfix/eraser origin/canary origin/dev origin/feature/recognition origin/fluent origin/theme theme	yes	H0 reachable	code	Inkeys/Inkeys/UI	p1:3d50e3990a23/15169; files=3 +222/-37; hunks=Inkeys/Inkeys/UI/Bar/Bar.Main.cpp@constexpr double BarThicknessTooltipIconSize = 14.0;, Inkeys/Inkeys/UI/Bar/Bar.Main.cpp@void BarUISetClass::CloseColorPicker(bool cancelCapture), Inkeys/Inkeys/UI/Bar/Bar.Main.cpp@BarUiValueClass drawAttributeAnnotationPopupProgress(0.0);, Inkeys/Inkeys/UI/Bar/Bar.Main.cpp@SetButtonPositionTar(temp->buttom.x, xO + 5.0, 40.0, true);; lines=+constexpr double BarThicknessTooltipCloseButtonSize = 20.0; | +picker.colorPickerTonePress = false; | +picker.colorPickerClosePress = false;; product=Inkeys/Inkeys/UI/Bar/Bar.Main.cpp@constexpr double BarThicknessTooltipIconSize = 14.0;, Inkeys/Inkeys/UI/Bar/Bar.Main.cpp@void BarUISetClass::CloseColorPicker(bool cancelCapture), Inkeys/Inkeys/UI/Bar/Bar.Main.cpp@BarUiValueClass drawAttributeAnnotationPopupProgress(0.0);, Inkeys/Inkeys/UI/Bar/Bar.Main.cpp@SetButtonPositionTar(temp->buttom.x, xO + 5.0, 40.0, true);; add=constexpr double BarThicknessTooltipCloseButtonSize = 20.0; | picker.colorPickerTonePress = false; | picker.colorPickerClosePress = false;	实际补丁全文读取、变更符号/当前模块静态复核	H0 当前模块: Inkeys/Inkeys/UI/Bar/Bar.Main.cpp, Inkeys/Inkeys/UI/Bar/Bar.Main.cppm, Inkeys/Inkeys/UI/Bar/Bar.State.cppm；旧 Bar.Main 实现后续拆至 Bar.RenderLoop/Interaction/Rendering	已审静态补丁；运行行为未验证		静态源码映射；未运行该历史提交	fix(ui3): match color picker chrome buttons to bar controls
e600a06fb6d40557fcdd31734c67689c4cd9614c	c0ad569f94878bba1ea3b9eb332b795c37a28215	2026-08-01T23:21:58+08:00	2026-08-01T23:21:58+08:00	bugfix/animation bugfix/eraser bugfix/pptui bugfix/settingui chore/publish dev draw feature/cursor feature/recognition feature/ui3-i18n fluent origin/bugfix/eraser origin/canary origin/dev origin/feature/recognition origin/fluent origin/theme theme	yes	H0 reachable	code	.trellis/tasks/08-01-ui3-simple-color-picker, Inkeys/Inkeys/UI	p1:fec07eb8716a/19634; files=4 +183/-154; hunks=.trellis/tasks/08-01-ui3-simple-color-picker/design.md@Pointer/touch message ───────────────────, .trellis/tasks/08-01-ui3-simple-color-picker/implement.md@, .trellis/tasks/08-01-ui3-simple-color-picker/prd.md@, Inkeys/Inkeys/UI/Bar/Bar.Main.cpp@constexpr double BarColorPickerPaletteHeight = 132.0;; lines=+- 面板相对第 12 色块定位，方向与绘制属性一致：`primaryBar==true` 时开在色块下方，倒转后开在色块上方；不做屏幕边夹紧，可覆盖绘制属性内容 | +- 面板圆角 8、内部控件圆角 4，背景/边框与绘制属性栏共用 `Surface`、`SurfaceFrame` 与 0.95/0.18 透明度。 | +- [x] 将颜色选择器锚定到第 12 色块上下，并统一面板/内部控件圆角与绘制属性 Surface 背景透明度。; product=Inkeys/Inkeys/UI/Bar/Bar.Main.cpp@constexpr double BarColorPickerPaletteHeight = 132.0;, Inkeys/Inkeys/UI/Bar/Bar.Main.cpp@LRESULT CALLBACK barWindowMsgCallback(HWND hWnd, UINT msg, WPARAM wParam, LPARAM, Inkeys/Inkeys/UI/Bar/Bar.Main.cpp@auto annotationInfoHit = shapeMap[, Inkeys/Inkeys/UI/Bar/Bar.Main.cpp@auto annotationInfoHit = shapeMap[; add=constexpr double BarColorPickerPanelGap = BarDrawAttributeGap * 2.0; | bool available = barUISet.barState.drawAttribute | && !barUISet.barState.fold	实际补丁全文读取、变更符号/当前模块静态复核	H0 当前模块: Inkeys/Inkeys/UI/Bar/Bar.Main.cpp；旧 Bar.Main 实现后续拆至 Bar.RenderLoop/Interaction/Rendering	已审静态补丁；运行行为未验证		静态源码映射；未运行该历史提交	fix(ui3): anchor color picker and block occluded hits
c0ad569f94878bba1ea3b9eb332b795c37a28215	06b9aa574e614d654efd9dd9db0f7a5bc7d24043	2026-08-01T22:55:03+08:00	2026-08-01T22:55:03+08:00	bugfix/animation bugfix/eraser bugfix/pptui bugfix/settingui chore/publish dev draw feature/cursor feature/recognition feature/ui3-i18n fluent origin/bugfix/eraser origin/canary origin/dev origin/feature/recognition origin/fluent origin/theme theme	yes	H0 reachable	code	.trellis/tasks/08-01-ui3-simple-color-picker, Inkeys/Inkeys/UI	p1:659cf3a3b315/8740; files=6 +11/-86; hunks=.trellis/tasks/08-01-ui3-simple-color-picker/design.md@Pointer/touch message ───────────────────, .trellis/tasks/08-01-ui3-simple-color-picker/implement.md@, .trellis/tasks/08-01-ui3-simple-color-picker/prd.md@, Inkeys/Inkeys/UI/Bar/Bar.Main.cpp@constexpr WPARAM BarColorPickerCaptureCancel = 2;; lines=+- 预览：固定在顶部色系切换右侧预览槽，作为面板本体一部分随面板进度显示；颜色直接跟随当前画笔，不显示文字，无独立入退场或 3 秒键盘淡出。 | +- [x] 将顶部色预览改为面板常驻控件：展开即显示、无独立淡出，并移除预览区域内 RGB 文字与键盘 3 秒预览计时。 | +- 面板顶部「亮色系/暗色系」切换右侧、关闭按钮左侧固定显示当前颜色预览块；它是面板本体的一部分，随面板展开即显示、关闭即隐藏，不独立入退场，不显示文字。; product=Inkeys/Inkeys/UI/Bar/Bar.Main.cpp@constexpr WPARAM BarColorPickerCaptureCancel = 2;, Inkeys/Inkeys/UI/Bar/Bar.Main.cpp@constexpr ULONGLONG BarColorPickerHoldLockDelayMs = 1500;, Inkeys/Inkeys/UI/Bar/Bar.Main.cpp@LRESULT CALLBACK barWindowMsgCallback(HWND hWnd, UINT msg, WPARAM wParam, LPARAM, Inkeys/Inkeys/UI/Bar/Bar.Main.cpp@void BarUISetClass::CloseColorPicker(bool cancelCapture); add=SetAbsoluteHit(pickerPreview, previewSlotLeft, previewSlotTop, | previewSlotWidth, previewSlotHeight); | pickerPreview->pct.SetDirect(pickerOpacity);	实际补丁全文读取、变更符号/当前模块静态复核	H0 当前模块: Inkeys/Inkeys/UI/Bar/Bar.Main.cpp, Inkeys/Inkeys/UI/Bar/Bar.Main.cppm, Inkeys/Inkeys/UI/Bar/Bar.State.cppm；旧 Bar.Main 实现后续拆至 Bar.RenderLoop/Interaction/Rendering	已审静态补丁；运行行为未验证		静态源码映射；未运行该历史提交	fix(ui3): keep color preview as permanent panel chrome
06b9aa574e614d654efd9dd9db0f7a5bc7d24043	2d1223feec4a2ec0496fc734dd713f92ced19927	2026-08-01T22:40:26+08:00	2026-08-01T22:40:26+08:00	bugfix/animation bugfix/eraser bugfix/pptui bugfix/settingui chore/publish dev draw feature/cursor feature/recognition feature/ui3-i18n fluent origin/bugfix/eraser origin/canary origin/dev origin/feature/recognition origin/fluent origin/theme theme	yes	H0 reachable	code	.trellis/tasks/08-01-ui3-simple-color-picker, Inkeys/Inkeys/UI	p1:13fd4f405137/6741; files=5 +22/-64; hunks=.trellis/tasks/08-01-ui3-simple-color-picker/design.md@Pointer/touch message ───────────────────, .trellis/tasks/08-01-ui3-simple-color-picker/implement.md@, .trellis/tasks/08-01-ui3-simple-color-picker/prd.md@, Inkeys/Inkeys/UI/Bar/Bar.Main.cpp@constexpr double BarColorPickerPanelGap = 8.0;; lines=+- 预览：固定在顶部色系切换右侧预览槽，仅透明度与缩放入退场；指针与键盘共用该位置，键盘预览在 3 秒期限后退场。 | +- [x] 将指针/键盘颜色预览固定到顶部「亮/暗色系」右侧预览槽，并清理仅用于旧跟手布局的状态。 | +- 指针拖选与键盘选择共用同一大号色彩预览：固定显示在面板顶部「亮色系/暗色系」切换右侧、关闭按钮左侧的预览槽；颜色直接跟随，仅入退场使用透明度和缩放动画。; product=Inkeys/Inkeys/UI/Bar/Bar.Main.cpp@constexpr double BarColorPickerPanelGap = 8.0;, Inkeys/Inkeys/UI/Bar/Bar.Main.cpp@auto annotationInfoHit = shapeMap[, Inkeys/Inkeys/UI/Bar/Bar.Main.cpp@auto annotationInfoHit = shapeMap[, Inkeys/Inkeys/UI/Bar/Bar.Main.cpp@auto annotationInfoHit = shapeMap[; add=double previewSlotGap = 8.0 * pickerScale; | double previewSlotLeft = pickerToneHit->inhX | + pickerToneHit->w.val + previewSlotGap;	实际补丁全文读取、变更符号/当前模块静态复核	H0 当前模块: Inkeys/Inkeys/UI/Bar/Bar.Main.cpp, Inkeys/Inkeys/UI/Bar/Bar.State.cppm；旧 Bar.Main 实现后续拆至 Bar.RenderLoop/Interaction/Rendering	已审静态补丁；运行行为未验证		静态源码映射；未运行该历史提交	fix(ui3): pin color picker preview to top tone slot
2d1223feec4a2ec0496fc734dd713f92ced19927	8d7dbc6872792fcc0a93479498bfa7869bdacd50	2026-08-01T22:26:12+08:00	2026-08-01T22:26:12+08:00	bugfix/animation bugfix/eraser bugfix/pptui bugfix/settingui chore/publish dev draw feature/cursor feature/recognition feature/ui3-i18n fluent origin/bugfix/eraser origin/canary origin/dev origin/feature/recognition origin/fluent origin/theme theme	yes	H0 reachable	code	.trellis/tasks/08-01-ui3-simple-color-picker, Inkeys/IdtDrawpad.cpp, Inkeys/Inkeys/UI	"p1:c8f312783e5a/81871; files=10 +1670/-89; hunks=.trellis/tasks/08-01-ui3-simple-color-picker/check.jsonl@, .trellis/tasks/08-01-ui3-simple-color-picker/design.md@, .trellis/tasks/08-01-ui3-simple-color-picker/implement.jsonl@, .trellis/tasks/08-01-ui3-simple-color-picker/implement.md@; lines=+{""_example"": ""Fill with {\""file\"": \""<path>\"", \""reason\"": \""<why>\""}. Put spec/ | +# UI3 同窗简易颜色选择器 — Technical Design | +## Boundaries; product=Inkeys/IdtDrawpad.cpp@, Inkeys/IdtDrawpad.cpp@LRESULT CALLBACK DrawpadHookCallback(int nCode, WPARAM wParam, LPARAM lParam), Inkeys/Inkeys/UI/Bar/Bar.Main.cpp@constexpr UINT BarThicknessSliderCaptureMessage = WM_APP + 0x33;, Inkeys/Inkeys/UI/Bar/Bar.Main.cpp@constexpr WPARAM BarThicknessSliderCaptureCancel = 2;; add=import Inkeys.UI.Bar; | if (useInkeys3UI && Inkeys::UI::Bar::TryQueueColorPickerKeyboardInput( | static_cast<BYTE>(pKeyInfo->vkCode),"	历史补丁全文+H0 vcxproj 编译项+实际 facade/颜色队列 producer-consumer 静态复核	H0: Inkeys/Inkeys.vcxproj:895 旧 IdtDrawpad.cpp 为 None；:905 编译 IdtDrawpadFacade.cpp:42–50；Bar.Interaction.cpp:6779–6805,2006–2057,2233–2249 保留 consumer	B3-INPUT-001 假设被排除（旧 hook 不编译）；B3-INPUT-002 静态键盘 producer 缺口，运行待验证	B3-INPUT-001(excluded); B3-INPUT-002(static-gap)	H0 项目文件与唯一安装/调用点静态交叉检查；未启动 GUI、未注入按键	feat(ui3): add same-window simple color picker
8d7dbc6872792fcc0a93479498bfa7869bdacd50	3f0f4dd5fa500780a5d020efd52de0266c0f285e	2026-08-01T19:58:28+08:00	2026-08-01T19:58:28+08:00	bugfix/animation bugfix/eraser bugfix/pptui bugfix/settingui chore/publish dev draw feature/cursor feature/recognition feature/ui3-i18n fluent origin/bugfix/eraser origin/canary origin/dev origin/feature/recognition origin/fluent origin/theme theme	yes	H0 reachable	docs	.trellis/workspace/AlanCRL	p1:6d9c3044de5c/1391; files=2 +25/-3; hunks=.trellis/workspace/AlanCRL/index.md@, .trellis/workspace/AlanCRL/index.md@, .trellis/workspace/AlanCRL/index.md@, .trellis/workspace/AlanCRL/index.md@; lines=+- **Total Sessions**: 11 | +| `journal-1.md` | ~348 | Active | | +| 11 | 2026-08-01 | 修复 UI3 Bar 主栏动画批次不同步 | `6f4dd2b` | `feature/animation` |; product=none	补丁全文读取；文档/任务状态简审	H0 文档/任务记录：bugfix/animation, bugfix/eraser	不适用（无产品可执行代码改动）		静态文件差异；无需运行验证	chore: record journal
3f0f4dd5fa500780a5d020efd52de0266c0f285e	6f4dd2bc4009e8ce5d92a7333109916b3dbf14ec	2026-08-01T19:58:03+08:00	2026-08-01T19:58:03+08:00	bugfix/animation bugfix/eraser bugfix/pptui bugfix/settingui chore/publish dev draw feature/cursor feature/recognition feature/ui3-i18n fluent origin/bugfix/eraser origin/canary origin/dev origin/feature/recognition origin/fluent origin/theme theme	yes	H0 reachable	docs	.trellis/tasks/archive	p1:98c58b6ecc82/3344; files=4 +9/-9; hunks=.trellis/tasks/archive/2026-08/08-01-fix-ui3-bar-animation-batch-sync/prd.md@, .trellis/tasks/archive/2026-08/08-01-fix-ui3-bar-animation-batch-sync/task.json@, .trellis/tasks/archive/2026-08/08-01-fix-ui3-bar-animation-batch-sync/task.json@; lines=+- [x] 展开动画超过批次加入阈值后触发布局宽度变化，主栏与仍在运动的按钮不会使用不同的完成时刻。 | +- [x] 目标位置未变化的在途按钮会正确加入晚期重启批次，不会先于主栏完成。 | +- [x] 普通展开/收起和左右换边的现有关键帧逻辑不发生行为回归。; product=none	补丁全文读取；文档/任务状态简审	H0 文档/任务记录：bugfix/animation, bugfix/eraser	不适用（无产品可执行代码改动）		静态文件差异；无需运行验证	chore(task): archive 08-01-fix-ui3-bar-animation-batch-sync
6f4dd2bc4009e8ce5d92a7333109916b3dbf14ec	34ce9e1becd1ea4f94829424b149a39466c74745	2026-08-01T19:54:12+08:00	2026-08-01T19:54:12+08:00	bugfix/animation bugfix/eraser bugfix/pptui bugfix/settingui chore/publish dev draw feature/cursor feature/recognition feature/ui3-i18n fluent origin/bugfix/eraser origin/canary origin/dev origin/feature/recognition origin/fluent origin/theme theme	yes	H0 reachable	code	.trellis/tasks/08-01-fix-ui3-bar-animation-batch-sync, Inkeys/Inkeys/UI	"p1:96cd3744ca92/6336; files=5 +73/-5; hunks=.trellis/tasks/08-01-fix-ui3-bar-animation-batch-sync/check.jsonl@, .trellis/tasks/08-01-fix-ui3-bar-animation-batch-sync/implement.jsonl@, .trellis/tasks/08-01-fix-ui3-bar-animation-batch-sync/prd.md@, .trellis/tasks/08-01-fix-ui3-bar-animation-batch-sync/task.json@; lines=+{""_example"": ""Fill with {\""file\"": \""<path>\"", \""reason\"": \""<why>\""}. Put spec/ | +{""_example"": ""Fill with {\""file\"": \""<path>\"", \""reason\"": \""<why>\""}. Put spec/ | +# 修复 UI3 Bar 主栏动画批次不同步; product=Inkeys/Inkeys/UI/Bar/Bar.Main.cpp@if (stateMode.StateModeSelect == StateModeSelectEnum::IdtPen), Inkeys/Inkeys/UI/Bar/Bar.Main.cpp@if (stateMode.StateModeSelect == StateModeSelectEnum::IdtPen), Inkeys/Inkeys/UI/Bar/Bar.Main.cpp@SetButtonPositionTar(temp->buttom.x, xO + 5.0, 40.0, true);, Inkeys/Inkeys/UI/Bar/Bar.Main.cpp@SetButtonPositionTar(temp->buttom.x, xO + 5.0, 40.0, true);; add=bool forceRestartMainBarLayout = mainBarFoldChange || lateMainBarLayoutChange; | forceRestartMainBarLayout, syncedValueCurve); | mainBar->x.SetTar(0.0, operationDur, nullopt, forceRestartMainBarLayout, syncedValueCurve);"	实际补丁全文读取、变更符号/当前模块静态复核	H0 当前模块: Inkeys/Inkeys/UI/Bar/Bar.Main.cpp；旧 Bar.Main 实现后续拆至 Bar.RenderLoop/Interaction/Rendering	已审静态补丁；运行行为未验证		静态源码映射；未运行该历史提交	Fix UI3 bar late layout animation sync
34ce9e1becd1ea4f94829424b149a39466c74745	b34ec8b0a03692758ffe69e7cfd488f65341fc73	2026-08-01T18:46:42+08:00	2026-08-01T18:46:42+08:00	bugfix/animation bugfix/eraser bugfix/pptui bugfix/settingui chore/publish dev draw feature/cursor feature/recognition feature/ui3-i18n fluent origin/bugfix/eraser origin/canary origin/dev origin/feature/recognition origin/fluent origin/theme theme	yes	H0 reachable	code	Inkeys/Inkeys/UI	p1:168b9aeae745/15170; files=2 +123/-112; hunks=Inkeys/Inkeys/UI/Bar/Bar.Bottom.cppm@enum class BarButtomSizeEnum : int, Inkeys/Inkeys/UI/Bar/Bar.Bottom.cppm@enum class BarButtomSizeEnum : int, Inkeys/Inkeys/UI/Bar/Bar.Main.cpp@if (stateMode.StateModeSelect == StateModeSelectEnum::IdtPen), Inkeys/Inkeys/UI/Bar/Bar.Main.cpp@if (stateMode.StateModeSelect == StateModeSelectEnum::IdtPen); lines=+twoTwo, // 2*2 -> 70 * 70（= 两枚 2*1 + 间隙 5，或四枚 1*1） | +twoOne, // 2*1 -> 70 * 32.5（= 两枚 1*1 + 间隙 5） | +oneOne // 1*1 -> 32.5 * 32.5（正方形）; product=Inkeys/Inkeys/UI/Bar/Bar.Bottom.cppm@enum class BarButtomSizeEnum : int, Inkeys/Inkeys/UI/Bar/Bar.Bottom.cppm@enum class BarButtomSizeEnum : int, Inkeys/Inkeys/UI/Bar/Bar.Main.cpp@if (stateMode.StateModeSelect == StateModeSelectEnum::IdtPen), Inkeys/Inkeys/UI/Bar/Bar.Main.cpp@if (stateMode.StateModeSelect == StateModeSelectEnum::IdtPen); add=twoTwo, // 2*2 -> 70 * 70锛�= 涓ゆ灇 2*1 + 闂撮殭 5锛屾垨鍥涙灇 1*1锛� | twoOne, // 2*1 -> 70 * 32.5锛�= 涓ゆ灇 1*1 + 闂撮殭 5锛� | oneOne // 1*1 -> 32.5 * 32.5锛堟�ｆ柟褰�锛�	实际补丁全文读取、变更符号/当前模块静态复核	H0 当前模块: Inkeys/Inkeys/UI/Bar/Bar.Main.cpp；旧 Bar.Main 实现后续拆至 Bar.RenderLoop/Interaction/Rendering	已审静态补丁；运行行为未验证		静态源码映射；未运行该历史提交	Fix bar 1x1/2x1 spacing to equal 5px grid
b34ec8b0a03692758ffe69e7cfd488f65341fc73	4029b527c9e59bb961a1546c19b2c88d94e82712 0f07bdd437dfd9cce77237c47ea955b235813b44	2026-08-01T18:19:39+08:00	2026-08-01T18:19:39+08:00	bugfix/animation bugfix/eraser bugfix/pptui bugfix/settingui chore/publish dev draw feature/cursor feature/recognition feature/ui3-i18n fluent origin/bugfix/eraser origin/canary origin/dev origin/feature/recognition origin/fluent origin/theme theme	yes	H0 reachable	merge	.trellis/spec/native-desktop, .trellis/tasks/archive, .trellis/workspace/AlanCRL, Inkeys/Inkeys/Other, Inkeys/Inkeys/UI, .agents, .codex, .gitattributes, .trellis/.template-hashes.json, .trellis/.version, .trellis/config.yaml, .trellis/scripts/add_session.py	p1:0bbd6a5e02ef/88065; p2:4a6e15167fa0/1059580; files=172 +21036/-1410 binary; hunks=.trellis/spec/native-desktop/configuration-i18n-and-assets.md@, .trellis/spec/native-desktop/configuration-i18n-and-assets.md@, .trellis/spec/native-desktop/configuration-i18n-and-assets.md@, .trellis/spec/native-desktop/configuration-i18n-and-assets.md@; lines=+## UI3 Bar 分区布局配置合同 | +修改 `UI.Bar.FixedButtonsA1` / `ExtensionButtons` / `FixedButtonsA2`、布局序列 codec、UI | +- `BarButtomSetClass::RegisterButton(id, button, allowMultiple, zone, defaultUse; product=Inkeys/Inkeys/Other/Other.Config.cpp@namespace, Inkeys/Inkeys/Other/Other.Config.cpp@namespace, Inkeys/Inkeys/Other/Other.Config.cpp@namespace, Inkeys/Inkeys/Other/Other.Config.cpp@namespace; add=bool TryReadBarButtonSizeKind(const Json::Value& jsonValue, Inkeys::BarButtonSizeKind& outSize) | if (!jsonValue.isString()) return false; | const std::string text = jsonValue.asString();	每父实际补丁+combined diff；冲突解决核对	H0 合并节点；产品路径: Inkeys/Inkeys/Other/Other.Config.cpp, Inkeys/Inkeys/Other/Other.Config.cppm, Inkeys/Inkeys/UI/Bar/Bar.Bottom.cppm, Inkeys/Inkeys/UI/Bar/Bar.Buttom.cpp	已审静态集成差异；运行未验证		仅静态；combined diff 检查见 findings	Merge branch 'feature/settings' into feature/animation
0f07bdd437dfd9cce77237c47ea955b235813b44	de0f626fd7f2117ae095ac86c87a365f24375965	2026-08-01T17:44:11+08:00	2026-08-01T17:44:11+08:00	bugfix/animation bugfix/eraser bugfix/pptui bugfix/settingui chore/publish dev draw feature/cursor feature/recognition feature/ui3-i18n fluent origin/bugfix/eraser origin/canary origin/dev origin/feature/recognition origin/fluent origin/theme theme	yes	H0 reachable	docs	.trellis/workspace/AlanCRL	p1:f4888d25c6c4/1962; files=2 +39/-3; hunks=.trellis/workspace/AlanCRL/index.md@, .trellis/workspace/AlanCRL/index.md@, .trellis/workspace/AlanCRL/index.md@, .trellis/workspace/AlanCRL/journal-1.md@Added reusable locked JSON sequences, persisted UI3 Bar button order a; lines=+- **Total Sessions**: 3 | +- **Last Active**: 2026-08-01 | +| `journal-1.md` | ~108 | Active |; product=none	补丁全文读取；文档/任务状态简审	H0 文档/任务记录：bugfix/animation, bugfix/eraser	不适用（无产品可执行代码改动）		静态文件差异；无需运行验证	chore: record journal
de0f626fd7f2117ae095ac86c87a365f24375965	b5e4f45c27b11f2b14bd3f6955b8e1fe7564f4a3	2026-08-01T17:44:03+08:00	2026-08-01T17:44:03+08:00	bugfix/animation bugfix/eraser bugfix/pptui bugfix/settingui chore/publish dev draw feature/cursor feature/recognition feature/ui3-i18n fluent origin/bugfix/eraser origin/canary origin/dev origin/feature/recognition origin/fluent origin/theme theme	yes	H0 reachable	docs	.trellis/tasks/archive	"p1:8bf40a5bd7db/2070; files=5 +2/-2; hunks=.trellis/tasks/archive/2026-08/07-28-ui3-bar-button-layout-config/task.json@, .trellis/tasks/archive/2026-08/07-28-ui3-bar-button-layout-config/task.json@; lines=+""status"": ""completed"", | +""completedAt"": ""2026-08-01"",; product=none"	补丁全文读取；文档/任务状态简审	H0 文档/任务记录：bugfix/animation, bugfix/eraser	不适用（无产品可执行代码改动）		静态文件差异；无需运行验证	chore(task): archive 07-28-ui3-bar-button-layout-config
b5e4f45c27b11f2b14bd3f6955b8e1fe7564f4a3	c21c4c2f5b40b13a34f7bbb6bdd3909bb4e3f4c8	2026-08-01T17:10:05+08:00	2026-08-01T17:10:05+08:00	bugfix/animation bugfix/eraser bugfix/pptui bugfix/settingui chore/publish dev draw feature/cursor feature/recognition feature/ui3-i18n fluent origin/bugfix/eraser origin/canary origin/dev origin/feature/recognition origin/fluent origin/theme theme	yes	H0 reachable	code	.trellis/spec/native-desktop, Inkeys/Inkeys/UI	p1:112ccc66da64/5580; files=3 +37/-45; hunks=.trellis/spec/native-desktop/configuration-i18n-and-assets.md@, Inkeys/Inkeys/UI/Bar/Bar.Bottom.cppm@std::vector<Inkeys::BarExtensionButtonLayoutEntry> NormalizeExtensionZ, Inkeys/Inkeys/UI/Bar/Bar.Bottom.cppm@std::vector<Inkeys::BarExtensionButtonLayoutEntry> NormalizeExtensionZ, Inkeys/Inkeys/UI/Bar/Bar.Buttom.cpp@void BarButtomSetClass::AppendFixedButtons(const std::vector<Inkeys::B; lines=+- **交界分割线**：运行时注入 `Inkeys.Bar.Divider` 且**不写入**三区配置。B 有可见扩展按钮时在 `A1|B` 与 `B|A2`  | +- **相邻分割线规则**：配置侧相邻 Divider 只保留一条；运行时通过“先判断 B 是否有可见项再注入”避免相邻交界线。不得对 `only` 单例按钮重 | +int AppendExtensionButtons(const std::vector<Inkeys::BarExtensionButtonLayoutEnt; product=Inkeys/Inkeys/UI/Bar/Bar.Bottom.cppm@std::vector<Inkeys::BarExtensionButtonLayoutEntry> NormalizeExtensionZone(, Inkeys/Inkeys/UI/Bar/Bar.Bottom.cppm@std::vector<Inkeys::BarExtensionButtonLayoutEntry> NormalizeExtensionZone(, Inkeys/Inkeys/UI/Bar/Bar.Buttom.cpp@void BarButtomSetClass::AppendFixedButtons(const std::vector<Inkeys::BarFixedBut, Inkeys/Inkeys/UI/Bar/Bar.Buttom.cpp@void BarButtomSetClass::AppendExtensionButtons(const std::vector<Inkeys::BarExte; add=int AppendExtensionButtons(const std::vector<Inkeys::BarExtensionButtonLayoutEntry>& entries); | int BarButtomSetClass::AppendExtensionButtons(const std::vector<Inkeys::BarExtensionButtonLayoutEntr | int appended = 0;	实际补丁全文读取；调用/失败路径按高风险组复核，详见 findings 摘要	H0 当前模块: 原路径已移动/删除	已审静态补丁；运行行为未验证		H0 当前路径静态复核；真机/性能/Win7 由专项验证	Fix bar startup hang from divider list rebuild
c21c4c2f5b40b13a34f7bbb6bdd3909bb4e3f4c8	c41e37274f1541f8201fa9193d79e5b8f611a83b	2026-08-01T17:08:06+08:00	2026-08-01T17:08:06+08:00	bugfix/animation bugfix/eraser bugfix/pptui bugfix/settingui chore/publish dev draw feature/cursor feature/recognition feature/ui3-i18n fluent origin/bugfix/eraser origin/canary origin/dev origin/feature/recognition origin/fluent origin/theme theme	yes	H0 reachable	code	.trellis/spec/native-desktop, Inkeys/Inkeys/Other, Inkeys/Inkeys/UI	p1:ae71fa14cb39/9665; files=5 +121/-33; hunks=.trellis/spec/native-desktop/configuration-i18n-and-assets.md@, .trellis/spec/native-desktop/configuration-i18n-and-assets.md@, .trellis/spec/native-desktop/configuration-i18n-and-assets.md@, .trellis/spec/native-desktop/configuration-i18n-and-assets.md@; lines=+- A1 默认 required：Select, Draw, Eraser, Geometry, Recall, Clean（**不含 Divider**）。 | +- **交界分割线**：运行时在 `A1|B` 与 `B|A2` 各注入一条 `Inkeys.Bar.Divider`，**不写入**三区配置。B 为空时两条相 | +- **相邻分割线全局规则**：运行时列表中相邻 Divider 只保留一条；配置侧若出现相邻 Divider 也只保留一条（交界 Divider 本身不进配置; product=Inkeys/Inkeys/Other/Other.Config.cpp@namespace Inkeys, Inkeys/Inkeys/Other/Other.Config.cpp@namespace Inkeys, Inkeys/Inkeys/Other/Other.Config.cppm@export namespace Inkeys, Inkeys/Inkeys/Other/Other.Config.cppm@export namespace Inkeys; add=if (IsRuntimeBoundaryDividerId(id)) continue; | inline bool IsFixedButtonsA1Id(std::string_view id) | return id == BarButtonId::Select	实际补丁全文读取、变更符号/当前模块静态复核	H0 当前模块: Inkeys/Inkeys/Other/Other.Config.cpp, Inkeys/Inkeys/Other/Other.Config.cppm	已审静态补丁；运行行为未验证		静态源码映射；未运行该历史提交	Inject non-config boundary dividers between bar zones
c41e37274f1541f8201fa9193d79e5b8f611a83b	a08533bf06961751ad750b9b60ab4e142722e172	2026-08-01T16:49:58+08:00	2026-08-01T16:49:58+08:00	bugfix/animation bugfix/eraser bugfix/pptui bugfix/settingui chore/publish dev draw feature/cursor feature/recognition feature/ui3-i18n fluent origin/bugfix/eraser origin/canary origin/dev origin/feature/recognition origin/fluent origin/theme theme	yes	H0 reachable	code	.trellis/spec/native-desktop, .trellis/tasks/07-28-ui3-bar-button-layout-config, .trellis/tasks/archive, Inkeys/Inkeys/Other, Inkeys/Inkeys/UI	p1:1735acc4478d/81709; files=13 +1471/-236; hunks=.trellis/spec/native-desktop/configuration-i18n-and-assets.md@, .trellis/spec/native-desktop/configuration-i18n-and-assets.md@, .trellis/spec/native-desktop/configuration-i18n-and-assets.md@, .trellis/spec/native-desktop/configuration-i18n-and-assets.md@; lines=+## UI3 Bar 分区布局配置合同 | +修改 `UI.Bar.FixedButtonsA1` / `ExtensionButtons` / `FixedButtonsA2`、布局序列 codec、UI | +- `BarButtomSetClass::RegisterButton(id, button, allowMultiple, zone, defaultUse; product=Inkeys/Inkeys/Other/Other.Config.cpp@namespace, Inkeys/Inkeys/Other/Other.Config.cpp@namespace, Inkeys/Inkeys/Other/Other.Config.cpp@namespace, Inkeys/Inkeys/Other/Other.Config.cpp@namespace; add=bool TryReadBarButtonSizeKind(const Json::Value& jsonValue, Inkeys::BarButtonSizeKind& outSize) | if (!jsonValue.isString()) return false; | const std::string text = jsonValue.asString();	实际补丁全文读取；调用/失败路径按高风险组复核，详见 findings 摘要	H0 当前模块: Inkeys/Inkeys/Other/Other.Config.cpp, Inkeys/Inkeys/Other/Other.Config.cppm	已审静态补丁；运行行为未验证		H0 当前路径静态复核；真机/性能/Win7 由专项验证	Split UI3 bar layout into fixed A1/B/A2 zones
4029b527c9e59bb961a1546c19b2c88d94e82712	a3e2d89d7654a3c625314455db3c9f3f97629806	2026-08-01T15:04:53+08:00	2026-08-01T15:04:53+08:00	bugfix/animation bugfix/eraser bugfix/pptui bugfix/settingui chore/publish dev draw feature/cursor feature/recognition feature/ui3-i18n fluent origin/bugfix/eraser origin/canary origin/dev origin/feature/recognition origin/fluent origin/theme theme	yes	H0 reachable	docs	.trellis/tasks/07-17-investigate-unified-ui-d3d11-pipeline, .trellis/tasks/07-26-button-cursor-lighting, .trellis/tasks/08-01-render-pipeline-refactor	"p1:88da7a218435/9752; files=6 +144/-5; hunks=.trellis/tasks/07-17-investigate-unified-ui-d3d11-pipeline/task.json@, .trellis/tasks/07-17-investigate-unified-ui-d3d11-pipeline/task.json@, .trellis/tasks/07-26-button-cursor-lighting/task.json@, .trellis/tasks/08-01-render-pipeline-refactor/check.jsonl@; lines=+""notes"": ""调查任务本身仍可补 research 文档；其后续实施排在 08-01-render-pipeline-refactor（渲染管线重构）完成 | +""meta"": { | +""after"": ""08-01-render-pipeline-refactor""; product=none"	补丁全文读取；文档/任务状态简审	H0 文档/任务记录：bugfix/animation, bugfix/eraser	不适用（无产品可执行代码改动）		静态文件差异；无需运行验证	chore(trellis): schedule render pipeline epic and defer lighting
a3e2d89d7654a3c625314455db3c9f3f97629806	fe27a692c6a4dd4c3a05136412be94f9d282be4c	2026-08-01T15:04:33+08:00	2026-08-01T15:04:33+08:00	bugfix/animation bugfix/eraser bugfix/pptui bugfix/settingui chore/publish dev draw feature/cursor feature/recognition feature/ui3-i18n fluent origin/bugfix/eraser origin/canary origin/dev origin/feature/recognition origin/fluent origin/theme theme	yes	H0 reachable	docs	.trellis/tasks/archive	p1:ed98c4ab603d/5212; files=4 +13/-13; hunks=.trellis/tasks/archive/2026-08/07-26-draw-attribute-pen-type-buttons/prd.md@, .trellis/tasks/archive/2026-08/07-26-draw-attribute-pen-type-buttons/prd.md@, .trellis/tasks/archive/2026-08/07-26-draw-attribute-pen-type-buttons/task.json@, .trellis/tasks/archive/2026-08/07-26-draw-attribute-pen-type-buttons/task.json@; lines=+- [x] 展开状态下，从上到下显示刷子、激光笔、荧光笔、硬笔（及后续扩展的软笔）横向“图标 + 文字”按钮；按钮宽度通过中文标签校核，不截断到不可识别。 | +- [x] 硬笔、荧光笔可正常切换，选中态为青色；其未选中、悬停、按下反馈与主栏按钮一致。 | +- [x] 激光笔、刷子、软笔为禁用/占位态，不改变当前笔型（软笔为后续扩展项，本期不接入绘制）。; product=none	补丁全文读取；文档/任务状态简审	H0 文档/任务记录：bugfix/animation, bugfix/eraser	不适用（无产品可执行代码改动）		静态文件差异；无需运行验证	chore(task): archive 07-26-draw-attribute-pen-type-buttons
fe27a692c6a4dd4c3a05136412be94f9d282be4c	0b4a213c10dab76870aa2084d9aff0f2b4213e20	2026-08-01T14:33:34+08:00	2026-08-01T14:33:34+08:00	bugfix/animation bugfix/eraser bugfix/pptui bugfix/settingui chore/publish dev draw feature/cursor feature/recognition feature/ui3-i18n fluent origin/bugfix/eraser origin/canary origin/dev origin/feature/recognition origin/fluent origin/theme theme	yes	H0 reachable	docs	.trellis/workspace/AlanCRL	p1:e3c9827942d7/1818; files=2 +32/-3; hunks=.trellis/workspace/AlanCRL/index.md@, .trellis/workspace/AlanCRL/index.md@, .trellis/workspace/AlanCRL/index.md@, .trellis/workspace/AlanCRL/journal-1.md@Added reusable locked JSON sequences, persisted UI3 Bar button order a; lines=+- **Total Sessions**: 9 | +- **Last Active**: 2026-08-01 | +| `journal-1.md` | ~292 | Active |; product=none	补丁全文读取；文档/任务状态简审	H0 文档/任务记录：bugfix/animation, bugfix/eraser	不适用（无产品可执行代码改动）		静态文件差异；无需运行验证	chore: record journal
0b4a213c10dab76870aa2084d9aff0f2b4213e20	d361a895e2c50f7ea9cb57859d1c7f4b16527003	2026-08-01T14:33:14+08:00	2026-08-01T14:33:14+08:00	bugfix/animation bugfix/eraser bugfix/pptui bugfix/settingui chore/publish dev draw feature/cursor feature/recognition feature/ui3-i18n fluent origin/bugfix/eraser origin/canary origin/dev origin/feature/recognition origin/fluent origin/theme theme	yes	H0 reachable	docs	.trellis/tasks/archive	"p1:19d31edda457/2229; files=6 +2/-2; hunks=.trellis/tasks/archive/2026-08/07-28-ui3-pen-thickness-slider/task.json@, .trellis/tasks/archive/2026-08/07-28-ui3-pen-thickness-slider/task.json@; lines=+""status"": ""completed"", | +""completedAt"": ""2026-08-01"",; product=none"	补丁全文读取；文档/任务状态简审	H0 文档/任务记录：bugfix/animation, bugfix/eraser	不适用（无产品可执行代码改动）		静态文件差异；无需运行验证	chore(task): archive 07-28-ui3-pen-thickness-slider
d361a895e2c50f7ea9cb57859d1c7f4b16527003	4a4edd043e9ebe4c8442b902de0a9ba849f09d0c	2026-08-01T11:34:29+08:00	2026-08-01T11:34:29+08:00	bugfix/animation bugfix/eraser bugfix/pptui bugfix/settingui chore/publish dev draw feature/cursor feature/recognition feature/ui3-i18n fluent origin/bugfix/eraser origin/canary origin/dev origin/feature/recognition origin/fluent origin/theme theme	yes	H0 reachable	docs	.trellis/tasks/07-28-ui3-pen-thickness-slider	p1:727615784be2/2453; files=2 +16/-0; hunks=.trellis/tasks/07-28-ui3-pen-thickness-slider/design.md@, .trellis/tasks/07-28-ui3-pen-thickness-slider/prd.md@; lines=+## Future Notes（i18n / 其他笔型） | +> 当前实现刻意保持中文布局假设；下列项在未来做 i18n 或扩展笔型时再落地，本期不改代码。 | +- **起点依赖标注线徽标**：hold-lock 文案/圆环的水平起点目前是 `annotationBadgeX + annotationBadgeW + g; product=none	补丁全文读取；文档/任务状态简审	H0 文档/任务记录：bugfix/animation, bugfix/eraser	不适用（无产品可执行代码改动）		静态文件差异；无需运行验证	Add i18n/layout future notes to pen thickness docs
4a4edd043e9ebe4c8442b902de0a9ba849f09d0c	ea292c48f89148d4ef16b05f924b1ce0480beb22	2026-08-01T11:31:27+08:00	2026-08-01T11:31:27+08:00	bugfix/animation bugfix/eraser bugfix/pptui bugfix/settingui chore/publish dev draw feature/cursor feature/recognition feature/ui3-i18n fluent origin/bugfix/eraser origin/canary origin/dev origin/feature/recognition origin/fluent origin/theme theme	yes	H0 reachable	code	.trellis/tasks/07-28-ui3-pen-thickness-slider, Inkeys/Inkeys/UI	p1:3edf42421e62/42264; files=5 +694/-220; hunks=.trellis/tasks/07-28-ui3-pen-thickness-slider/design.md@, .trellis/tasks/07-28-ui3-pen-thickness-slider/prd.md@, Inkeys/Inkeys/UI/Bar/Bar.Main.cpp@constexpr double BarThicknessSliderThumbAnimationDur = 0.28;, Inkeys/Inkeys/UI/Bar/Bar.Main.cpp@LRESULT CALLBACK barWindowMsgCallback(HWND hWnd, UINT msg, WPARAM wPar; lines=+- 拖动静止保持锁定：交互循环改 `peekmessage` 轮询；当 `candidateChanged` 且位移不超过 `5×dpiZoom` 时累计静止时 | +- 拖动过程中若候选粗细相对按下前已改变，且光标在 `5px × 系统 DPI` 内保持静止：`0.5s` 后在“标注线”徽标右侧淡入灰色“保持并固定粗细”文字 | +constexpr double BarThicknessSliderPressAnimationDur = 0.12;; product=Inkeys/Inkeys/UI/Bar/Bar.Main.cpp@constexpr double BarThicknessSliderThumbAnimationDur = 0.28;, Inkeys/Inkeys/UI/Bar/Bar.Main.cpp@LRESULT CALLBACK barWindowMsgCallback(HWND hWnd, UINT msg, WPARAM wParam, LPARAM, Inkeys/Inkeys/UI/Bar/Bar.Main.cpp@void BarUISetClass::CloseThicknessSlider(bool cancelCapture), Inkeys/Inkeys/UI/Bar/Bar.Main.cpp@bool drawAttributeThicknessSliderTargetActive = false;; add=constexpr double BarThicknessSliderPressAnimationDur = 0.12; | constexpr double BarThicknessHoldStillnessPx = 5.0; | constexpr ULONGLONG BarThicknessHoldHintDelayMs = 500;	实际补丁全文读取、变更符号/当前模块静态复核	H0 当前模块: Inkeys/Inkeys/UI/Bar/Bar.Main.cpp, Inkeys/Inkeys/UI/Bar/Bar.Main.cppm, Inkeys/Inkeys/UI/Bar/Bar.State.cppm；旧 Bar.Main 实现后续拆至 Bar.RenderLoop/Interaction/Rendering	已审静态补丁；运行行为未验证		静态源码映射；未运行该历史提交	Add hold-to-lock for thickness slider
ea292c48f89148d4ef16b05f924b1ce0480beb22	8d172fea136462974882b3388310f1e2fea50b05	2026-08-01T11:00:21+08:00	2026-08-01T11:00:21+08:00	bugfix/animation bugfix/eraser bugfix/pptui bugfix/settingui chore/publish dev draw feature/cursor feature/recognition feature/ui3-i18n fluent origin/bugfix/eraser origin/canary origin/dev origin/feature/recognition origin/fluent origin/theme theme	yes	H0 reachable	code+project	Inkeys/Inkeys.rc, Inkeys/Inkeys.vcxproj, Inkeys/Inkeys.vcxproj.filters, Inkeys/Inkeys/UI, Inkeys/src/UI	"p1:c051466fbcd4/8684; files=8 +57/-36; hunks=Inkeys/Inkeys.rc@BARBRUSH2               UI                      ""src\\UI\\barBrush2.sv, Inkeys/Inkeys.vcxproj@, Inkeys/Inkeys.vcxproj.filters@, Inkeys/Inkeys/UI/Bar/Bar.Main.cpp@namespace Inkeys::UI::Bar; lines=+BARPAINTBRUSH           UI                      ""src\\UI\\barPaintBrush.svg"" | +<None Include=""src\UI\barBrush2.svg"" /> | +<None Include=""src\UI\barPaintBrush.svg"" />; product=Inkeys/Inkeys.rc@BARBRUSH2               UI                      ""src\\UI\\barBrush2.svg"", Inkeys/Inkeys.vcxproj@, Inkeys/Inkeys/UI/Bar/Bar.Main.cpp@namespace Inkeys::UI::Bar; add=BARPAINTBRUSH           UI                      ""src\\UI\\barPaintBrush.svg"" | <None Include=""src\UI\barBrush2.svg"" /> | <None Include=""src\UI\barPaintBrush.svg"" />"	实际补丁全文读取、变更符号/当前模块静态复核	H0 当前模块: Inkeys/Inkeys.rc, Inkeys/Inkeys.vcxproj, Inkeys/Inkeys/UI/Bar/Bar.Main.cpp；旧 Bar.Main 实现后续拆至 Bar.RenderLoop/Interaction/Rendering	已审静态补丁；运行行为未验证		静态源码映射；未运行该历史提交	Add paintbrush asset and update bar UI icons
8d172fea136462974882b3388310f1e2fea50b05	9a21a3a4dac4eca74de22e8678bc962bec6a1ca5	2026-08-01T10:46:44+08:00	2026-08-01T10:46:44+08:00	bugfix/animation bugfix/eraser bugfix/pptui bugfix/settingui chore/publish dev draw feature/cursor feature/recognition feature/ui3-i18n fluent origin/bugfix/eraser origin/canary origin/dev origin/feature/recognition origin/fluent origin/theme theme	yes	H0 reachable	code	.trellis/tasks/07-28-ui3-pen-thickness-slider, Inkeys/Inkeys/UI	p1:1aa0c492641f/16118; files=3 +181/-138; hunks=.trellis/tasks/07-28-ui3-pen-thickness-slider/design.md@, .trellis/tasks/07-28-ui3-pen-thickness-slider/prd.md@, Inkeys/Inkeys/UI/Bar/Bar.Main.cpp@constexpr double BarBrushThicknessPresetDip[] = { 1.0, 3.0, 6.0 };, Inkeys/Inkeys/UI/Bar/Bar.Main.cpp@BarThicknessPreviewGeometry CalculateBarThicknessPreviewGeometry(; lines=+- 粗细快捷预设统一经 `GetBarThicknessPresetPx(mode, index, dpiZoom)`：硬笔 `1/3/6`，荧光笔 `30/5 | +- 荧光笔模式保留细/中/粗三档快捷按钮，按钮内容改为数字显示；预设值为 `30 / 50 / 80 × 系统 DPI`，仅跟随系统 DPI，不叠加 UI zo | +constexpr double BarHighlighterThicknessPresetDip[] = { 30.0, 50.0, 80.0 };; product=Inkeys/Inkeys/UI/Bar/Bar.Main.cpp@constexpr double BarBrushThicknessPresetDip[] = { 1.0, 3.0, 6.0 };, Inkeys/Inkeys/UI/Bar/Bar.Main.cpp@BarThicknessPreviewGeometry CalculateBarThicknessPreviewGeometry(, Inkeys/Inkeys/UI/Bar/Bar.Main.cpp@if (stateMode.StateModeSelect == StateModeSelectEnum::IdtPen), Inkeys/Inkeys/UI/Bar/Bar.Main.cpp@bool brushMode =; add=constexpr double BarHighlighterThicknessPresetDip[] = { 30.0, 50.0, 80.0 }; | int GetBarThicknessPresetPx( | PenModeSelectEnum mode, size_t index, double dpiZoom)	实际补丁全文读取；调用/失败路径按高风险组复核，详见 findings 摘要	H0 当前模块: Inkeys/Inkeys/UI/Bar/Bar.Main.cpp；旧 Bar.Main 实现后续拆至 Bar.RenderLoop/Interaction/Rendering	已审静态补丁；运行行为未验证		H0 当前路径静态复核；真机/性能/Win7 由专项验证	Add highlighter thickness presets and unified API
9a21a3a4dac4eca74de22e8678bc962bec6a1ca5	45989ce69e6232246295b58a5b3f5d7ca57ff32a	2026-08-01T10:39:11+08:00	2026-08-01T10:39:11+08:00	bugfix/animation bugfix/eraser bugfix/pptui bugfix/settingui chore/publish dev draw feature/cursor feature/recognition feature/ui3-i18n fluent origin/bugfix/eraser origin/canary origin/dev origin/feature/recognition origin/fluent origin/theme theme	yes	H0 reachable	code	.trellis/tasks/07-28-ui3-pen-thickness-slider, Inkeys/Inkeys/UI	p1:7cd04880097c/7340; files=3 +77/-56; hunks=.trellis/tasks/07-28-ui3-pen-thickness-slider/design.md@, .trellis/tasks/07-28-ui3-pen-thickness-slider/prd.md@, Inkeys/Inkeys/UI/Bar/Bar.Main.cpp@void BarUISetClass::Rendering(), Inkeys/Inkeys/UI/Bar/Bar.Main.cpp@if (stateMode.StateModeSelect == StateModeSelectEnum::IdtPen); lines=+- 圆点位置使用独立的 `drawAttributeThicknessSliderNormalized`（0–1）动画值：每帧按当前笔形量程把候选/真实粗细归一 | +- 滑块展开时切换笔形态，圆点应在新旧量程对应位置之间平滑过渡，不得瞬间跳到 0 或错误端点。 | +bool drawAttributeThicknessSliderTargetActive = false;; product=Inkeys/Inkeys/UI/Bar/Bar.Main.cpp@void BarUISetClass::Rendering(), Inkeys/Inkeys/UI/Bar/Bar.Main.cpp@if (stateMode.StateModeSelect == StateModeSelectEnum::IdtPen), Inkeys/Inkeys/UI/Bar/Bar.Main.cpp@if (stateMode.StateModeSelect == StateModeSelectEnum::IdtPen), Inkeys/Inkeys/UI/Bar/Bar.Main.cpp@if (stateMode.StateModeSelect == StateModeSelectEnum::IdtPen); add=bool drawAttributeThicknessSliderTargetActive = false; | BarUiValueClass drawAttributeThicknessSliderNormalized(0.0); | bool drawAttributeThicknessSliderNormalizedInitialized = false;	实际补丁全文读取、变更符号/当前模块静态复核	H0 当前模块: Inkeys/Inkeys/UI/Bar/Bar.Main.cpp；旧 Bar.Main 实现后续拆至 Bar.RenderLoop/Interaction/Rendering	已审静态补丁；运行行为未验证		静态源码映射；未运行该历史提交	Use normalized slider animation for pen thickness
45989ce69e6232246295b58a5b3f5d7ca57ff32a	7afce7a92249110b8265f24619668fb7f5d3b915	2026-08-01T10:31:30+08:00	2026-08-01T10:31:30+08:00	bugfix/animation bugfix/eraser bugfix/pptui bugfix/settingui chore/publish dev draw feature/cursor feature/recognition feature/ui3-i18n fluent origin/bugfix/eraser origin/canary origin/dev origin/feature/recognition origin/fluent origin/theme theme	yes	H0 reachable	code	.trellis/tasks/07-28-ui3-pen-thickness-slider, Inkeys/Inkeys/UI	p1:2465490f92d6/8947; files=3 +71/-34; hunks=.trellis/tasks/07-28-ui3-pen-thickness-slider/design.md@, .trellis/tasks/07-28-ui3-pen-thickness-slider/design.md@, .trellis/tasks/07-28-ui3-pen-thickness-slider/prd.md@, .trellis/tasks/07-28-ui3-pen-thickness-slider/prd.md@; lines=+- 圆点归一化位置统一由 `drawAttributePenThickness.val` 推导：非拖动时该值对真实粗细做 `SetTar` 动画，因此点击下方快 | +- 预览区 `WM_LBUTTONDOWN` 记录按压前是否已经悬停/固定，并以渲染侧圆点 `pct.val >= 0.999999` 判定圆点是否完全出现。仅 | +- 关闭动画时拖动不会改变 `drawAttributePenThickness` 的 val/tar 差值，渲染循环在 `thicknessSliderDra; product=Inkeys/Inkeys/UI/Bar/Bar.Main.cpp@ConfigureThicknessButton(presetShapes[i], numberWord,, Inkeys/Inkeys/UI/Bar/Bar.Main.cpp@bool brushMode = stateMode.Pen.ModeSelect == PenModeSelectEnum::IdtPenBrush1;, Inkeys/Inkeys/UI/Bar/Bar.Main.cpp@void BarUISetClass::Interact(), Inkeys/Inkeys/UI/Bar/Bar.Main.cpp@void BarUISetClass::Interact(); add=if (barState.drawAttributeBar.thicknessSliderDragging | || barState.drawAttributeBar.thicknessSliderPressed) | needRendering = true;	实际补丁全文读取、变更符号/当前模块静态复核	H0 当前模块: Inkeys/Inkeys/UI/Bar/Bar.Main.cpp；旧 Bar.Main 实现后续拆至 Bar.RenderLoop/Interaction/Rendering	已审静态补丁；运行行为未验证		静态源码映射；未运行该历史提交	Thickness slider: unify thumb animation and drag
7afce7a92249110b8265f24619668fb7f5d3b915	e0831fac45b339938698e87f32a7270471922e99	2026-08-01T09:26:26+08:00	2026-08-01T09:26:26+08:00	bugfix/animation bugfix/eraser bugfix/pptui bugfix/settingui chore/publish dev draw feature/cursor feature/recognition feature/ui3-i18n fluent origin/bugfix/eraser origin/canary origin/dev origin/feature/recognition origin/fluent origin/theme theme	yes	H0 reachable	code	.trellis/tasks/07-28-ui3-pen-thickness-slider, Inkeys/Inkeys/UI	p1:f115521b8395/7214; files=3 +50/-39; hunks=.trellis/tasks/07-28-ui3-pen-thickness-slider/design.md@, .trellis/tasks/07-28-ui3-pen-thickness-slider/prd.md@, .trellis/tasks/07-28-ui3-pen-thickness-slider/prd.md@, Inkeys/Inkeys/UI/Bar/Bar.Main.cpp@void BarUISetClass::Rendering(); lines=+- 拖动中把整数候选值写入 `IdtAtomic<float>`，渲染线程用它计算圆点归一化位置，并把 `drawAttributePenThickness`  | +- 拖动中只更新滑块圆点的候选位置，不调用 `SetPenWidth()`，因此真实墨迹、超限徽标与真实粗细记忆均保持不变；左下角“粗细”数字在拖动中即时显示候 | +- [ ] 拖动过程只移动候选圆点，不修改真实粗细或超限提示；左下角“粗细”数字在拖动中即时显示候选值，抬手后恢复动画过渡；有效拖动结束时只提交一次最终值，范围; product=Inkeys/Inkeys/UI/Bar/Bar.Main.cpp@void BarUISetClass::Rendering(), Inkeys/Inkeys/UI/Bar/Bar.Main.cpp@void BarUISetClass::Rendering(), Inkeys/Inkeys/UI/Bar/Bar.Main.cpp@void BarUISetClass::Rendering(), Inkeys/Inkeys/UI/Bar/Bar.Main.cpp@void BarUISetClass::Rendering(); add=if (stateMode.StateModeSelect == StateModeSelectEnum::IdtPen) | double penThickness = max(0.0f, GetPenWidth()); | bool thicknessSliderDragging =	实际补丁全文读取、变更符号/当前模块静态复核	H0 当前模块: Inkeys/Inkeys/UI/Bar/Bar.Main.cpp；旧 Bar.Main 实现后续拆至 Bar.RenderLoop/Interaction/Rendering	已审静态补丁；运行行为未验证		静态源码映射；未运行该历史提交	Show candidate thickness during slider drag
e0831fac45b339938698e87f32a7270471922e99	407924fc6d1ef6d7411420754ae0b0b41334485a	2026-08-01T08:48:04+08:00	2026-08-01T08:48:04+08:00	bugfix/animation bugfix/eraser bugfix/pptui bugfix/settingui chore/publish dev draw feature/cursor feature/recognition feature/ui3-i18n fluent origin/bugfix/eraser origin/canary origin/dev origin/feature/recognition origin/fluent origin/theme theme	yes	H0 reachable	code	.trellis/tasks/07-28-ui3-pen-thickness-slider, Inkeys/Inkeys/UI, Inkeys/PptCOM.dll	p1:6f61d7c4e555/27985; files=5 +288/-259 binary; hunks=.trellis/tasks/07-28-ui3-pen-thickness-slider/design.md@, .trellis/tasks/07-28-ui3-pen-thickness-slider/implement.md@, .trellis/tasks/07-28-ui3-pen-thickness-slider/implement.md@, .trellis/tasks/07-28-ui3-pen-thickness-slider/prd.md@; lines=+- 预览区 `WM_LBUTTONDOWN` 记录按压前是否已经悬停/固定。仅当滑块已显示（`hover || pinned`）时，按下即按绝对投影跳到该点；首 | +5. 在交互线程按视觉层级处理提示徽标、浮窗正文、`100ms` 离开宽限、预览区域 hover、点击固定和小三角切换；按下时记录屏幕坐标、轨道屏幕端点、原悬停 | +6. 接入鼠标捕获、捕获丢失结束事件和触摸同序列映射；所有退出路径统一释放捕获、清理按压。悬停态直接拖动不选中小三角，触摸等无悬停进入的拖动抬起后固定选中；仅在; product=Inkeys/Inkeys/UI/Bar/Bar.Main.cpp@void BarUISetClass::Interact(), Inkeys/Inkeys/UI/Bar/Bar.Main.cpp@void BarUISetClass::Interact(), Inkeys/Inkeys/UI/Bar/Bar.Main.cpp@void BarUISetClass::Interact(), Inkeys/Inkeys/UI/Bar/Bar.Main.cpp@void BarUISetClass::Interact(); add=if (continueFlag && ThicknessSliderAvailable()) | auto sliderHit = shapeMap[ | BarUISetShapeEnum::	实际补丁全文读取、变更符号/当前模块静态复核	H0 当前模块: Inkeys/Inkeys/UI/Bar/Bar.Main.cpp；旧 Bar.Main 实现后续拆至 Bar.RenderLoop/Interaction/Rendering	已审静态补丁；运行行为未验证		静态源码映射；未运行该历史提交	Refine pen thickness slider interactions
407924fc6d1ef6d7411420754ae0b0b41334485a	b4500ea863fd3e96562e0dd26c9ad68e2f8d7e6f	2026-08-01T08:33:54+08:00	2026-08-01T08:33:54+08:00	bugfix/animation bugfix/eraser bugfix/pptui bugfix/settingui chore/publish dev draw feature/cursor feature/recognition feature/ui3-i18n fluent origin/bugfix/eraser origin/canary origin/dev origin/feature/recognition origin/fluent origin/theme theme	yes	H0 reachable	code	.trellis/.template-hashes.json, .zcode	"p1:3fe5941a3165/364677; files=53 +7891/-1; hunks=.trellis/.template-hashes.json@, .zcode/agents/trellis-check.md@, .zcode/agents/trellis-implement.md@, .zcode/agents/trellis-research.md@; lines=+"".codex/hooks/inject-subagent-context.py"": ""a99d64a1dbc9fbca7e4234b6731feb79782a | +"".zcode/skills/trellis-before-dev/SKILL.md"": ""8f897d8dd76c1eeb532cf15ba784360f45 | +"".zcode/skills/trellis-brainstorm/SKILL.md"": ""fb7399cda317bf4bdfa8bf92c9a0b6bca4; product=none"	实际补丁全文读取、变更符号/当前模块静态复核	H0 当前模块: 原路径已移动/删除	已审静态补丁；运行行为未验证		静态源码映射；未运行该历史提交	20260801 0833 update
b4500ea863fd3e96562e0dd26c9ad68e2f8d7e6f	399b8c08e5d3a3f16b3e1627fba023ba4e8a6f73	2026-07-29T19:35:10+08:00	2026-07-29T19:35:10+08:00	bugfix/animation bugfix/eraser bugfix/pptui bugfix/settingui chore/publish dev draw feature/cursor feature/recognition feature/ui3-i18n fluent origin/bugfix/eraser origin/canary origin/dev origin/feature/recognition origin/fluent origin/theme theme	yes	H0 reachable	code	.trellis/tasks/07-28-ui3-pen-thickness-slider, Inkeys/Inkeys/UI	p1:2548c84ca140/26761; files=6 +317/-87; hunks=.trellis/tasks/07-28-ui3-pen-thickness-slider/design.md@, .trellis/tasks/07-28-ui3-pen-thickness-slider/design.md@, .trellis/tasks/07-28-ui3-pen-thickness-slider/design.md@, .trellis/tasks/07-28-ui3-pen-thickness-slider/design.md@; lines=+## 范围与绝对映射 | +- 按下时记录屏幕坐标 `pressScreenX`、起始粗细、起始笔型，以及圆点中心可达的滑轨屏幕左右端点。未发生水平移动时保留起始候选值，只按点击固定处理。 | +- 首次发生水平移动后，拖动值为 `min + (screenX-trackStartScreenX) / trackTravelScreenX × (max-; product=Inkeys/Inkeys/UI/Bar/Bar.Main.cpp@constexpr UINT_PTR BarBorderCursorGraceTimerId = 0x494B4301;, Inkeys/Inkeys/UI/Bar/Bar.Main.cpp@LRESULT CALLBACK barWindowMsgCallback(HWND hWnd, UINT msg, WPARAM wParam, LPARAM, Inkeys/Inkeys/UI/Bar/Bar.Main.cpp@LRESULT CALLBACK barWindowMsgCallback(HWND hWnd, UINT msg, WPARAM wParam, LPARAM, Inkeys/Inkeys/UI/Bar/Bar.Main.cpp@void BarUISetClass::CloseDrawAttributeTooltips(); add=constexpr UINT BarThicknessTooltipHoverGraceMs = 100; | constexpr UINT_PTR BarThicknessAnnotationTooltipGraceTimerId = 0x494B4302; | constexpr UINT_PTR BarThicknessOverflowTooltipGraceTimerId = 0x494B4303;	实际补丁全文读取、变更符号/当前模块静态复核	H0 当前模块: Inkeys/Inkeys/UI/Bar/Bar.Main.cpp, Inkeys/Inkeys/UI/Bar/Bar.State.cppm；旧 Bar.Main 实现后续拆至 Bar.RenderLoop/Interaction/Rendering	已审静态补丁；运行行为未验证		静态源码映射；未运行该历史提交	Thickness slider: absolute drag, tooltip grace
399b8c08e5d3a3f16b3e1627fba023ba4e8a6f73	43f57fa96c4765219094039e684c7116274313a1	2026-07-29T14:57:25+08:00	2026-07-29T14:57:25+08:00	bugfix/animation bugfix/eraser bugfix/pptui bugfix/settingui chore/publish dev draw feature/cursor feature/recognition feature/ui3-i18n fluent origin/bugfix/eraser origin/canary origin/dev origin/feature/recognition origin/fluent origin/theme theme	yes	H0 reachable	code	.trellis/tasks/07-28-ui3-pen-thickness-slider, Inkeys/Inkeys/UI, Inkeys/src/UI	p1:11cf8e96d258/22716; files=6 +173/-111; hunks=.trellis/tasks/07-28-ui3-pen-thickness-slider/design.md@, .trellis/tasks/07-28-ui3-pen-thickness-slider/design.md@, .trellis/tasks/07-28-ui3-pen-thickness-slider/design.md@, .trellis/tasks/07-28-ui3-pen-thickness-slider/design.md@; lines=+- 滑轨目标纵坐标从当前动画中的粗细文字边缘、标注线徽标边缘及两侧间隙推导，上下换边时连续镜像。进入时先把 `sliderProgress` 推到 `1`，到达 | +- 轨道进入/退出使用默认 `0.4s`、可打断的 cubic 曲线；圆点退出使用平滑曲线。外径保持 `20px` 逻辑尺寸，内圆按 WinUI 比例在 Res | +- 非拖动时圆点位置使用 `clamp((GetPenWidth()-min)/(max-min), 0, 1)`，拖动时把分子替换为原子候选值；范围外值只影响; product=Inkeys/Inkeys/UI/Bar/Bar.Main.cpp@struct BarThicknessPreviewGeometry, Inkeys/Inkeys/UI/Bar/Bar.Main.cpp@BarThicknessPreviewGeometry CalculateBarThicknessPreviewGeometry(, Inkeys/Inkeys/UI/Bar/Bar.Main.cpp@LRESULT CALLBACK barWindowMsgCallback(HWND hWnd, UINT msg, WPARAM wParam, LPARAM, Inkeys/Inkeys/UI/Bar/Bar.Main.cpp@void BarUISetClass::CloseThicknessSlider(bool cancelCapture); add=double sliderCenterY = 0.0; | double badgeProtectedDepth = | (BarThicknessTooltipBadgeHeight + BarDrawAttributeGap * 2.0)	实际补丁全文读取、变更符号/当前模块静态复核	H0 当前模块: Inkeys/Inkeys/UI/Bar/Bar.Main.cpp, Inkeys/Inkeys/UI/Bar/Bar.State.cppm；旧 Bar.Main 实现后续拆至 Bar.RenderLoop/Interaction/Rendering	已审静态补丁；运行行为未验证		静态源码映射；未运行该历史提交	Fix UI3 thickness slider interactions
43f57fa96c4765219094039e684c7116274313a1	4629da7d36feb384d519ccffa7473b6f151c134f	2026-07-29T11:59:19+08:00	2026-07-29T11:59:19+08:00	bugfix/animation bugfix/eraser bugfix/pptui bugfix/settingui chore/publish dev draw feature/cursor feature/recognition feature/ui3-i18n fluent origin/bugfix/eraser origin/canary origin/dev origin/feature/recognition origin/fluent origin/theme theme	yes	H0 reachable	code	.trellis/tasks/07-28-ui3-pen-thickness-slider, Inkeys/Inkeys/UI	"p1:52048baf5c50/58764; files=9 +1064/-90; hunks=.trellis/tasks/07-28-ui3-pen-thickness-slider/check.jsonl@, .trellis/tasks/07-28-ui3-pen-thickness-slider/design.md@, .trellis/tasks/07-28-ui3-pen-thickness-slider/implement.jsonl@, .trellis/tasks/07-28-ui3-pen-thickness-slider/implement.md@; lines=+{""file"": "".trellis/spec/native-desktop/index.md"", ""reason"": ""复核 UI3 Bar 范围、平台声明与 | +{""file"": "".trellis/spec/native-desktop/rendering-and-ui.md"", ""reason"": ""检查动画连续性、 | +{""file"": "".trellis/spec/native-desktop/cpp-conventions.md"", ""reason"": ""检查最小修改、状态; product=Inkeys/Inkeys/UI/Bar/Bar.Main.cpp@constexpr UINT BarCanvasDrawingActivityMessage = WM_APP + 0x32;, Inkeys/Inkeys/UI/Bar/Bar.Main.cpp@constexpr double BarDrawAttributeThicknessContentInset =, Inkeys/Inkeys/UI/Bar/Bar.Main.cpp@bool PenModeSupportsAnnotationLine(PenModeSelectEnum mode), Inkeys/Inkeys/UI/Bar/Bar.Main.cpp@COLORREF MixBarUiColor(COLORREF startColor, COLORREF targetColor, double progres; add=constexpr UINT BarThicknessSliderCaptureMessage = WM_APP + 0x33; | constexpr WPARAM BarThicknessSliderCaptureStop = 0; | constexpr WPARAM BarThicknessSliderCaptureStart = 1;"	实际补丁全文读取、变更符号/当前模块静态复核	H0 当前模块: Inkeys/Inkeys/UI/Bar/Bar.Main.cpp, Inkeys/Inkeys/UI/Bar/Bar.Main.cppm, Inkeys/Inkeys/UI/Bar/Bar.State.cppm；旧 Bar.Main 实现后续拆至 Bar.RenderLoop/Interaction/Rendering	已审静态补丁；运行行为未验证		静态源码映射；未运行该历史提交	Add UI3 pen thickness slider implementation
4629da7d36feb384d519ccffa7473b6f151c134f	76cea5ac2b98032e5af8ec54ca4159d0c5aa4b72	2026-07-28T20:47:52+08:00	2026-07-28T20:47:52+08:00	bugfix/animation bugfix/eraser bugfix/pptui bugfix/settingui chore/publish dev draw feature/cursor feature/recognition feature/ui3-i18n fluent origin/bugfix/eraser origin/canary origin/dev origin/feature/recognition origin/fluent origin/theme theme	yes	H0 reachable	docs	.trellis/workspace/AlanCRL	p1:c29af11cc064/1409; files=2 +25/-3; hunks=.trellis/workspace/AlanCRL/index.md@, .trellis/workspace/AlanCRL/index.md@, .trellis/workspace/AlanCRL/index.md@, .trellis/workspace/AlanCRL/index.md@; lines=+- **Total Sessions**: 8 | +| `journal-1.md` | ~264 | Active | | +| 8 | 2026-07-28 | 完善 UI3 粗细预览与提示交互 | `bb49af9` | `feature/animation` |; product=none	补丁全文读取；文档/任务状态简审	H0 文档/任务记录：bugfix/animation, bugfix/eraser	不适用（无产品可执行代码改动）		静态文件差异；无需运行验证	chore(trellis): record session
76cea5ac2b98032e5af8ec54ca4159d0c5aa4b72	bb49af9b3f871fd921d6e143d2aa96360545efc9	2026-07-28T20:46:10+08:00	2026-07-28T20:46:10+08:00	bugfix/animation bugfix/eraser bugfix/pptui bugfix/settingui chore/publish dev draw feature/cursor feature/recognition feature/ui3-i18n fluent origin/bugfix/eraser origin/canary origin/dev origin/feature/recognition origin/fluent origin/theme theme	yes	H0 reachable	docs	.trellis/tasks/archive	"p1:34a5ca700b26/1585; files=4 +2/-2; hunks=.trellis/tasks/archive/2026-07/07-27-ui3-pen-thickness-presets/task.json@, .trellis/tasks/archive/2026-07/07-27-ui3-pen-thickness-presets/task.json@; lines=+""status"": ""completed"", | +""completedAt"": ""2026-07-28"",; product=none"	补丁全文读取；文档/任务状态简审	H0 文档/任务记录：bugfix/animation, bugfix/eraser	不适用（无产品可执行代码改动）		静态文件差异；无需运行验证	chore(task): archive 07-27-ui3-pen-thickness-presets
bb49af9b3f871fd921d6e143d2aa96360545efc9	8f382234d3604ddafc91d638dad5f35ddaa7304e	2026-07-28T20:45:53+08:00	2026-07-28T20:45:53+08:00	bugfix/animation bugfix/eraser bugfix/pptui bugfix/settingui chore/publish dev draw feature/cursor feature/recognition feature/ui3-i18n fluent origin/bugfix/eraser origin/canary origin/dev origin/feature/recognition origin/fluent origin/theme theme	yes	H0 reachable	code	.trellis/spec/native-desktop, .trellis/tasks/07-27-ui3-pen-thickness-presets, Inkeys/Inkeys/UI	p1:6a02be87f73b/12741; files=4 +115/-55; hunks=.trellis/spec/native-desktop/rendering-and-ui.md@shape.frameCursorLightIntensityScale = buttonIntensity;, .trellis/tasks/07-27-ui3-pen-thickness-presets/prd.md@, .trellis/tasks/07-27-ui3-pen-thickness-presets/prd.md@, Inkeys/Inkeys/UI/Bar/Bar.Main.cpp@constexpr double BarThicknessTooltipHitPadding = 2.0;; lines=+粗细墨迹预览必须从动画中的粗细区域和调节按钮当前位置推导当前预览侧，不能直接读取已经倒转的 `primaryBar` 目标。硬笔振幅、真实设备像素粗细和避让中心 | +- 硬笔及未来软笔、激光笔显示完全不透明的横向双拐点墨迹；两段贝塞尔分别形成等幅反向的峰与谷，中点切线连续并呈旋转对称。 | +- 双拐点振幅随墨迹变粗和面板收起逐步减小，超出可用高度时成为撑满预览区的圆头直线。; product=Inkeys/Inkeys/UI/Bar/Bar.Main.cpp@constexpr double BarThicknessTooltipHitPadding = 2.0;, Inkeys/Inkeys/UI/Bar/Bar.Main.cpp@ID2D1PathGeometry* BarUIRendering::GetThicknessPreviewPath(, Inkeys/Inkeys/UI/Bar/Bar.Main.cpp@ID2D1PathGeometry* BarUIRendering::GetThicknessPreviewPath(, Inkeys/Inkeys/UI/Bar/Bar.Main.cpp@void BarUISetClass::Rendering(); add=const array<D2D1_POINT_2F, 7>& points) | D2D1_BEZIER_SEGMENT firstSegment{ | points[1], points[2], points[3] };	实际补丁全文读取、变更符号/当前模块静态复核	H0 当前模块: Inkeys/Inkeys/UI/Bar/Bar.Main.cpp, Inkeys/Inkeys/UI/Bar/Bar.Main.cppm；旧 Bar.Main 实现后续拆至 Bar.RenderLoop/Interaction/Rendering	已审静态补丁；运行行为未验证		静态源码映射；未运行该历史提交	feat(ui): refine pen thickness preview
8f382234d3604ddafc91d638dad5f35ddaa7304e	e2d6e3bbcda173f88ec4e3fd244a5439b83b5963	2026-07-28T20:10:18+08:00	2026-07-28T20:10:18+08:00	bugfix/animation bugfix/eraser bugfix/pptui bugfix/settingui chore/publish dev draw feature/cursor feature/recognition feature/ui3-i18n fluent origin/bugfix/eraser origin/canary origin/dev origin/feature/recognition origin/fluent origin/theme theme	yes	H0 reachable	code	.agents, .codex, .gitattributes, .trellis/.template-hashes.json, .trellis/.version, .trellis/config.yaml, .trellis/scripts/add_session.py, .trellis/scripts/common, .trellis/scripts/task.py, .trellis/workflow.md	"p1:d95458a1e7b5/139610; files=34 +2217/-321; hunks=.agents/skills/trellis-brainstorm/SKILL.md@description: ""Guides collaborative requirements discovery before imple, .agents/skills/trellis-brainstorm/SKILL.md@description: ""Guides collaborative requirements discovery before imple, .agents/skills/trellis-brainstorm/SKILL.md@Interview me relentlessly about every aspect of this plan until we rea, .agents/skills/trellis-brainstorm/SKILL.md@This is mandatory. Before asking the user a question, first check whet; lines=+## Non-Negotiable Planning Contract | +A request to build, implement, fix, refactor, or ""go ahead"" is not approval to l | +For every non-trivial task, the user must respond at least once after the initia; product=none"	实际补丁全文读取、变更符号/当前模块静态复核	H0 当前模块: 原路径已移动/删除	已审静态补丁；运行行为未验证		静态源码映射；未运行该历史提交	update trellis
e2d6e3bbcda173f88ec4e3fd244a5439b83b5963	7655006419e640bd691da2fb57bd4b8f48766053	2026-07-28T20:07:29+08:00	2026-07-28T20:07:29+08:00	bugfix/animation bugfix/eraser bugfix/pptui bugfix/settingui chore/publish dev draw feature/cursor feature/recognition feature/ui3-i18n fluent origin/bugfix/eraser origin/canary origin/dev origin/feature/recognition origin/fluent origin/theme theme	yes	H0 reachable	code	.trellis/spec/native-desktop, Inkeys/Inkeys/UI	p1:82dc9b36c84d/17297; files=4 +255/-37; hunks=.trellis/spec/native-desktop/rendering-and-ui.md@shape.frameCursorLightIntensityScale = buttonIntensity;, Inkeys/Inkeys/UI/Bar/Bar.Main.cpp@constexpr double BarThicknessTooltipIconSize = 14.0;, Inkeys/Inkeys/UI/Bar/Bar.Main.cpp@constexpr double BarThicknessTooltipPadding = 8.0;, Inkeys/Inkeys/UI/Bar/Bar.Main.cpp@void BarUISetClass::CloseDrawAttributeTooltips(); lines=+可关闭浮窗在点击关闭后可以立即撤销固定态和交互命中，但叉号等随浮窗收起的子视觉必须锁存到浮窗当前进度归零，再随浮窗的当前透明度与几何一起消失。禁止用 `pinn | +constexpr double BarThicknessTooltipCloseButtonSize = 20.0; | +constexpr double BarThicknessTooltipCloseReserve = 25.0;; product=Inkeys/Inkeys/UI/Bar/Bar.Main.cpp@constexpr double BarThicknessTooltipIconSize = 14.0;, Inkeys/Inkeys/UI/Bar/Bar.Main.cpp@constexpr double BarThicknessTooltipPadding = 8.0;, Inkeys/Inkeys/UI/Bar/Bar.Main.cpp@void BarUISetClass::CloseDrawAttributeTooltips(), Inkeys/Inkeys/UI/Bar/Bar.Main.cpp@void BarUISetClass::CloseDrawAttributeTooltips(); add=constexpr double BarThicknessTooltipCloseButtonSize = 20.0; | constexpr double BarThicknessTooltipCloseReserve = 25.0; | barState.drawAttributeBar.thicknessAnnotationClosePress = false;	实际补丁全文读取、变更符号/当前模块静态复核	H0 当前模块: Inkeys/Inkeys/UI/Bar/Bar.Main.cpp, Inkeys/Inkeys/UI/Bar/Bar.Main.cppm, Inkeys/Inkeys/UI/Bar/Bar.State.cppm；旧 Bar.Main 实现后续拆至 Bar.RenderLoop/Interaction/Rendering	已审静态补丁；运行行为未验证		静态源码映射；未运行该历史提交	fix(ui): polish drawing attribute tooltip interactions
7655006419e640bd691da2fb57bd4b8f48766053	7dc8fd73e773ab97e7791aa5514c3a636fd9ba1a	2026-07-28T19:46:41+08:00	2026-07-28T19:46:41+08:00	bugfix/animation bugfix/eraser bugfix/pptui bugfix/settingui chore/publish dev draw feature/cursor feature/recognition feature/ui3-i18n fluent origin/bugfix/eraser origin/canary origin/dev origin/feature/recognition origin/fluent origin/theme theme	yes	H0 reachable	code	.trellis/spec/native-desktop, Inkeys/Inkeys/UI	p1:ea6e22b9df89/20891; files=3 +238/-114; hunks=.trellis/spec/native-desktop/rendering-and-ui.md@bool CommitPreparedUi3RenderBackend();, .trellis/spec/native-desktop/rendering-and-ui.md@void BarUIRendering::SetFrameCursorDiffuseMaskSuppressed(bool suppress, .trellis/spec/native-desktop/rendering-and-ui.md@void BarUIRendering::SetFrameCursorDiffuseMaskSuppressed(bool suppress, .trellis/spec/native-desktop/rendering-and-ui.md@void BarUIRendering::SetFrameCursorDiffuseMaskSuppressed(bool suppress; lines=+void BarUIRendering::SetFrameDiffuseMaskGeometryScale(double scale); | +- PointLight 圆角矩形正在等比动画时，必须通过 `SetFrameDiffuseMaskGeometryScale()` 把缓存查询归一到完整尺寸； | +| PointLight 等比几何动画中 | 查询归一化后的稳定 diffuse mask；第一、第三光源、基础边框和硬光全程保持，不得在动画终点集中创建遮罩 ; product=Inkeys/Inkeys/UI/Bar/Bar.Main.cpp@constexpr double BarDrawAttributeThicknessControlHeight = 30.0;, Inkeys/Inkeys/UI/Bar/Bar.Main.cpp@constexpr double BarThicknessTooltipPopupGap =, Inkeys/Inkeys/UI/Bar/Bar.Main.cpp@void BarUIRendering::DiscardDeviceResources(), Inkeys/Inkeys/UI/Bar/Bar.Main.cpp@void BarUIRendering::DrawRoundedRectDiffuseMask(ID2D1DeviceContext* deviceContex; add=constexpr double BarDrawAttributeSurfaceOpacity = 0.95; | constexpr double BarThicknessTooltipFillOpacity = | BarDrawAttributeSurfaceOpacity;	实际补丁全文读取、变更符号/当前模块静态复核	H0 当前模块: Inkeys/Inkeys/UI/Bar/Bar.Main.cpp, Inkeys/Inkeys/UI/Bar/Bar.Main.cppm；旧 Bar.Main 实现后续拆至 Bar.RenderLoop/Interaction/Rendering	已审静态补丁；运行行为未验证		静态源码映射；未运行该历史提交	Diffuse mask geometry scale and UI tweaks
7dc8fd73e773ab97e7791aa5514c3a636fd9ba1a	b093da4a97f59f5f36863ba0ef4517751a8fe671	2026-07-28T18:46:11+08:00	2026-07-28T18:46:11+08:00	bugfix/animation bugfix/eraser bugfix/pptui bugfix/settingui chore/publish dev draw feature/cursor feature/recognition feature/ui3-i18n fluent origin/bugfix/eraser origin/canary origin/dev origin/feature/recognition origin/fluent origin/theme theme	yes	H0 reachable	code	.trellis/spec/native-desktop, Inkeys/Inkeys/UI	p1:7c2a98a5ab60/8058; files=3 +74/-25; hunks=.trellis/spec/native-desktop/rendering-and-ui.md@bool CommitPreparedUi3RenderBackend();, .trellis/spec/native-desktop/rendering-and-ui.md@bool CommitPreparedUi3RenderBackend();, .trellis/spec/native-desktop/rendering-and-ui.md@bool CommitPreparedUi3RenderBackend();, .trellis/spec/native-desktop/rendering-and-ui.md@bool CommitPreparedUi3RenderBackend();; lines=+void BarUIRendering::SetFrameCursorDiffuseMaskSuppressed(bool suppressed); | +- PointLight 控件的圆角、边框粗细或形状变体正在快速动画时，必须通过 `SetFrameCursorDiffuseMaskSuppressed(tr | +| PointLight 几何动画中 | 暂停第三光源 diffuse mask 的查询与创建；第一光源、基础边框和硬光保持，动画结束后恢复稳定遮罩 |; product=Inkeys/Inkeys/UI/Bar/Bar.Main.cpp@constexpr double BarThicknessTooltipHitPadding = 2.0;, Inkeys/Inkeys/UI/Bar/Bar.Main.cpp@void BarUIRendering::DiscardDeviceResources(), Inkeys/Inkeys/UI/Bar/Bar.Main.cpp@bool BarUIRendering::DrawPointLightFrame(ID2D1DeviceContext* deviceContext, COLO, Inkeys/Inkeys/UI/Bar/Bar.Main.cpp@bool BarUIRendering::DrawPointLightFrame(ID2D1DeviceContext* deviceContext, COLO; add=constexpr bool BarThicknessOverflowPreviewAlwaysVisible = true; | frameCursorDiffuseMaskSuppressed = false; | bool drawCursorDiffuse =	实际补丁全文读取、变更符号/当前模块静态复核	H0 当前模块: Inkeys/Inkeys/UI/Bar/Bar.Main.cpp, Inkeys/Inkeys/UI/Bar/Bar.Main.cppm；旧 Bar.Main 实现后续拆至 Bar.RenderLoop/Interaction/Rendering	已审静态补丁；运行行为未验证		静态源码映射；未运行该历史提交	Pause cursor diffuse mask during geometry animations
b093da4a97f59f5f36863ba0ef4517751a8fe671	2a64f9c96c2f6b077c87318aa9c90f977ab6593e	2026-07-28T16:45:47+08:00	2026-07-28T16:45:47+08:00	bugfix/animation bugfix/eraser bugfix/pptui bugfix/settingui chore/publish dev draw feature/cursor feature/recognition feature/ui3-i18n fluent origin/bugfix/eraser origin/canary origin/dev origin/feature/recognition origin/fluent origin/theme theme	yes	H0 reachable	code+project	Inkeys/Inkeys.rc, Inkeys/Inkeys.vcxproj, Inkeys/Inkeys/UI, Inkeys/src/UI	"p1:1d2829847672/3031; files=5 +19/-6; hunks=Inkeys/Inkeys.rc@BARINFO                 UI                      ""src\\UI\\barInfo.svg"", Inkeys/Inkeys.vcxproj@, Inkeys/Inkeys/UI/Bar/Bar.Main.cpp@constexpr double BarThicknessTooltipIconSize = 14.0;, Inkeys/Inkeys/UI/Bar/Bar.Main.cpp@void BarUISetClass::Rendering(); lines=+BARQUESTION             UI                      ""src\\UI\\barQuestion.svg"" | +<None Include=""src\UI\barQuestion.svg"" /> | +constexpr double BarThicknessTooltipHitPadding = 2.0;; product=Inkeys/Inkeys.rc@BARINFO                 UI                      ""src\\UI\\barInfo.svg"", Inkeys/Inkeys.vcxproj@, Inkeys/Inkeys/UI/Bar/Bar.Main.cpp@constexpr double BarThicknessTooltipIconSize = 14.0;, Inkeys/Inkeys/UI/Bar/Bar.Main.cpp@void BarUISetClass::Rendering(); add=BARQUESTION             UI                      ""src\\UI\\barQuestion.svg"" | <None Include=""src\UI\barQuestion.svg"" /> | constexpr double BarThicknessTooltipHitPadding = 2.0;"	实际补丁全文读取、变更符号/当前模块静态复核	H0 当前模块: Inkeys/Inkeys.rc, Inkeys/Inkeys.vcxproj, Inkeys/Inkeys/UI/Bar/Bar.Main.cpp；旧 Bar.Main 实现后续拆至 Bar.RenderLoop/Interaction/Rendering	已审静态补丁；运行行为未验证		静态源码映射；未运行该历史提交	Refine thickness tooltip icons
2a64f9c96c2f6b077c87318aa9c90f977ab6593e	a5f406cda2f519316da2f053c53574c0658714e0	2026-07-28T16:36:18+08:00	2026-07-28T16:36:18+08:00	bugfix/animation bugfix/eraser bugfix/pptui bugfix/settingui chore/publish dev draw feature/cursor feature/recognition feature/ui3-i18n fluent origin/bugfix/eraser origin/canary origin/dev origin/feature/recognition origin/fluent origin/theme theme	yes	H0 reachable	code	.trellis/spec/native-desktop, Inkeys/Inkeys/UI	p1:d2c6d390808c/9831; files=3 +28/-71; hunks=.trellis/spec/native-desktop/rendering-and-ui.md@namespace Inkeys::UI::Bar, .trellis/spec/native-desktop/rendering-and-ui.md@namespace Inkeys::UI::Bar, .trellis/spec/native-desktop/rendering-and-ui.md@namespace Inkeys::UI::Bar, .trellis/spec/native-desktop/rendering-and-ui.md@namespace Inkeys::UI::Bar; lines=+- 并发笔迹由原子 activity count 合并：`0 → 1` 才向 Bar 窗口线程发送 Started，结束通知只负责把 activity coun | +- Bar 窗口线程收到 Started 时只做一次落笔检查：若系统光标位于实际接收消息窗口之外，则让第三光源进入 `Dormant` 并注销 Raw Inpu | +- 落笔通知不得参与 `BarUiEdgeLightingEnabled`、第一光源、光色过渡或普通 UI 动画门禁；画布线程仍只能通过通知接口请求第三光源休眠; product=Inkeys/Inkeys/UI/Bar/Bar.Main.cpp@constexpr UINT BarBorderCursorSuspendMessage = WM_APP + 0x31;, Inkeys/Inkeys/UI/Bar/Bar.Main.cpp@constexpr UINT BarCanvasDrawingActivityMessage = WM_APP + 0x32;, Inkeys/Inkeys/UI/Bar/Bar.Main.cpp@LRESULT CALLBACK barWindowMsgCallback(HWND hWnd, UINT msg, WPARAM wParam, LPARAM, Inkeys/Inkeys/UI/Bar/Bar.Main.cpp@LRESULT CALLBACK barWindowMsgCallback(HWND hWnd, UINT msg, WPARAM wParam, LPARAM; add=bool edgeLightingEnabled = BarUiEdgeLightingEnabled; | bool animationEnabled = BarUiAnimationEnabled; | bool edgeLightingEnabled = BarUiEdgeLightingEnabled;	实际补丁全文读取；调用/失败路径按高风险组复核，详见 findings 摘要	H0 当前模块: Inkeys/Inkeys/UI/Bar/Bar.Main.cpp, Inkeys/Inkeys/UI/Bar/Bar.Main.cppm；旧 Bar.Main 实现后续拆至 Bar.RenderLoop/Interaction/Rendering	已审静态补丁；运行行为未验证		H0 当前路径静态复核；真机/性能/Win7 由专项验证	Fix canvas lighting suspension
a5f406cda2f519316da2f053c53574c0658714e0	2830fb3f4de9dac3cfa8e05e080d02f63a57a406	2026-07-28T15:45:18+08:00	2026-07-28T15:45:18+08:00	bugfix/animation bugfix/eraser bugfix/pptui bugfix/settingui chore/publish dev draw feature/cursor feature/recognition feature/ui3-i18n fluent origin/bugfix/eraser origin/canary origin/dev origin/feature/recognition origin/fluent origin/theme theme	yes	H0 reachable	code	.trellis/tasks/07-27-ui3-pen-thickness-presets, Inkeys/Inkeys/UI	p1:5505d1718053/17091; files=5 +145/-69; hunks=.trellis/tasks/07-27-ui3-pen-thickness-presets/design.md@, .trellis/tasks/07-27-ui3-pen-thickness-presets/design.md@, .trellis/tasks/07-27-ui3-pen-thickness-presets/implement.md@, .trellis/tasks/07-27-ui3-pen-thickness-presets/prd.md@; lines=+- 标注线徽标高 `24px`，文字为 `13px`，叹号为 `14px`；超限徽标为 `24×24`。标注线徽标的左/上间距、超限徽标的右/上间距统一为 `1 | +- 浮窗拆为 `12px` 半粗标题和 `10px` 灰色正文，通过 `IDWriteFactory::CreateTextLayout` 和 `GetMetr | +- 浮窗展开进度使用 `EaseOutBack / EaseInBack`，从叹号中心缩放；目标位置始终越过 `24px` 徽标外边缘，并复用同一内容内边距常量; product=Inkeys/Inkeys/UI/Bar/Bar.Main.cpp@constexpr double BarDrawAttributeSurfaceOpacity = 0.80;, Inkeys/Inkeys/UI/Bar/Bar.Main.cpp@constexpr double BarThicknessTooltipCloseReserve = 19.0;, Inkeys/Inkeys/UI/Bar/Bar.Main.cpp@constexpr double BarThicknessTooltipFrameOpacity = 0.18;, Inkeys/Inkeys/UI/Bar/Bar.Main.cpp@void BarUISetClass::Rendering(); add=constexpr double BarDrawAttributeThicknessContentInset = | BarDrawAttributeGap * 2.0; | constexpr double BarThicknessTooltipTitleFontSize = 12.0;	实际补丁全文读取、变更符号/当前模块静态复核	H0 当前模块: Inkeys/Inkeys/UI/Bar/Bar.Main.cpp, Inkeys/Inkeys/UI/Bar/Bar.Main.cppm；旧 Bar.Main 实现后续拆至 Bar.RenderLoop/Interaction/Rendering	已审静态补丁；运行行为未验证		静态源码映射；未运行该历史提交	Refine thickness preview tooltips
2830fb3f4de9dac3cfa8e05e080d02f63a57a406	79c3afbaffb9a842ac1b20f946e860bb68c42a3f	2026-07-28T14:53:55+08:00	2026-07-28T14:53:55+08:00	bugfix/animation bugfix/eraser bugfix/pptui bugfix/settingui chore/publish dev draw feature/cursor feature/recognition feature/ui3-i18n fluent origin/bugfix/eraser origin/canary origin/dev origin/feature/recognition origin/fluent origin/theme theme	yes	H0 reachable	code	.trellis/tasks/07-27-ui3-pen-thickness-presets, Inkeys/Inkeys/UI	p1:cefc010cf89d/7031; files=3 +49/-37; hunks=.trellis/tasks/07-27-ui3-pen-thickness-presets/design.md@, .trellis/tasks/07-27-ui3-pen-thickness-presets/prd.md@, Inkeys/Inkeys/UI/Bar/Bar.Main.cpp@constexpr double BarDrawAttributeThicknessControlHeight = 30.0;, Inkeys/Inkeys/UI/Bar/Bar.Main.cpp@constexpr double BarThicknessTooltipFontSize = 12.0;; lines=+- 浮窗展开进度使用 `EaseOutBack / EaseInBack`，从叹号中心缩放；目标位置始终越过 `24px` 徽标外边缘并额外保留 `10px`  | +- 绘制属性根面板、两个灰色徽标及两个浮窗统一使用 `Surface × 0.80`，浮窗在 hover 与 pinned 状态下都保留背景。 | +- 浮窗 Shape 禁用透明 COPY clip，直接以 source-over 叠加；徽标安排在浮窗之后绘制，使缩放起点藏在按钮下层。粗细超限徽标通过文件内; product=Inkeys/Inkeys/UI/Bar/Bar.Main.cpp@constexpr double BarDrawAttributeThicknessControlHeight = 30.0;, Inkeys/Inkeys/UI/Bar/Bar.Main.cpp@constexpr double BarThicknessTooltipFontSize = 12.0;, Inkeys/Inkeys/UI/Bar/Bar.Main.cpp@constexpr double BarThicknessTooltipFrameOpacity = 0.18;, Inkeys/Inkeys/UI/Bar/Bar.Main.cpp@void BarUISetClass::Rendering(); add=constexpr double BarDrawAttributeSurfaceOpacity = 0.80; | constexpr double BarThicknessTooltipPopupGap = 10.0; | constexpr double BarThicknessTooltipFillOpacity = 0.80;	实际补丁全文读取、变更符号/当前模块静态复核	H0 当前模块: Inkeys/Inkeys/UI/Bar/Bar.Main.cpp；旧 Bar.Main 实现后续拆至 Bar.RenderLoop/Interaction/Rendering	已审静态补丁；运行行为未验证		静态源码映射；未运行该历史提交	Refine thickness tooltip surfaces
79c3afbaffb9a842ac1b20f946e860bb68c42a3f	e85505db142c9e7eb75f8fd306b35b5538b2ad83 a08533bf06961751ad750b9b60ab4e142722e172	2026-07-28T10:03:57+08:00	2026-07-28T10:03:57+08:00	bugfix/animation bugfix/eraser bugfix/pptui bugfix/settingui chore/publish dev draw feature/cursor feature/recognition feature/ui3-i18n fluent origin/bugfix/eraser origin/canary origin/dev origin/feature/recognition origin/fluent origin/theme theme	yes	H0 reachable	merge	.trellis/spec/native-desktop, .trellis/tasks/archive, .trellis/workspace/AlanCRL, Inkeys/Inkeys/Other, Inkeys/Inkeys/UI, .trellis/tasks/07-26-button-cursor-lighting, .trellis/tasks/07-26-draw-attribute-pen-type-buttons, .trellis/tasks/07-27-ui3-pen-thickness-presets, Inkeys/IdtD2DPreparation.cpp, Inkeys/IdtD2DPreparation.h, Inkeys/IdtDrawpad.cpp, Inkeys/IdtMain.cpp	"p1:3f3c1a71679e/33081; p2:625f3d4779a4/417489; files=67 +7227/-880; hunks=.trellis/spec/native-desktop/configuration-i18n-and-assets.md@, .trellis/tasks/archive/2026-07/07-28-ui3-bar-button-layout-config/design.md@, .trellis/tasks/archive/2026-07/07-28-ui3-bar-button-layout-config/implement.md@, .trellis/tasks/archive/2026-07/07-28-ui3-bar-button-layout-config/prd.md@; lines=+## UI3 Bar 顺序布局配置合同 | +### 1. Scope / Trigger | +修改 `UI.Bar.ButtonLayout`、配置顺序序列 codec、UI3 Bar 按钮注册或有效可见性时适用。该合同不包含设置界面的拖拽排序/显隐编辑; product=Inkeys/Inkeys/Other/Other.Config.cpp@module;, Inkeys/Inkeys/Other/Other.Config.cpp@namespace, Inkeys/Inkeys/Other/Other.Config.cpp@namespace, Inkeys/Inkeys/Other/Other.Config.cpp@namespace; add=struct JsonValueCodec | static_assert(InkeysConfigDependentFalseV<ValueT>, ""Inkeys::Config: unsupported value type in schema | struct JsonValueCodec<bool, void>"	每父实际补丁+combined diff；冲突解决核对	H0 合并节点；产品路径: Inkeys/Inkeys/Other/Other.Config.cpp, Inkeys/Inkeys/Other/Other.Config.cppm, Inkeys/Inkeys/UI/Bar/Bar.Bottom.cppm, Inkeys/Inkeys/UI/Bar/Bar.Buttom.cpp	已审静态集成差异；运行未验证		仅静态；combined diff 检查见 findings	Merge feature/settings into feature/animation
a08533bf06961751ad750b9b60ab4e142722e172	ddabe59e0d514b8cd8a4e7bb373107f59979e60a	2026-07-28T09:56:42+08:00	2026-07-28T09:56:42+08:00	bugfix/animation bugfix/eraser bugfix/pptui bugfix/settingui chore/publish dev draw feature/cursor feature/recognition feature/ui3-i18n fluent origin/bugfix/eraser origin/canary origin/dev origin/feature/recognition origin/fluent origin/theme theme	yes	H0 reachable	docs	.trellis/workspace/AlanCRL	p1:17bb8ec063d1/1521; files=2 +37/-3; hunks=.trellis/workspace/AlanCRL/index.md@, .trellis/workspace/AlanCRL/index.md@, .trellis/workspace/AlanCRL/index.md@, .trellis/workspace/AlanCRL/journal-1.md@Completed the source-backed Trellis bootstrap and second-pass evidence; lines=+- **Total Sessions**: 2 | +- **Last Active**: 2026-07-28 | +| `journal-1.md` | ~73 | Active |; product=none	补丁全文读取；文档/任务状态简审	H0 文档/任务记录：bugfix/animation, bugfix/eraser	不适用（无产品可执行代码改动）		静态文件差异；无需运行验证	chore: record journal
ddabe59e0d514b8cd8a4e7bb373107f59979e60a	7678b313e82393ad763ad9e5958f393162496757	2026-07-28T09:56:17+08:00	2026-07-28T09:56:17+08:00	bugfix/animation bugfix/eraser bugfix/pptui bugfix/settingui chore/publish dev draw feature/cursor feature/recognition feature/ui3-i18n fluent origin/bugfix/eraser origin/canary origin/dev origin/feature/recognition origin/fluent origin/theme theme	yes	H0 reachable	docs	.trellis/tasks/archive	"p1:b0eecaf56625/1639; files=4 +2/-2; hunks=.trellis/tasks/archive/2026-07/07-28-ui3-bar-button-layout-config/task.json@, .trellis/tasks/archive/2026-07/07-28-ui3-bar-button-layout-config/task.json@; lines=+""status"": ""completed"", | +""completedAt"": ""2026-07-28"",; product=none"	补丁全文读取；文档/任务状态简审	H0 文档/任务记录：bugfix/animation, bugfix/eraser	不适用（无产品可执行代码改动）		静态文件差异；无需运行验证	chore(task): archive 07-28-ui3-bar-button-layout-config
7678b313e82393ad763ad9e5958f393162496757	6e3d585d7580894cada84eab118fec4c3ca0e469	2026-07-28T09:55:28+08:00	2026-07-28T09:55:28+08:00	bugfix/animation bugfix/eraser bugfix/pptui bugfix/settingui chore/publish dev draw feature/cursor feature/recognition feature/ui3-i18n fluent origin/bugfix/eraser origin/canary origin/dev origin/feature/recognition origin/fluent origin/theme theme	yes	H0 reachable	code	.trellis/spec/native-desktop, .trellis/tasks/07-28-ui3-bar-button-layout-config, Inkeys/Inkeys/Other, Inkeys/Inkeys/UI	"p1:687ef7a96821/31222; files=10 +502/-61; hunks=.trellis/spec/native-desktop/configuration-i18n-and-assets.md@, .trellis/tasks/07-28-ui3-bar-button-layout-config/design.md@, .trellis/tasks/07-28-ui3-bar-button-layout-config/implement.md@, .trellis/tasks/07-28-ui3-bar-button-layout-config/prd.md@; lines=+## UI3 Bar 顺序布局配置合同 | +### 1. Scope / Trigger | +修改 `UI.Bar.ButtonLayout`、配置顺序序列 codec、UI3 Bar 按钮注册或有效可见性时适用。该合同不包含设置界面的拖拽排序/显隐编辑; product=Inkeys/Inkeys/Other/Other.Config.cpp@module;, Inkeys/Inkeys/Other/Other.Config.cpp@namespace, Inkeys/Inkeys/Other/Other.Config.cpp@namespace, Inkeys/Inkeys/Other/Other.Config.cpp@namespace; add=struct JsonValueCodec | static_assert(InkeysConfigDependentFalseV<ValueT>, ""Inkeys::Config: unsupported value type in schema | struct JsonValueCodec<bool, void>"	实际补丁全文读取、变更符号/当前模块静态复核	H0 当前模块: Inkeys/Inkeys/Other/Other.Config.cpp, Inkeys/Inkeys/Other/Other.Config.cppm, Inkeys/Inkeys/UI/Bar/Bar.Main.cpp；旧 Bar.Main 实现后续拆至 Bar.RenderLoop/Interaction/Rendering	已审静态补丁；运行行为未验证		静态源码映射；未运行该历史提交	Add configurable UI3 bar button layout
6e3d585d7580894cada84eab118fec4c3ca0e469	c7fdb40ce6a342c94351f7fb0ae3c1eda3bb767c	2026-07-27T14:43:51+08:00	2026-07-27T14:48:08+08:00	bugfix/animation bugfix/eraser bugfix/pptui bugfix/settingui chore/publish dev draw feature/cursor feature/recognition feature/ui3-i18n fluent origin/bugfix/eraser origin/canary origin/dev origin/feature/recognition origin/fluent origin/theme theme	yes	H0 reachable	code	.trellis/spec/native-desktop, Inkeys/additional/imgui	p1:b529c322b048/28684; files=5 +3/-524; hunks=.trellis/spec/native-desktop/directory-structure.md@, .trellis/spec/native-desktop/index.md@PPT/WPS 的托管 COM 服务和原生边界另见 [../ppt-interop/index.md](../p, .trellis/spec/native-desktop/rendering-and-ui.md@, .trellis/spec/native-desktop/rendering-and-ui.md@; lines=+| Inkeys/Inkeys/UI/Setting/ | Dear ImGui 设置界面、DX11 后端和自定义控件 | | +- 设置窗口的已编译产品实现是 Dear ImGui Win32 + Direct3D 11；它拥有独立 hardware device/context、dis | +- `Inkeys/Inkeys.vcxproj` 编译 `additional/imgui/imgui_impl_win32.cpp` 与 `imgui_im; product=none	实际补丁全文读取、变更符号/当前模块静态复核	H0 当前模块: 原路径已移动/删除	已审静态补丁；运行行为未验证		静态源码映射；未运行该历史提交	Remove unused ImGui DX9 backend
e85505db142c9e7eb75f8fd306b35b5538b2ad83	3fb7ebe6b5ca8eb12298297b60349c6229e6f9e0	2026-07-28T09:01:11+08:00	2026-07-28T09:01:11+08:00	bugfix/animation bugfix/eraser bugfix/pptui bugfix/settingui chore/publish dev draw feature/cursor feature/recognition feature/ui3-i18n fluent origin/bugfix/eraser origin/canary origin/dev origin/feature/recognition origin/fluent origin/theme theme	yes	H0 reachable	code+project	.trellis/tasks/07-27-ui3-pen-thickness-presets, Inkeys/Inkeys.rc, Inkeys/Inkeys.vcxproj, Inkeys/Inkeys/UI, Inkeys/src/UI	"p1:25210cafc58f/60624; files=10 +1163/-57; hunks=.trellis/tasks/07-27-ui3-pen-thickness-presets/design.md@, .trellis/tasks/07-27-ui3-pen-thickness-presets/design.md@, .trellis/tasks/07-27-ui3-pen-thickness-presets/design.md@, .trellis/tasks/07-27-ui3-pen-thickness-presets/implement.md@; lines=+- 当前粗细动画仍复用 `drawAttributePenThickness`，以 `drawAttributePenPreviewMorph` 取代单一圆角值 | +- 硬笔阶段创建一段 cubic Bezier，四点为左下、`1/3` 上、`2/3` 下、右上；振幅为 `min(可用高度×0.22, (可用高度-显示粗细) | +- D2D 路径只在控制点变化时重建，稳定帧复用 geometry 与圆头 stroke style；`0.5` 时路径与圆头矩形外轮廓完全重合，再切换到矩形分; product=Inkeys/Inkeys.rc@BARTHICKNESSADJUST      UI                      ""src\\UI\\barThicknessAdjust.svg, Inkeys/Inkeys.vcxproj@, Inkeys/Inkeys/UI/Bar/Bar.Main.cpp@constexpr double BarDrawAttributeThicknessControlHeight = 30.0;, Inkeys/Inkeys/UI/Bar/Bar.Main.cpp@std::atomic_uint BarCanvasDrawingActivityCount = 0;; add=BARINFO                 UI                      ""src\\UI\\barInfo.svg"" | BARCLOSESMALL           UI                      ""src\\UI\\barCloseSmall.svg"" | <None Include=""src\UI\barInfo.svg"" />"	实际补丁全文读取、变更符号/当前模块静态复核	H0 当前模块: Inkeys/Inkeys.rc, Inkeys/Inkeys.vcxproj, Inkeys/Inkeys/UI/Bar/Bar.Main.cpp, Inkeys/Inkeys/UI/Bar/Bar.Main.cppm, Inkeys/Inkeys/UI/Bar/Bar.State.cppm；旧 Bar.Main 实现后续拆至 Bar.RenderLoop/Interaction/Rendering	已审静态补丁；运行行为未验证		静态源码映射；未运行该历史提交	Refine UI3 thickness preview and tooltips
3fb7ebe6b5ca8eb12298297b60349c6229e6f9e0	61fdf2a22c34818558989fc5ec470bb23eabf84f	2026-07-27T19:44:09+08:00	2026-07-27T19:44:09+08:00	bugfix/animation bugfix/eraser bugfix/pptui bugfix/settingui chore/publish dev draw feature/cursor feature/recognition feature/ui3-i18n fluent origin/bugfix/eraser origin/canary origin/dev origin/feature/recognition origin/fluent origin/theme theme	yes	H0 reachable	code	.trellis/tasks/07-27-ui3-pen-thickness-presets, Inkeys/Inkeys/UI	p1:e3f9b72a3e37/8740; files=5 +100/-14; hunks=.trellis/tasks/07-27-ui3-pen-thickness-presets/design.md@, .trellis/tasks/07-27-ui3-pen-thickness-presets/design.md@, .trellis/tasks/07-27-ui3-pen-thickness-presets/implement.md@, .trellis/tasks/07-27-ui3-pen-thickness-presets/implement.md@; lines=+- 普通笔型继续使用完全不透明的 SolidColorBrush；荧光笔使用横向 LinearGradientBrush，两个停靠点透明度固定为 `0.35 / | +- 荧光笔渐变画刷按当前前景色复用，稳定帧只更新起止点和整体透明度；创建失败后本设备会话退回纯色预览并停止逐帧重试，设备资源重建时再恢复尝试。 | +- 三档圆点渲染使用各自 Shape `frame.val` 的当前动画色，不直接根据 `selected` 读取目标主题色，确保白色到青色与按钮其他视觉状态同; product=Inkeys/Inkeys/UI/Bar/Bar.Main.cpp@void BarUIRendering::DiscardDeviceResources(), Inkeys/Inkeys/UI/Bar/Bar.Main.cpp@void BarUIRendering::DiscardDeviceResources(), Inkeys/Inkeys/UI/Bar/Bar.Main.cpp@ID2D1SolidColorBrush* BarUIRendering::GetFrameSolidColorBrush(, Inkeys/Inkeys/UI/Bar/Bar.Main.cpp@void BarUISetClass::Rendering(); add=thicknessPreviewGradientBrush.Reset(); | thicknessPreviewGradientFailureLogged = false; | thicknessPreviewGradientUnavailable = false;	实际补丁全文读取、变更符号/当前模块静态复核	H0 当前模块: Inkeys/Inkeys/UI/Bar/Bar.Main.cpp, Inkeys/Inkeys/UI/Bar/Bar.Main.cppm；旧 Bar.Main 实现后续拆至 Bar.RenderLoop/Interaction/Rendering	已审静态补丁；运行行为未验证		静态源码映射；未运行该历史提交	Add gradient thickness preview and animated dots
61fdf2a22c34818558989fc5ec470bb23eabf84f	d4844082d274a7c814ac28772dbf1da501c19d29	2026-07-27T19:04:38+08:00	2026-07-27T19:04:38+08:00	bugfix/animation bugfix/eraser bugfix/pptui bugfix/settingui chore/publish dev draw feature/cursor feature/recognition feature/ui3-i18n fluent origin/bugfix/eraser origin/canary origin/dev origin/feature/recognition origin/fluent origin/theme theme	yes	H0 reachable	code	.trellis/tasks/07-27-ui3-pen-thickness-presets, Inkeys/Inkeys/UI	p1:f66d50e31ab7/6005; files=4 +28/-10; hunks=.trellis/tasks/07-27-ui3-pen-thickness-presets/design.md@, .trellis/tasks/07-27-ui3-pen-thickness-presets/design.md@, .trellis/tasks/07-27-ui3-pen-thickness-presets/design.md@, .trellis/tasks/07-27-ui3-pen-thickness-presets/implement.md@; lines=+- 预览左端对齐标签左端，右端使用粗细外框的对称内边距；正常方向在区域顶端与控件顶端之间居中，倒转方向在控件底端与区域底端之间居中，两侧均保留 `5px`。 | +- 最大高度和中心均由 `105px` 粗细外框、控件行边界及上下对称安全间隙推导；换边时上下边界镜像，不使用额外位置偏移。 | +- 粗细区 Shape 不设置 `fill`，基础边框使用 `SurfaceFrame`、`framePct=0.18`，与绘制属性窗口保持一致；同时配置 `P; product=Inkeys/Inkeys/UI/Bar/Bar.Main.cpp@void BarUISetClass::Rendering(), Inkeys/Inkeys/UI/Bar/Bar.Main.cpp@namespace Inkeys::UI::Bar; add=thicknessRegion->pct.SetTar(barState.drawAttribute ? 1.0 : 0.0); | thicknessRegion->framePct.value().SetTar( | barState.drawAttribute ? 0.18 : 0.0);	实际补丁全文读取、变更符号/当前模块静态复核	H0 当前模块: Inkeys/Inkeys/UI/Bar/Bar.Main.cpp；旧 Bar.Main 实现后续拆至 Bar.RenderLoop/Interaction/Rendering	已审静态补丁；运行行为未验证		静态源码映射；未运行该历史提交	Refine thickness panel frame lighting
d4844082d274a7c814ac28772dbf1da501c19d29	eb9487ca46a9b6f419879a29801884144a08e401	2026-07-27T18:39:27+08:00	2026-07-27T18:39:27+08:00	bugfix/animation bugfix/eraser bugfix/pptui bugfix/settingui chore/publish dev draw feature/cursor feature/recognition feature/ui3-i18n fluent origin/bugfix/eraser origin/canary origin/dev origin/feature/recognition origin/fluent origin/theme theme	yes	H0 reachable	code	.trellis/spec/native-desktop, .trellis/tasks/07-27-ui3-pen-thickness-presets, Inkeys/Inkeys/UI	p1:196d57a4432d/7838; files=3 +50/-38; hunks=.trellis/spec/native-desktop/rendering-and-ui.md@shape.frameCursorLightIntensityScale = buttonIntensity;, .trellis/tasks/07-27-ui3-pen-thickness-presets/design.md@, Inkeys/Inkeys/UI/Bar/Bar.Main.cpp@void BarUISetClass::Rendering(), Inkeys/Inkeys/UI/Bar/Bar.Main.cpp@void BarUISetClass::Rendering(); lines=+收起终点和换边中点的根面板均以锚点为中心，并限制为固定紧凑尺寸。直属 Shape 的隐藏 `x/y`、宽高、圆角和边框必须由最终展开目标乘固定展开到紧凑倍率；嵌 | +直接绘制、没有独立 Shape 承载的几何也必须加入同一动画契约。若其布局依赖上下方向，不得在换边开始时直接读取已经切换的方向布尔值；应从正在动画的承载 Sha | +- 上下换边中点固定为以绘制按钮为中心的 `60×30` 根面板；直属 Shape 的 `x/y`、宽高、圆角和边框均按最终展开目标乘固定紧凑倍率，嵌套 SVG; product=Inkeys/Inkeys/UI/Bar/Bar.Main.cpp@void BarUISetClass::Rendering(), Inkeys/Inkeys/UI/Bar/Bar.Main.cpp@void BarUISetClass::Rendering(), Inkeys/Inkeys/UI/Bar/Bar.Main.cpp@void BarUISetClass::Rendering(), Inkeys/Inkeys/UI/Bar/Bar.Main.cpp@void BarUISetClass::Rendering(); add=double middleX = CompactDrawAttributeX(obj->x.tar); | double middleY = CompactDrawAttributeY(obj->y.tar); | obj->x.SetTar(obj->x.tar, operationDur,	实际补丁全文读取、变更符号/当前模块静态复核	H0 当前模块: Inkeys/Inkeys/UI/Bar/Bar.Main.cpp；旧 Bar.Main 实现后续拆至 Bar.RenderLoop/Interaction/Rendering	已审静态补丁；运行行为未验证		静态源码映射；未运行该历史提交	Fix draw attribute flip animation
eb9487ca46a9b6f419879a29801884144a08e401	dbff9cde5ad5500beb6d46d26cc9612a238d2114	2026-07-27T18:01:48+08:00	2026-07-27T18:01:48+08:00	bugfix/animation bugfix/eraser bugfix/pptui bugfix/settingui chore/publish dev draw feature/cursor feature/recognition feature/ui3-i18n fluent origin/bugfix/eraser origin/canary origin/dev origin/feature/recognition origin/fluent origin/theme theme	yes	H0 reachable	code	.trellis/spec/native-desktop, .trellis/tasks/07-27-ui3-pen-thickness-presets, Inkeys/Inkeys/UI	p1:46dc40ec0d58/14817; files=5 +51/-73; hunks=.trellis/spec/native-desktop/rendering-and-ui.md@shape.frameCursorLightIntensityScale = buttonIntensity;, .trellis/tasks/07-27-ui3-pen-thickness-presets/design.md@, .trellis/tasks/07-27-ui3-pen-thickness-presets/design.md@, .trellis/tasks/07-27-ui3-pen-thickness-presets/implement.md@; lines=+### UI3 复合面板收起与换边关键帧 | +计算 UI 的循环会每帧重复提交布局目标。一个动画属性必须先在局部变量中算出包含方向、行距和边距的最终值，再调用一次 `SetTar()`；禁止先提交基础坐标， | +收起终点和换边中点的根面板均以锚点为中心，并限制为固定紧凑尺寸。直属 Shape 的隐藏宽高、圆角和边框使用固定展开到紧凑倍率，自身中心限制在紧凑面板中心；嵌套; product=Inkeys/Inkeys/UI/Bar/Bar.Main.cpp@void BarUISetClass::Rendering(), Inkeys/Inkeys/UI/Bar/Bar.Main.cpp@void BarUISetClass::Rendering(), Inkeys/Inkeys/UI/Bar/Bar.Main.cpp@void BarUISetClass::Rendering(), Inkeys/Inkeys/UI/Bar/Bar.Main.cpp@void BarUISetClass::Rendering(); add=double colorTopY = barState.widgetPosition.primaryBar ? 5.0 : 115.0; | double colorBottomY = barState.widgetPosition.primaryBar ? 40.0 : 150.0; | shapeMap[BarUISetShapeEnum::DrawAttributeBar_ColorSelect1]->y.SetTar(	实际补丁全文读取、变更符号/当前模块静态复核	H0 当前模块: Inkeys/Inkeys/UI/Bar/Bar.Main.cpp；旧 Bar.Main 实现后续拆至 Bar.RenderLoop/Interaction/Rendering	已审静态补丁；运行行为未验证		静态源码映射；未运行该历史提交	Fix per-frame SetTar for color layout
dbff9cde5ad5500beb6d46d26cc9612a238d2114	ab64095080b9317e5a65b56ae652c1125e2c9064	2026-07-27T14:55:59+08:00	2026-07-27T14:55:59+08:00	bugfix/animation bugfix/eraser bugfix/pptui bugfix/settingui chore/publish dev draw feature/cursor feature/recognition feature/ui3-i18n fluent origin/bugfix/eraser origin/canary origin/dev origin/feature/recognition origin/fluent origin/theme theme	yes	H0 reachable	code	.trellis/tasks/07-27-ui3-pen-thickness-presets, Inkeys/IdtMain.h, Inkeys/Inkeys/UI	p1:99e3b1e514ee/23411; files=5 +188/-76; hunks=.trellis/tasks/07-27-ui3-pen-thickness-presets/design.md@, .trellis/tasks/07-27-ui3-pen-thickness-presets/design.md@, .trellis/tasks/07-27-ui3-pen-thickness-presets/design.md@, .trellis/tasks/07-27-ui3-pen-thickness-presets/design.md@; lines=+- 属性栏宽度设为 `370`，高度增至 `185`；紧凑态按 `60 / 370` 统一缩为 `60×30`，初始化、收起终点和上下换边中点都以绘制按钮中心为 | +- 粗细区为 `240×105`：颜色位于上半部时粗细区放在 `y=75`，颜色位于下半部时放在 `y=5`。 | +- 统一使用 `5px` 布局间隙：颜色在下方时两行位于 `y=115/150`，最后一行底边为 `180`；颜色在上方时两行仍位于 `y=5/40`，粗细区从; product=Inkeys/IdtMain.h@, Inkeys/Inkeys/UI/Bar/Bar.Main.cpp@constexpr double BarBrushThicknessPresetDip[] = { 1.0, 3.0, 6.0 };, Inkeys/Inkeys/UI/Bar/Bar.Main.cpp@void BarUISetClass::Rendering(), Inkeys/Inkeys/UI/Bar/Bar.Main.cpp@void BarUISetClass::Rendering(); add=constexpr double BarDrawAttributeExpandedWidth = 370.0; | constexpr double BarDrawAttributeExpandedHeight = 185.0; | constexpr double BarDrawAttributeCompactWidth = 60.0;	实际补丁全文读取、变更符号/当前模块静态复核	H0 当前模块: Inkeys/IdtMain.h, Inkeys/Inkeys/UI/Bar/Bar.Main.cpp；旧 Bar.Main 实现后续拆至 Bar.RenderLoop/Interaction/Rendering	已审静态补丁；运行行为未验证		静态源码映射；未运行该历史提交	Update draw attribute thickness UI layout
ab64095080b9317e5a65b56ae652c1125e2c9064	8c43a6da00332aab22d80c861fb9067cb674242b	2026-07-27T14:43:51+08:00	2026-07-27T14:43:51+08:00	bugfix/animation bugfix/eraser bugfix/pptui bugfix/settingui chore/publish dev draw feature/cursor feature/recognition feature/ui3-i18n fluent origin/bugfix/eraser origin/canary origin/dev origin/feature/recognition origin/fluent origin/theme theme	yes	H0 reachable	code	.trellis/spec/native-desktop, Inkeys/additional/imgui	p1:6b24d8623169/28800; files=5 +3/-524; hunks=.trellis/spec/native-desktop/directory-structure.md@, .trellis/spec/native-desktop/index.md@PPT/WPS 的托管 COM 服务和原生边界另见 [../ppt-interop/index.md](../p, .trellis/spec/native-desktop/rendering-and-ui.md@shape.frameCursorLightIntensityScale = buttonIntensity;, .trellis/spec/native-desktop/rendering-and-ui.md@shape.frameCursorLightIntensityScale = buttonIntensity;; lines=+| Inkeys/Inkeys/UI/Setting/ | Dear ImGui 设置界面、DX11 后端和自定义控件 | | +- 设置窗口的已编译产品实现是 Dear ImGui Win32 + Direct3D 11；它拥有独立 hardware device/context、dis | +- `Inkeys/Inkeys.vcxproj` 编译 `additional/imgui/imgui_impl_win32.cpp` 与 `imgui_im; product=none	实际补丁全文读取、变更符号/当前模块静态复核	H0 当前模块: 原路径已移动/删除	已审静态补丁；运行行为未验证		静态源码映射；未运行该历史提交	Remove unused ImGui DX9 backend
8c43a6da00332aab22d80c861fb9067cb674242b	3905505ef4a9244996cfdb71c66afe3d5cfdb75d c7fdb40ce6a342c94351f7fb0ae3c1eda3bb767c	2026-07-27T14:35:58+08:00	2026-07-27T14:35:58+08:00	bugfix/animation bugfix/eraser bugfix/pptui bugfix/settingui chore/publish dev draw feature/cursor feature/recognition feature/ui3-i18n fluent origin/bugfix/eraser origin/canary origin/dev origin/feature/recognition origin/fluent origin/theme theme	yes	H0 reachable	merge	.trellis/spec/native-desktop, .trellis/tasks/07-17-investigate-unified-ui-d3d11-pipeline, .trellis/tasks/archive, Inkeys/IdtMain.h, Inkeys/Inkeys.vcxproj, Inkeys/Inkeys.vcxproj.filters, Inkeys/Inkeys/UI, Inkeys/additional/imgui, .trellis/tasks/07-26-button-cursor-lighting, .trellis/tasks/07-26-draw-attribute-pen-type-buttons, .trellis/tasks/07-27-ui3-pen-thickness-presets, .trellis/workspace/AlanCRL	"p1:53ec1864061a/222801; p2:825d2778a555/341039; files=85 +7006/-1894 binary; hunks=.trellis/spec/native-desktop/configuration-i18n-and-assets.md@, .trellis/spec/native-desktop/errors-logging-and-resources.md@, .trellis/spec/native-desktop/errors-logging-and-resources.md@, .trellis/spec/native-desktop/errors-logging-and-resources.md@; lines=+`【直接确认】` 当前加载方式并不统一，包括 Win32 resource、磁盘/解包路径、GDI+/D2D bitmap、ImGui DX11 SRV 和 l | +| 设置 D3D11 | device/RTV/SRV 创建函数返回 bool；resize、occlusion 与 present 走显式分支 | `Sett | +| 设置窗口 D3D11、DXGI、SRV | raw COM pointer + 显式 `Release`；SRV、RTV、swap chain、contex; product=Inkeys/IdtMain.h@, Inkeys/Inkeys.vcxproj@, Inkeys/Inkeys.vcxproj@, Inkeys/Inkeys.vcxproj@; add=<ClInclude Include=""additional\imgui\imgui_impl_dx11.h"" /> | <ClCompile Include=""additional\imgui\imgui_impl_dx11.cpp"" /> | <ShaderType Condition=""'$(Configuration)|$(Platform)'=='Debug|Win32'"">Vertex</ShaderType>"	每父实际补丁+combined diff；冲突解决核对	H0 合并节点；产品路径: Inkeys/IdtMain.h, Inkeys/Inkeys.vcxproj, Inkeys/Inkeys/UI/Setting/Setting.Base.cppm, Inkeys/Inkeys/UI/Setting/Setting.Wrap.h	已审静态集成差异；运行未验证		仅静态；combined diff 检查见 findings	Merge branch 'feature/settings' into feature/animation
c7fdb40ce6a342c94351f7fb0ae3c1eda3bb767c	b96faa1f9e704fb7545dc568f2256506466e4a7e	2026-07-27T14:35:15+08:00	2026-07-27T14:35:15+08:00	bugfix/animation bugfix/eraser bugfix/pptui bugfix/settingui chore/publish dev draw feature/cursor feature/recognition feature/ui3-i18n fluent origin/bugfix/eraser origin/canary origin/dev origin/feature/recognition origin/fluent origin/theme theme	yes	H0 reachable	docs	.trellis/tasks/archive	"p1:b73e5aff256a/2678; files=7 +2/-2; hunks=.trellis/tasks/archive/2026-07/07-19-setting-dx11-embedded-cso/task.json@, .trellis/tasks/archive/2026-07/07-19-setting-dx11-embedded-cso/task.json@; lines=+""status"": ""completed"", | +""completedAt"": ""2026-07-27"",; product=none"	补丁全文读取；文档/任务状态简审	H0 文档/任务记录：bugfix/animation, bugfix/eraser	不适用（无产品可执行代码改动）		静态文件差异；无需运行验证	chore(task): archive 07-19-setting-dx11-embedded-cso
b96faa1f9e704fb7545dc568f2256506466e4a7e	88091b2f1964d3924e3959c8e4a6dbbc99f29e47	2026-07-19T13:17:43+08:00	2026-07-19T13:17:43+08:00	bugfix/animation bugfix/eraser bugfix/pptui bugfix/settingui chore/publish dev draw feature/cursor feature/recognition feature/ui3-i18n fluent origin/bugfix/eraser origin/canary origin/dev origin/feature/recognition origin/fluent origin/theme theme	yes	H0 reachable	docs	.trellis/tasks/07-17-investigate-unified-ui-d3d11-pipeline	p1:258ee58a3a66/6309; files=2 +81/-0; hunks=.trellis/tasks/07-17-investigate-unified-ui-d3d11-pipeline/prd.md@, .trellis/tasks/07-17-investigate-unified-ui-d3d11-pipeline/task.json@; lines=+# 调查 Bar 与 Setting UI 统一 D3D11 设备和串行渲染管道 | +## Goal | +调查 Bar UI 与 Setting UI 统一使用同一个 D3D11.1 device / immediate context 的可行方案，明确 ImGui; product=none	补丁全文读取；文档/任务状态简审	H0 文档/任务记录：bugfix/animation, bugfix/eraser	不适用（无产品可执行代码改动）		静态文件差异；无需运行验证	docs(trellis): move D3D11 investigation task to settings
88091b2f1964d3924e3959c8e4a6dbbc99f29e47	9700bdd0bf6a92e1837f04e63d57c3ab054a8362	2026-07-19T13:09:20+08:00	2026-07-19T13:09:20+08:00	bugfix/animation bugfix/eraser bugfix/pptui bugfix/settingui chore/publish dev draw feature/cursor feature/recognition feature/ui3-i18n fluent origin/bugfix/eraser origin/canary origin/dev origin/feature/recognition origin/fluent origin/theme theme	yes	H0 reachable	code+project	.trellis/spec/native-desktop, .trellis/tasks/07-19-setting-dx11-embedded-cso, Inkeys/IdtMain.h, Inkeys/Inkeys.vcxproj, Inkeys/Inkeys.vcxproj.filters, Inkeys/Inkeys/UI, Inkeys/additional/imgui	"p1:e991ad58f31a/215860; files=31 +1636/-1165 binary; hunks=.trellis/spec/native-desktop/configuration-i18n-and-assets.md@, .trellis/spec/native-desktop/errors-logging-and-resources.md@, .trellis/spec/native-desktop/errors-logging-and-resources.md@, .trellis/spec/native-desktop/errors-logging-and-resources.md@; lines=+`【直接确认】` 当前加载方式并不统一，包括 Win32 resource、磁盘/解包路径、GDI+/D2D bitmap、ImGui DX11 SRV 和 l | +| 设置 D3D11 | device/RTV/SRV 创建函数返回 bool；resize、occlusion 与 present 走显式分支 | `Sett | +| 设置窗口 D3D11、DXGI、SRV | raw COM pointer + 显式 `Release`；SRV、RTV、swap chain、contex; product=Inkeys/IdtMain.h@, Inkeys/Inkeys.vcxproj@, Inkeys/Inkeys.vcxproj@, Inkeys/Inkeys.vcxproj@; add=<ClInclude Include=""additional\imgui\imgui_impl_dx11.h"" /> | <ClCompile Include=""additional\imgui\imgui_impl_dx11.cpp"" /> | <ShaderType Condition=""'$(Configuration)|$(Platform)'=='Debug|Win32'"">Vertex</ShaderType>"	实际补丁全文读取；调用/失败路径按高风险组复核，详见 findings 摘要	H0 当前模块: Inkeys/IdtMain.h, Inkeys/Inkeys.vcxproj, Inkeys/Inkeys/UI/Setting/Setting.Base.cppm, Inkeys/Inkeys/UI/Setting/Setting.Wrap.h, Inkeys/Inkeys/UI/Setting/Setting.cpp	已审静态补丁；运行行为未验证		H0 当前路径静态复核；真机/性能/Win7 由专项验证	Migrate Setting UI to Direct3D11 and embed CSO
3905505ef4a9244996cfdb71c66afe3d5cfdb75d	ace681ba9fcfef8d28ddc112ba54d961237604b4	2026-07-27T13:56:06+08:00	2026-07-27T13:56:06+08:00	bugfix/animation bugfix/eraser bugfix/pptui bugfix/settingui chore/publish dev draw feature/cursor feature/recognition feature/ui3-i18n fluent origin/bugfix/eraser origin/canary origin/dev origin/feature/recognition origin/fluent origin/theme theme	yes	H0 reachable	code+project	.trellis/spec/native-desktop, .trellis/tasks/07-27-ui3-pen-thickness-presets, Inkeys/Inkeys.rc, Inkeys/Inkeys.vcxproj, Inkeys/Inkeys.vcxproj.filters, Inkeys/Inkeys/UI, Inkeys/src/UI	"p1:ea5ac73204cf/27870; files=10 +226/-104; hunks=.trellis/spec/native-desktop/rendering-and-ui.md@shape.frameCursorLightIntensityScale = buttonIntensity;, .trellis/tasks/07-27-ui3-pen-thickness-presets/design.md@, .trellis/tasks/07-27-ui3-pen-thickness-presets/design.md@, .trellis/tasks/07-27-ui3-pen-thickness-presets/design.md@; lines=+### UI3 按钮悬停与按压衔接约定 | +主栏按钮的 `5s` 表示指针仍停留时，悬停背景完成快速显现后自然淡出的时长；它不是鼠标移出的退出时长。鼠标移出继续使用 `BarButtonHoverExit | +复用主栏悬停状态机的独立控件必须同时遵守：; product=Inkeys/Inkeys.rc@BARHIGHLIGHTER1         UI                      ""src\\UI\\barHighlighter1.svg"", Inkeys/Inkeys.vcxproj@, Inkeys/Inkeys/UI/Bar/Bar.Main.cpp@void BarUISetClass::Rendering(), Inkeys/Inkeys/UI/Bar/Bar.Main.cpp@void BarUISetClass::Rendering(); add=BARTHICKNESSADJUST      UI                      ""src\\UI\\barThicknessAdjust.svg"" | <None Include=""src\UI\barThicknessAdjust.svg"" /> | BarUiValueClass drawAttributePenPreviewRoundness("	实际补丁全文读取、变更符号/当前模块静态复核	H0 当前模块: Inkeys/Inkeys.rc, Inkeys/Inkeys.vcxproj, Inkeys/Inkeys/UI/Bar/Bar.Main.cpp, Inkeys/Inkeys/UI/Bar/Bar.Main.cppm；旧 Bar.Main 实现后续拆至 Bar.RenderLoop/Interaction/Rendering	已审静态补丁；运行行为未验证		静态源码映射；未运行该历史提交	Refine UI3 pen thickness controls
ace681ba9fcfef8d28ddc112ba54d961237604b4	06361bbedd44717f0ae7ef8b9f0311285370610e	2026-07-27T09:44:30+08:00	2026-07-27T09:44:30+08:00	bugfix/animation bugfix/eraser bugfix/pptui bugfix/settingui chore/publish dev draw feature/cursor feature/recognition feature/ui3-i18n fluent origin/bugfix/eraser origin/canary origin/dev origin/feature/recognition origin/fluent origin/theme theme	yes	H0 reachable	code	.trellis/tasks/07-27-ui3-pen-thickness-presets, Inkeys/Inkeys/UI	p1:4a1f8aa6320b/51117; files=7 +742/-221; hunks=.trellis/tasks/07-27-ui3-pen-thickness-presets/design.md@, .trellis/tasks/07-27-ui3-pen-thickness-presets/implement.md@, .trellis/tasks/07-27-ui3-pen-thickness-presets/prd.md@, .trellis/tasks/07-27-ui3-pen-thickness-presets/task.json@; lines=+# 技术设计 | +## 边界与数据 | +- 改动集中在 `Bar.Main.cpp/.cppm` 与 `Bar.State.cppm`，继续通过现有 `GetPenWidth()` / `SetPen; product=Inkeys/Inkeys/UI/Bar/Bar.Main.cpp@constexpr double BarButtonPressedLightOpacity = 0.5;, Inkeys/Inkeys/UI/Bar/Bar.Main.cpp@std::atomic_uint BarCanvasDrawingActivityCount = 0;, Inkeys/Inkeys/UI/Bar/Bar.Main.cpp@void BarUISetClass::Rendering(), Inkeys/Inkeys/UI/Bar/Bar.Main.cpp@void BarUISetClass::Rendering(); add=constexpr double BarBrushThicknessPresetDip[] = { 1.0, 3.0, 6.0 }; | int GetBarBrushThicknessPresetPx(size_t index, double dpiZoom) | if (index >= 3 || !isfinite(dpiZoom) || dpiZoom <= 0.0) return 1;	实际补丁全文读取、变更符号/当前模块静态复核	H0 当前模块: Inkeys/Inkeys/UI/Bar/Bar.Main.cpp, Inkeys/Inkeys/UI/Bar/Bar.Main.cppm, Inkeys/Inkeys/UI/Bar/Bar.State.cppm；旧 Bar.Main 实现后续拆至 Bar.RenderLoop/Interaction/Rendering	已审静态补丁；运行行为未验证		静态源码映射；未运行该历史提交	Add UI3 pen thickness presets and layout
06361bbedd44717f0ae7ef8b9f0311285370610e	0bbcbd2a70186186ec11199ed3a66a585ed15cb0	2026-07-26T17:33:49+08:00	2026-07-26T17:33:49+08:00	bugfix/animation bugfix/eraser bugfix/pptui bugfix/settingui chore/publish dev draw feature/cursor feature/recognition feature/ui3-i18n fluent origin/bugfix/eraser origin/canary origin/dev origin/feature/recognition origin/fluent origin/theme theme	yes	H0 reachable	docs	.trellis/workspace/AlanCRL	p1:b3bc3de13212/1569; files=2 +37/-3; hunks=.trellis/workspace/AlanCRL/index.md@, .trellis/workspace/AlanCRL/index.md@, .trellis/workspace/AlanCRL/index.md@, .trellis/workspace/AlanCRL/journal-1.md@Completed the source-backed Trellis bootstrap and second-pass evidence; lines=+- **Total Sessions**: 6 | +- **Last Active**: 2026-07-26 | +| `journal-1.md` | ~210 | Active |; product=none	补丁全文读取；文档/任务状态简审	H0 文档/任务记录：bugfix/animation, bugfix/eraser	不适用（无产品可执行代码改动）		静态文件差异；无需运行验证	chore: record journal
0bbcbd2a70186186ec11199ed3a66a585ed15cb0	cde5627cd32042015c1ee5347e30ff8527a1dd19	2026-07-26T17:33:27+08:00	2026-07-26T17:33:27+08:00	bugfix/animation bugfix/eraser bugfix/pptui bugfix/settingui chore/publish dev draw feature/cursor feature/recognition feature/ui3-i18n fluent origin/bugfix/eraser origin/canary origin/dev origin/feature/recognition origin/fluent origin/theme theme	yes	H0 reachable	docs	.trellis/tasks/archive	"p1:6c56bc79c85f/1741; files=4 +3/-3; hunks=.trellis/tasks/archive/2026-07/07-26-ui3-lighting-render-performance/task.json@, .trellis/tasks/archive/2026-07/07-26-ui3-lighting-render-performance/task.json@, .trellis/tasks/archive/2026-07/07-26-ui3-lighting-render-performance/task.json@; lines=+""status"": ""completed"", | +""completedAt"": ""2026-07-26"", | +}; product=none"	补丁全文读取；文档/任务状态简审	H0 文档/任务记录：bugfix/animation, bugfix/eraser	不适用（无产品可执行代码改动）		静态文件差异；无需运行验证	chore(task): archive 07-26-ui3-lighting-render-performance
cde5627cd32042015c1ee5347e30ff8527a1dd19	fa655c131bf1e4455238a225705fdfa447c02877	2026-07-26T17:33:00+08:00	2026-07-26T17:33:00+08:00	bugfix/animation bugfix/eraser bugfix/pptui bugfix/settingui chore/publish dev draw feature/cursor feature/recognition feature/ui3-i18n fluent origin/bugfix/eraser origin/canary origin/dev origin/feature/recognition origin/fluent origin/theme theme	yes	H0 reachable	code	.trellis/spec/native-desktop, .trellis/tasks/07-26-ui3-lighting-render-performance, Inkeys/IdtD2DPreparation.cpp, Inkeys/IdtD2DPreparation.h, Inkeys/IdtDrawpad.cpp, Inkeys/Inkeys/UI	p1:03c0f317a1e3/87874; files=10 +1487/-223; hunks=.trellis/spec/native-desktop/rendering-and-ui.md@, .trellis/spec/native-desktop/rendering-and-ui.md@, .trellis/spec/native-desktop/rendering-and-ui.md@, .trellis/spec/native-desktop/rendering-and-ui.md@; lines=+| `Inkeys.UI.Bar` | `【直接确认】` `IdtMain.cpp::wWinMain` 仅在 `useInkeys3UI` 为 true 时启 | +3. 默认以 `D3D_DRIVER_TYPE_WARP`、`D3D11_CREATE_DEVICE_BGRA_SUPPORT` 和 feature level | +共享对象使用 `Microsoft::WRL::ComPtr`。默认 epoch 为 WARP；`PrepareUi3RenderBackend`/`Commi; product=Inkeys/IdtD2DPreparation.cpp@ComPtr<IDWriteFontCollection> dWriteFontCollection;, Inkeys/IdtD2DPreparation.cpp@HRESULT D2DStarup(), Inkeys/IdtD2DPreparation.cpp@HRESULT D2DStarup(), Inkeys/IdtD2DPreparation.cpp@HRESULT D2DStarup(); add=ComPtr<ID3D11Device> d3dDevice_UI3; | ComPtr<ID2D1Device> d2dDevice_UI3; | namespace	实际补丁全文读取；调用/失败路径按高风险组复核，详见 findings 摘要；H0 项目编译入口复核	H0 当前模块: Inkeys/IdtDrawpad.cpp, Inkeys/Inkeys/UI/Bar/Bar.Main.cpp, Inkeys/Inkeys/UI/Bar/Bar.Main.cppm；旧 Bar.Main 实现后续拆至 Bar.RenderLoop/Interaction/Rendering；注意 H0 Inkeys.vcxproj:895 将旧 IdtDrawpad.cpp 列 None，:905 编译 IdtDrawpadFacade.cpp；旧文件的 hook/RTS 不属生产路径	已审静态补丁；运行行为未验证		H0 当前路径静态复核；真机/性能/Win7 由专项验证	Optimize UI3 lighting rendering
fa655c131bf1e4455238a225705fdfa447c02877	d508b361ea2a1bad3b6111b8792cfea51c370db6	2026-07-26T15:06:39+08:00	2026-07-26T15:06:39+08:00	bugfix/animation bugfix/eraser bugfix/pptui bugfix/settingui chore/publish dev draw feature/cursor feature/recognition feature/ui3-i18n fluent origin/bugfix/eraser origin/canary origin/dev origin/feature/recognition origin/fluent origin/theme theme	yes	H0 reachable	code	Inkeys/Inkeys/UI	p1:b6ffd891ee66/379; files=1 +1/-1; hunks=Inkeys/Inkeys/UI/Bar/Bar.Main.cpp@constexpr double BarBorderLightIntensity = 1.0;; lines=+constexpr double BarColorSwatchCursorLightIntensity = 0.50;; product=Inkeys/Inkeys/UI/Bar/Bar.Main.cpp@constexpr double BarBorderLightIntensity = 1.0;; add=constexpr double BarColorSwatchCursorLightIntensity = 0.50;	实际补丁全文读取、变更符号/当前模块静态复核	H0 当前模块: Inkeys/Inkeys/UI/Bar/Bar.Main.cpp；旧 Bar.Main 实现后续拆至 Bar.RenderLoop/Interaction/Rendering	已审静态补丁；运行行为未验证		静态源码映射；未运行该历史提交	Increase color swatch cursor light intensity
d508b361ea2a1bad3b6111b8792cfea51c370db6	4383359c79d1ac1dcb06c29aff4335c16012fcbd	2026-07-26T14:54:25+08:00	2026-07-26T14:54:25+08:00	bugfix/animation bugfix/eraser bugfix/pptui bugfix/settingui chore/publish dev draw feature/cursor feature/recognition feature/ui3-i18n fluent origin/bugfix/eraser origin/canary origin/dev origin/feature/recognition origin/fluent origin/theme theme	yes	H0 reachable	code	Inkeys/Inkeys/UI	p1:f7490c58a377/1489; files=1 +10/-7; hunks=Inkeys/Inkeys/UI/Bar/Bar.Main.cpp@constexpr double BarBorderLightIntensity = 1.0;, Inkeys/Inkeys/UI/Bar/Bar.Main.cpp@void BarUISetClass::Rendering(), Inkeys/Inkeys/UI/Bar/Bar.Main.cpp@void BarUISetClass::Rendering(), Inkeys/Inkeys/UI/Bar/Bar.Main.cpp@void BarUISetClass::Rendering(); lines=+constexpr double BarColorSwatchCursorLightIntensity = 0.30; | +constexpr double BarButtonCursorLightIntensity = 0.30; | +&& temp->buttom.enable.tar; product=Inkeys/Inkeys/UI/Bar/Bar.Main.cpp@constexpr double BarBorderLightIntensity = 1.0;, Inkeys/Inkeys/UI/Bar/Bar.Main.cpp@void BarUISetClass::Rendering(), Inkeys/Inkeys/UI/Bar/Bar.Main.cpp@void BarUISetClass::Rendering(), Inkeys/Inkeys/UI/Bar/Bar.Main.cpp@void BarUISetClass::Rendering(); add=constexpr double BarColorSwatchCursorLightIntensity = 0.30; | constexpr double BarButtonCursorLightIntensity = 0.30; | && temp->buttom.enable.tar	实际补丁全文读取、变更符号/当前模块静态复核	H0 当前模块: Inkeys/Inkeys/UI/Bar/Bar.Main.cpp；旧 Bar.Main 实现后续拆至 Bar.RenderLoop/Interaction/Rendering	已审静态补丁；运行行为未验证		静态源码映射；未运行该历史提交	Adjust button cursor lighting
4383359c79d1ac1dcb06c29aff4335c16012fcbd	c27c439ad7445889bc89b70fdb1caf34adf0737b	2026-07-26T12:39:56+08:00	2026-07-26T12:39:56+08:00	bugfix/animation bugfix/eraser bugfix/pptui bugfix/settingui chore/publish dev draw feature/cursor feature/recognition feature/ui3-i18n fluent origin/bugfix/eraser origin/canary origin/dev origin/feature/recognition origin/fluent origin/theme theme	yes	H0 reachable	code	.trellis/spec/native-desktop, .trellis/tasks/07-26-button-cursor-lighting, Inkeys/Inkeys/UI	p1:0c9dc2e951b3/13562; files=7 +175/-6; hunks=.trellis/spec/native-desktop/rendering-and-ui.md@desiredCursorLightVisible = edgeLightingEnabled && dynamicEdgeLighting, .trellis/tasks/07-26-button-cursor-lighting/design.md@, .trellis/tasks/07-26-button-cursor-lighting/implement.md@, .trellis/tasks/07-26-button-cursor-lighting/prd.md@; lines=+### UI3 按钮边框光影约定 | +按钮未选中时通常保持背景透明，但仍可能需要显示鼠标第三光源。此时不得复用按钮本体 `pct` 作为边框光影透明度；应使用 `BarUiShapeClass::f | +~~~cpp; product=Inkeys/Inkeys/UI/Bar/Bar.Main.cpp@constexpr double BarColorSwatchCursorLightIntensity = 0.60;, Inkeys/Inkeys/UI/Bar/Bar.Main.cpp@bool BarUIRendering::Shape(ID2D1DeviceContext* deviceContext, const BarUiShapeCl, Inkeys/Inkeys/UI/Bar/Bar.Main.cpp@bool BarUIRendering::Shape(ID2D1DeviceContext* deviceContext, const BarUiShapeCl, Inkeys/Inkeys/UI/Bar/Bar.Main.cpp@bool BarUIRendering::Shape(ID2D1DeviceContext* deviceContext, const BarUiShapeCl; add=constexpr double BarButtonCursorLightIntensity = BarColorSwatchCursorLightIntensity * 0.5; | constexpr double BarButtonPressedLightOpacity = 0.5; | double frameLightPct = shape.frameLightPct.has_value()	实际补丁全文读取、变更符号/当前模块静态复核	H0 当前模块: Inkeys/Inkeys/UI/Bar/Bar.Main.cpp, Inkeys/Inkeys/UI/Bar/Bar.UI.cppm；旧 Bar.Main 实现后续拆至 Bar.RenderLoop/Interaction/Rendering	已审静态补丁；运行行为未验证		静态源码映射；未运行该历史提交	Add frameLightPct and button cursor lighting
c27c439ad7445889bc89b70fdb1caf34adf0737b	49dd6a26f58edf5e17bf58fc1f243a306b961716	2026-07-26T11:38:30+08:00	2026-07-26T11:38:30+08:00	bugfix/animation bugfix/eraser bugfix/pptui bugfix/settingui chore/publish dev draw feature/cursor feature/recognition feature/ui3-i18n fluent origin/bugfix/eraser origin/canary origin/dev origin/feature/recognition origin/fluent origin/theme theme	yes	H0 reachable	code	.trellis/tasks/07-26-draw-attribute-pen-type-buttons, Inkeys/Inkeys.rc, Inkeys/Inkeys/UI, Inkeys/src/UI	"p1:0c444ffa8d3e/49572; files=9 +396/-283; hunks=.trellis/tasks/07-26-draw-attribute-pen-type-buttons/design.md@, .trellis/tasks/07-26-draw-attribute-pen-type-buttons/implement.md@, .trellis/tasks/07-26-draw-attribute-pen-type-buttons/prd.md@, .trellis/tasks/07-26-draw-attribute-pen-type-buttons/task.json@; lines=+# 技术设计 | +## 边界 | +- 仅修改 UI3 Bar 的绘制属性控件：`Bar.Main.cpp/.cppm`、`Bar.State.cppm`，以及必要的 `Inkeys.rc` 与 ; product=Inkeys/Inkeys.rc@BARBRUSH1               UI                      ""src\\UI\\barBrush1.svg"", Inkeys/Inkeys/UI/Bar/Bar.Main.cpp@void BarUISetClass::Rendering(), Inkeys/Inkeys/UI/Bar/Bar.Main.cpp@void BarUISetClass::Rendering(), Inkeys/Inkeys/UI/Bar/Bar.Main.cpp@void BarUISetClass::Rendering(); add=BARBRUSH2               UI                      ""src\\UI\\barBrush2.svg"" | BARLASER                UI                      ""src\\UI\\barLaser.svg"" | BarUiValueClass drawAttributeBrushPressScale(1.0);"	实际补丁全文读取、变更符号/当前模块静态复核	H0 当前模块: Inkeys/Inkeys.rc, Inkeys/Inkeys/UI/Bar/Bar.Main.cpp, Inkeys/Inkeys/UI/Bar/Bar.Main.cppm；旧 Bar.Main 实现后续拆至 Bar.RenderLoop/Interaction/Rendering	已审静态补丁；运行行为未验证		静态源码映射；未运行该历史提交	Refactor draw attribute pen-type buttons
49dd6a26f58edf5e17bf58fc1f243a306b961716	2a992b74e4bcaaf40dd1744eb03211f2064183ed	2026-07-26T10:17:24+08:00	2026-07-26T10:17:24+08:00	bugfix/animation bugfix/eraser bugfix/pptui bugfix/settingui chore/publish dev draw feature/cursor feature/recognition feature/ui3-i18n fluent origin/bugfix/eraser origin/canary origin/dev origin/feature/recognition origin/fluent origin/theme theme	yes	H0 reachable	code	Inkeys/Inkeys/UI	p1:6e6c4f4137ff/933; files=1 +4/-3; hunks=Inkeys/Inkeys/UI/Bar/Bar.Main.cpp@void BarUISetClass::Rendering(), Inkeys/Inkeys/UI/Bar/Bar.Main.cpp@void BarUISetClass::Rendering(), Inkeys/Inkeys/UI/Bar/Bar.Main.cpp@void BarUISetClass::Rendering(); lines=+? BarUiCurveEnum::EaseOutBack : BarUiCurveEnum::EaseOutCubic; | +: (mainBarLayoutExpands ? BarUiCurveEnum::EaseOutBack : BarUiCurveEnum::EaseOutC | +? (mainBarLayoutExpands ? BarUiCurveEnum::EaseOutSine : BarUiCurveEnum::EaseOutC; product=Inkeys/Inkeys/UI/Bar/Bar.Main.cpp@void BarUISetClass::Rendering(), Inkeys/Inkeys/UI/Bar/Bar.Main.cpp@void BarUISetClass::Rendering(), Inkeys/Inkeys/UI/Bar/Bar.Main.cpp@void BarUISetClass::Rendering(); add=? BarUiCurveEnum::EaseOutBack : BarUiCurveEnum::EaseOutCubic; | : (mainBarLayoutExpands ? BarUiCurveEnum::EaseOutBack : BarUiCurveEnum::EaseOutCubic); | ? (mainBarLayoutExpands ? BarUiCurveEnum::EaseOutSine : BarUiCurveEnum::EaseOutCubic)	实际补丁全文读取、变更符号/当前模块静态复核	H0 当前模块: Inkeys/Inkeys/UI/Bar/Bar.Main.cpp；旧 Bar.Main 实现后续拆至 Bar.RenderLoop/Interaction/Rendering	已审静态补丁；运行行为未验证		静态源码映射；未运行该历史提交	Adjust main bar easing curves
85132bb10e6e4c7b6b04555ef272773d62437433	b468cd295830f202280961bcaa532daf5b11776e	2026-09-12T10:45:11+08:00	2026-09-12T10:45:11+08:00	origin/theme theme	no	unmerged recent	code	.trellis/spec/native-desktop, .trellis/tasks/09-10-bar-light-theme, Inkeys/Inkeys/UI, InkeysHeadlessTests/bar_theme_tests.cpp	p1:5ce56a2fd595/34751; files=12 +289/-101; hunks=.trellis/spec/native-desktop/bar-theme-material.md@namespace BarThemeMaterial {, .trellis/spec/native-desktop/bar-theme-material.md@namespace BarThemeMaterial {, .trellis/spec/native-desktop/bar-theme-material.md@namespace BarThemeMaterial {, .trellis/spec/native-desktop/bar-theme-material.md@namespace BarThemeMaterial {; lines=+Lighting ResolveCursorLighting(const Material&, Color penColor, double drawingPe | +`BarUiShapeClass` 与 `BarUiSuperellipseClass` 使用 `double lightMaterial` 和 `bool t | +- Light 角色为 Surface `#F4F6F7`、IconPrimary `#53616A`、TextPrimary `#3D474D`、Accent; product=Inkeys/Inkeys/UI/Bar/Bar.Initialization.cpp@namespace Inkeys::UI::Bar, Inkeys/Inkeys/UI/Bar/Bar.Initialization.cpp@namespace Inkeys::UI::Bar, Inkeys/Inkeys/UI/Bar/Bar.Initialization.cpp@namespace Inkeys::UI::Bar, Inkeys/Inkeys/UI/Bar/Bar.Metrics.cppm@export; add=button->frameLightCursorLightIntensityScale = | BarButtonLightCursorLightIntensity; | button->frameLightCursorLightIntensityScale =	逐父补丁读取；分支静态契约/差异归类	H0 不含该提交差异；所属 refs: origin/theme theme；分支路径: Inkeys/Inkeys/UI/Bar/Bar.Initialization.cpp, Inkeys/Inkeys/UI/Bar/Bar.Metrics.cppm, Inkeys/Inkeys/UI/Bar/Bar.RenderLoop.cpp, Inkeys/Inkeys/UI/Bar/Bar.Rendering.cpp	不适用（H0 未合入；合入前需按目标基线复审）		仅静态；未运行该分支	feat: refine light bar lighting material
b468cd295830f202280961bcaa532daf5b11776e	fa4cda9568f118a8c05e2b7e91dee9d04b4988e2	2026-09-12T09:15:07+08:00	2026-09-12T09:15:07+08:00	origin/theme theme	no	unmerged recent	code	Inkeys/Inkeys/UI	p1:c772492ac3ea/3926; files=1 +49/-15; hunks=Inkeys/Inkeys/UI/Bar/Bar.RenderLoop.cpp@SetButtonPositionTar(temp->button.x, xO - barBtnGap / 2.0, 40.0, true), Inkeys/Inkeys/UI/Bar/Bar.RenderLoop.cpp@SetButtonPositionTar(temp->button.x, xO - barBtnGap / 2.0, 40.0, true), Inkeys/Inkeys/UI/Bar/Bar.RenderLoop.cpp@double baseThumbDiameter =, Inkeys/Inkeys/UI/Bar/Bar.RenderLoop.cpp@double baseThumbDiameter =; lines=+: GetThemeColor(state.barStyle.darkStyle | +? BarThemeColorEnum::EdgeLight | +: BarThemeColorEnum::IconPrimary));; product=Inkeys/Inkeys/UI/Bar/Bar.RenderLoop.cpp@SetButtonPositionTar(temp->button.x, xO - barBtnGap / 2.0, 40.0, true);, Inkeys/Inkeys/UI/Bar/Bar.RenderLoop.cpp@SetButtonPositionTar(temp->button.x, xO - barBtnGap / 2.0, 40.0, true);, Inkeys/Inkeys/UI/Bar/Bar.RenderLoop.cpp@double baseThumbDiameter =, Inkeys/Inkeys/UI/Bar/Bar.RenderLoop.cpp@double baseThumbDiameter =; add=: GetThemeColor(state.barStyle.darkStyle | ? BarThemeColorEnum::EdgeLight | : BarThemeColorEnum::IconPrimary));	逐父补丁读取；分支静态契约/差异归类	H0 不含该提交差异；所属 refs: origin/theme theme；分支路径: Inkeys/Inkeys/UI/Bar/Bar.RenderLoop.cpp	不适用（H0 未合入；合入前需按目标基线复审）		仅静态；未运行该分支	fix: adapt thickness controls to light theme
fa4cda9568f118a8c05e2b7e91dee9d04b4988e2	7585f05e027dd73cf018cc0a6c15dec63216b695	2026-09-11T15:25:17+08:00	2026-09-11T15:25:17+08:00	origin/theme theme	no	unmerged recent	code	.trellis/spec/native-desktop, .trellis/tasks/09-10-bar-light-theme, .trellis/tasks/archive, Inkeys/IdtI18nKeys.g.h, Inkeys/IdtMain.cpp, Inkeys/Inkeys/Other, Inkeys/Inkeys/UI, Inkeys/src/i18n, InkeysHeadlessTests/bar_theme_tests.cpp, Scripts	"p1:496d0c810701/45973; files=26 +337/-193; hunks=.trellis/spec/native-desktop/bar-theme-material.md@namespace BarThemeMaterial {, .trellis/spec/native-desktop/configuration-i18n-and-assets.md@, .trellis/tasks/09-10-bar-light-theme/check.jsonl@, .trellis/tasks/09-10-bar-light-theme/check.jsonl@; lines=+- 主题目标只来自 `Experimental.Inkeys3.UI3.ThemeMode`：`1` 为 Dark、`2` 为 Light，其余值归一到 Dar | +## UI3 Bar 深浅主题配置合同 | +持久化路径为 `Experimental.Inkeys3.UI3.ThemeMode`，类型为整数，默认值 `1`。`ThemeModeDark=1`、`The; product=Inkeys/IdtI18nKeys.g.h@inline constexpr struct I18nKeyRoot, Inkeys/IdtMain.cpp@int WINAPI wWinMain(HINSTANCE hInstance, HINSTANCE /*hPrevInstance*/, LPWSTR lpC, Inkeys/IdtMain.cpp@int WINAPI wWinMain(HINSTANCE hInstance, HINSTANCE /*hPrevInstance*/, LPWSTR lpC, Inkeys/Inkeys/Other/Other.Config.cppm@export namespace Inkeys; add=const char* Dark = ""SettingsUI/Regular/Appearance/Theme/Dark""; | const char* Light = ""SettingsUI/Regular/Appearance/Theme/Light""; | const int themeMode = Inkeys::NormalizeThemeMode("	逐父补丁读取；分支静态契约/差异归类	H0 不含该提交差异；所属 refs: origin/theme theme；分支路径: Inkeys/IdtI18nKeys.g.h, Inkeys/IdtMain.cpp, Inkeys/Inkeys/Other/Other.Config.cppm, Inkeys/Inkeys/UI/Bar/Bar.Initialization.cpp	不适用（H0 未合入；合入前需按目标基线复审）		仅静态；未运行该分支	feat: add configurable bar theme selection
7585f05e027dd73cf018cc0a6c15dec63216b695	0606cbe029cb3c5709861a9c03791415d0ca5626	2026-09-11T14:38:04+08:00	2026-09-11T14:38:04+08:00	origin/theme theme	no	unmerged recent	code+project	.trellis/spec/native-desktop, .trellis/tasks/archive, .trellis/workspace/codex, Inkeys/Inkeys.vcxproj, Inkeys/Inkeys.vcxproj.filters, Inkeys/Inkeys/UI, Inkeys/src/UI, InkeysHeadlessTests/InkeysHeadlessTests.vcxproj, InkeysHeadlessTests/animation_tests.cpp, InkeysHeadlessTests/bar_logo_tests.cpp	"p1:0b7bd41ddb2d/72146; files=27 +873/-94; hunks=.trellis/spec/native-desktop/bar-theme-material.md@namespace BarThemeMaterial {, .trellis/spec/native-desktop/bar-theme-material.md@namespace BarThemeMaterial {, .trellis/spec/native-desktop/bar-theme-material.md@namespace BarThemeMaterial {, .trellis/spec/native-desktop/bar-theme-material.md@namespace BarThemeMaterial {; lines=+主按钮外观使用 `Bar.LogoAppearance.h` 中的 `BarLogoAppearance::Snapshot`、`Resolve(lightWe | +- 原始笔 RGB 永远只作为输入。仅 `IdtPen || IdtShape` 启用颜色指示，Selection/Eraser 等状态收回到对应默认中性色，不 | +- 主按钮只使用一个稳定 `logo1` SVG 实例。它包含原中性笔/屏幕、4478887c 的 Frame94 渐变/笔尖/高光路径及浅色整体轮廓，通过内部; product=Inkeys/Inkeys.vcxproj@, Inkeys/Inkeys/UI/Bar/Bar.Initialization.cpp@, Inkeys/Inkeys/UI/Bar/Bar.Initialization.cpp@namespace Inkeys::UI::Bar, Inkeys/Inkeys/UI/Bar/Bar.Initialization.cpp@namespace Inkeys::UI::Bar; add=<ClInclude Include=""Inkeys\UI\Bar\Bar.LogoAppearance.h"" /> | svg->mainLogoAppearance = BarLogoAppearance::Resolve(0.0, 0.0, 0); | namespace BarLogoAppearance"	逐父补丁读取；分支静态契约/差异归类	H0 不含该提交差异；所属 refs: origin/theme theme；分支路径: Inkeys/Inkeys.vcxproj, Inkeys/Inkeys/UI/Bar/Bar.Initialization.cpp, Inkeys/Inkeys/UI/Bar/Bar.LogoAppearance.h, Inkeys/Inkeys/UI/Bar/Bar.Main.cppm	不适用（H0 未合入；合入前需按目标基线复审）		仅静态；未运行该分支	chore: refine bar logo color transition and state logic
0606cbe029cb3c5709861a9c03791415d0ca5626	4478887cbafe5aaad2a23d76ca5a5490f1c1e655	2026-09-11T13:02:51+08:00	2026-09-11T13:02:51+08:00	origin/theme theme	no	unmerged recent	code+project	.trellis/spec/native-desktop, .trellis/tasks/archive, .trellis/workspace/codex, Inkeys/Inkeys.vcxproj, Inkeys/Inkeys.vcxproj.filters, Inkeys/Inkeys/UI, Inkeys/src/UI, InkeysHeadlessTests/InkeysHeadlessTests.vcxproj, InkeysHeadlessTests/animation_tests.cpp, InkeysHeadlessTests/bar_theme_tests.cpp	"p1:ee7958086ae7/128215; files=35 +1552/-228; hunks=.trellis/spec/native-desktop/bar-theme-material.md@, .trellis/spec/native-desktop/index.md@, .trellis/tasks/archive/2026-09/09-10-bar-light-theme/check.jsonl@, .trellis/tasks/archive/2026-09/09-10-bar-light-theme/design.md@; lines=+# UI3 Bar 主题与连续材质 | +## 1. Scope / Trigger | +修改 Bar 深浅色、主按钮收展材质、Logo 颜色、PointLight、静态阴影或相关 dirty/viewport 范围时适用。普通图标仅重新配色，主按钮; product=Inkeys/Inkeys.vcxproj@, Inkeys/Inkeys/UI/Bar/Bar.Button.cpp@void BarButtonSetClass::PresetInitialization(), Inkeys/Inkeys/UI/Bar/Bar.Button.cpp@void BarButtonSetClass::PresetInitialization(), Inkeys/Inkeys/UI/Bar/Bar.Button.cpp@void BarButtonSetClass::RegisterBuiltInComponents(); add=<ClInclude Include=""Inkeys\UI\Bar\Bar.ThemeMaterial.h"" /> | const COLORREF defaultIconColor = GetThemeColor(BarThemeColorEnum::IconPrimary); | const COLORREF dividerColor = GetThemeColor(BarThemeColorEnum::Divider);"	逐父补丁读取；分支静态契约/差异归类	H0 不含该提交差异；所属 refs: origin/theme theme；分支路径: Inkeys/Inkeys.vcxproj, Inkeys/Inkeys/UI/Bar/Bar.Button.cpp, Inkeys/Inkeys/UI/Bar/Bar.Initialization.cpp, Inkeys/Inkeys/UI/Bar/Bar.Interaction.cpp	不适用（H0 未合入；合入前需按目标基线复审）		仅静态；未运行该分支	feat: add light bar theme and animated floating material
3df5647cc94dabb9074117c7a5388438b8f2d819	9ef709dfb0d6f46b7cd828a4d43482ef9e88f8d1	2026-09-09T09:19:26+08:00	2026-09-09T09:19:26+08:00	fluent origin/fluent	no	unmerged recent	code	.trellis/spec/native-desktop, .trellis/tasks/09-06-setting-winui3-design-rebuild, .trellis/workspace/AlanCRL, Inkeys/Inkeys/UI, Inkeys/Inkeys/Window, InkeysHeadlessTests/setting_session_state_tests.cpp, InkeysHeadlessTests/window_tests.cpp	p1:5330efe5c3b6/43919; files=17 +440/-28; hunks=.trellis/spec/native-desktop/rendering-and-ui.md@SIZE Window::QuerySettingFrameThickness(UINT dpi = 0) noexcept;, .trellis/spec/native-desktop/rendering-and-ui.md@WindowFrameHit HitTestWindowFrame(const WindowFrameRect& outer, const , .trellis/spec/native-desktop/rendering-and-ui.md@Graphics::DibSurface::pixels() -> std::span<std::uint32_t>;, .trellis/spec/native-desktop/rendering-and-ui.md@Graphics::DibSurface::pixels() -> std::span<std::uint32_t>;; lines=+RECT Window::QuerySettingClientFrameInsets(HWND hwnd = nullptr, bool maximized = | +int x, int y, bool maximized, int topResizePixels = 0, | +bool protectClientControl = false) noexcept;; product=Inkeys/Inkeys/UI/Setting/Setting.Layout.h@namespace Inkeys::UI::Setting, Inkeys/Inkeys/UI/Setting/Setting.Layout.h@namespace Inkeys::UI::Setting, Inkeys/Inkeys/UI/Setting/Setting.Layout.h@namespace Inkeys::UI::Setting, Inkeys/Inkeys/UI/Setting/Setting.Layout.h@namespace Inkeys::UI::Setting; add=[[nodiscard]] inline WindowFrameInsets ResolveVisibleWindowFrameInsets( | WindowFrameInsets sizingFrame, bool maximized, bool compositionEnabled, | int visibleBorderPixels) noexcept	逐父补丁读取；分支静态契约/差异归类	H0 不含该提交差异；所属 refs: fluent origin/fluent；分支路径: Inkeys/Inkeys/UI/Setting/Setting.Layout.h, Inkeys/Inkeys/UI/Setting/Setting.cpp, Inkeys/Inkeys/Window/Window.cpp, Inkeys/Inkeys/Window/Window.cppm	不适用（H0 未合入；合入前需按目标基线复审）		仅静态；未运行该分支	fix(ui): reduce options window top border thickness
9ef709dfb0d6f46b7cd828a4d43482ef9e88f8d1	89770357908029daf0ec84e5e67bc1df0e384b3f	2026-09-07T18:07:04+08:00	2026-09-07T18:07:04+08:00	fluent origin/fluent	no	unmerged recent	code	.trellis/spec/native-desktop, .trellis/tasks/09-06-setting-winui3-design-rebuild, .trellis/workspace/AlanCRL, Inkeys/IdtConfiguration.cpp, Inkeys/IdtConfiguration.h, Inkeys/IdtI18nKeys.g.h, Inkeys/Inkeys/UI, Inkeys/Inkeys/Window, Inkeys/src/i18n, InkeysHeadlessTests/setting_design_tests.cpp, InkeysHeadlessTests/setting_session_state_tests.cpp, InkeysHeadlessTests/window_tests.cpp	"p1:76dfb88e2acf/117640; files=33 +1196/-284; hunks=.trellis/spec/native-desktop/configuration-i18n-and-assets.md@SetDebugOptions(config.Debug.Enable, config.Debug.ShowFrameRate);, .trellis/spec/native-desktop/rendering-and-ui.md@BackdropMode ResolveBackdropMode(bool systemBackdrop, bool legacyMica,, .trellis/spec/native-desktop/rendering-and-ui.md@BackdropMode ResolveBackdropMode(bool systemBackdrop, bool legacyMica,, .trellis/spec/native-desktop/rendering-and-ui.md@BackdropMode ResolveBackdropMode(bool systemBackdrop, bool legacyMica,; lines=+## Setting 主题偏好 | +`【直接确认】` `SetListStruct::settingDarkMode` 与 SettingGlobalScale 位于同一旧配置路径，映射 `opt | +- Setting 主题由 `ResolveThemeMode(bool settingDarkMode)` 解析独立偏好；默认 Light，显式 true 使; product=Inkeys/IdtConfiguration.cpp@bool ReadSetting(), Inkeys/IdtConfiguration.cpp@string CaptureSettingJson(), Inkeys/IdtConfiguration.h@struct SetListStruct, Inkeys/IdtI18nKeys.g.h@inline constexpr struct I18nKeyRoot; add=setlist.settingDarkMode = setlistVal.isMember(""SettingDarkMode"") | && setlistVal[""SettingDarkMode""].isBool() && setlistVal[""SettingDarkMode""].asBool(); | setlistVal[""SettingDarkMode""] = Json::Value(setlist.settingDarkMode);"	逐父补丁读取；分支静态契约/差异归类	H0 不含该提交差异；所属 refs: fluent origin/fluent；分支路径: Inkeys/IdtConfiguration.cpp, Inkeys/IdtConfiguration.h, Inkeys/IdtI18nKeys.g.h, Inkeys/Inkeys/UI/Setting/Setting.Controls.cpp	不适用（H0 未合入；合入前需按目标基线复审）		仅静态；未运行该分支	feat(ui): add live settings theme switching and fix window frame
89770357908029daf0ec84e5e67bc1df0e384b3f	0ffd0341665f31b44f31386db46b6c9dd8f9daa6	2026-09-07T14:04:48+08:00	2026-09-07T14:04:48+08:00	fluent origin/fluent	no	unmerged recent	code	.trellis/spec/native-desktop, .trellis/tasks/09-06-setting-winui3-design-rebuild, .trellis/workspace/AlanCRL, Inkeys/Inkeys/UI, Inkeys/additional/imfluent, InkeysHeadlessTests/setting_design_tests.cpp	"p1:870eb13489d8/195627; files=42 +2209/-616 binary; hunks=.trellis/spec/native-desktop/rendering-and-ui.md@BackdropMode ResolveBackdropMode(bool systemBackdrop, bool legacyMica,, .trellis/spec/native-desktop/rendering-and-ui.md@BackdropMode ResolveBackdropMode(bool systemBackdrop, bool legacyMica,, .trellis/spec/native-desktop/rendering-and-ui.md@Bar、PPT 与 Setting 共享 RenderPipeline device epoch 和调度线程；Bar/P, .trellis/spec/native-desktop/rendering-and-ui.md@Bar、PPT 与 Setting 共享 RenderPipeline device epoch 和调度线程；Bar/P; lines=+- `effectiveScale = systemDpiScale * settingUserScale`，其中用户倍率限制为 `[1.0, 2.0]`。系统 | +- Setting 新壳层由 `Setting.Design.h` 统一计算 pane/content 几何，`Setting.Shell.cpp` 组合 Im | +- 业务输入控件继续使用 ImFluent。全部实际设置页使用 `Setting.Controls` 的显式测量/排列/行框和 ImFluent 输入控件；Ho; product=Inkeys/Inkeys/UI/Setting/Setting.Controls.cpp@namespace Inkeys::UI::Setting::Design, Inkeys/Inkeys/UI/Setting/Setting.Controls.cpp@namespace Inkeys::UI::Setting::Design, Inkeys/Inkeys/UI/Setting/Setting.Controls.cpp@namespace Inkeys::UI::Setting::Design, Inkeys/Inkeys/UI/Setting/Setting.Controls.cpp@namespace Inkeys::UI::Setting::Design; add=std::string stateOn = ""On""; | std::string stateOff = ""Off""; | class ControlFontScope"	逐父补丁读取；分支静态契约/差异归类	H0 不含该提交差异；所属 refs: fluent origin/fluent；分支路径: Inkeys/Inkeys/UI/Setting/Setting.Controls.cpp, Inkeys/Inkeys/UI/Setting/Setting.Controls.h, Inkeys/Inkeys/UI/Setting/Setting.Design.h, Inkeys/Inkeys/UI/Setting/Setting.Pages.cpp	不适用（H0 未合入；合入前需按目标基线复审）		仅静态；未运行该分支	feat(ui): unify all settings pages with WinUI styling
0ffd0341665f31b44f31386db46b6c9dd8f9daa6	b67c4f9cd27151f3ae8490e89ed7b887d80b3fa8	2026-09-06T22:42:33+08:00	2026-09-06T22:42:33+08:00	fluent origin/fluent	no	unmerged recent	code+project	.trellis/spec/native-desktop, .trellis/tasks/09-06-setting-winui3-design-rebuild, .trellis/workspace/AlanCRL, Inkeys/IdtI18nKeys.g.h, Inkeys/Inkeys.vcxproj, Inkeys/Inkeys.vcxproj.filters, Inkeys/Inkeys/UI, Inkeys/additional/imfluent, Inkeys/src/i18n, InkeysHeadlessTests/InkeysHeadlessTests.vcxproj, InkeysHeadlessTests/animation_tests.cpp, InkeysHeadlessTests/setting_design_tests.cpp	"p1:25bed4bd17ba/252722; files=51 +3249/-375 binary; hunks=.trellis/spec/native-desktop/rendering-and-ui.md@BackdropMode ResolveBackdropMode(bool systemBackdrop, bool legacyMica,, .trellis/spec/native-desktop/rendering-and-ui.md@BackdropMode ResolveBackdropMode(bool systemBackdrop, bool legacyMica,, .trellis/spec/native-desktop/rendering-and-ui.md@Bar、PPT 与 Setting 共享 RenderPipeline device epoch 和调度线程；Bar/P, .trellis/tasks/09-06-setting-winui3-design-rebuild/check.jsonl@; lines=+- `effectiveScale = systemDpiScale * settingUserScale`，其中用户倍率限制为 `[1.0, 2.0]`。系统 | +- Setting 首批新壳层由 `Setting.Design.h` 统一计算 pane/content 几何，`Setting.Shell.cpp` 组合  | +- 业务输入控件继续使用 ImFluent。首批 Home/General 使用 `Setting.Controls` 的显式测量/排列/行框和 ImFluen; product=Inkeys/IdtI18nKeys.g.h@inline constexpr struct I18nKeyRoot, Inkeys/Inkeys.vcxproj@, Inkeys/Inkeys.vcxproj@, Inkeys/Inkeys/UI/Setting/Setting.Base.cppm@ImFont* ImFontStrong = nullptr;; add=struct Node__SettingsUI__Design | const char* NavigationTitle = ""SettingsUI/Design/NavigationTitle""; | const char* Preferences = ""SettingsUI/Design/Preferences"";"	逐父补丁读取；分支静态契约/差异归类	H0 不含该提交差异；所属 refs: fluent origin/fluent；分支路径: Inkeys/IdtI18nKeys.g.h, Inkeys/Inkeys.vcxproj, Inkeys/Inkeys/UI/Setting/Setting.Base.cppm, Inkeys/Inkeys/UI/Setting/Setting.Controls.cpp	不适用（H0 未合入；合入前需按目标基线复审）		仅静态；未运行该分支	feat(ui): rebuild settings navigation home and general page
b67c4f9cd27151f3ae8490e89ed7b887d80b3fa8	9684f90af521b1255451ae730e796f7516c6b717	2026-09-06T20:50:41+08:00	2026-09-06T20:50:41+08:00	fluent origin/fluent	no	unmerged recent	mixed	.gitignore, .trellis/.template-hashes.json	p1:ccd3092660b0/21487; files=2 +4/-166; hunks=.gitignore@, .gitignore@, .trellis/.template-hashes.json@; lines=+# Trellis machine-local state | +/.trellis/.template-hashes.json | +/.claude/; product=none	逐父补丁读取；分支静态契约/差异归类	H0 不含该提交差异；所属 refs: fluent origin/fluent；分支路径: 	不适用（H0 未合入；合入前需按目标基线复审）		仅静态；未运行该分支	chore: keep Trellis platform integrations local
9684f90af521b1255451ae730e796f7516c6b717	3fd84e2c8860a87a548e49fdfaa646983da80b08	2026-09-06T16:02:54+08:00	2026-09-06T16:02:54+08:00	fluent origin/fluent	no	unmerged recent	code	.trellis/spec/native-desktop, .trellis/tasks/08-13-setting-fluent2-responsive-ui, Inkeys/Inkeys/Drawing, Inkeys/Inkeys/UI, InkeysHeadlessTests/setting_session_state_tests.cpp	p1:65463fccec3d/14760; files=11 +203/-4 binary; hunks=.trellis/spec/native-desktop/rendering-and-ui.md@FrameResult RenderSettingFrame(const FrameContext&);, .trellis/spec/native-desktop/rendering-and-ui.md@FrameResult RenderSettingFrame(const FrameContext&);, .trellis/spec/native-desktop/rendering-and-ui.md@FrameResult RenderSettingFrame(const FrameContext&);, .trellis/spec/native-desktop/rendering-and-ui.md@FrameResult RenderSettingFrame(const FrameContext&);; lines=+BackdropMode ResolveBackdropMode(bool systemBackdrop, bool legacyMica, bool acry | +- Setting 背景能力顺序固定为 Win11 `DWMWA_SYSTEMBACKDROP_TYPE/DWMSBT_MAINWINDOW`、旧 Win11  | +- 只有实际启用 Mica/Acrylic 后，才把 ImFluent `SolidBgBase`、ImGui `WindowBg` 与 D3D clear a; product=Inkeys/Inkeys/UI/Setting/Setting.Theme.h@namespace Inkeys::UI::Setting, Inkeys/Inkeys/UI/Setting/Setting.Theme.h@namespace Inkeys::UI::Setting, Inkeys/Inkeys/UI/Setting/Setting.cpp@namespace, Inkeys/Inkeys/UI/Setting/Setting.cpp@namespace; add=enum class BackdropMode | Solid, | Mica,	逐父补丁读取；分支静态契约/差异归类	H0 不含该提交差异；所属 refs: fluent origin/fluent；分支路径: Inkeys/Inkeys/UI/Setting/Setting.Theme.h, Inkeys/Inkeys/UI/Setting/Setting.cpp, InkeysHeadlessTests/setting_session_state_tests.cpp	不适用（H0 未合入；合入前需按目标基线复审）		仅静态；未运行该分支	chore: temporary WIP commit to clean workspace
3fd84e2c8860a87a548e49fdfaa646983da80b08	5a237ddfa1b180922dcfc36e721f63a61b7468af	2026-08-16T12:56:03+08:00	2026-08-16T12:56:03+08:00	fluent origin/fluent	no	unmerged recent	docs	.trellis/workspace/AlanCRL	p1:db691f846b21/1340; files=2 +25/-3; hunks=.trellis/workspace/AlanCRL/index.md@, .trellis/workspace/AlanCRL/index.md@, .trellis/workspace/AlanCRL/index.md@, .trellis/workspace/AlanCRL/journal-1.md@Completed dynamic Bar viewport, thickness popup reservations, direct d; lines=+- **Total Sessions**: 27 | +- **Last Active**: 2026-08-16 | +| `journal-1.md` | ~693 | Active |; product=none	逐父补丁读取；分支静态契约/差异归类	H0 不含该提交差异；所属 refs: fluent origin/fluent；分支路径: 	不适用（H0 未合入；合入前需按目标基线复审）		仅静态；未运行该分支	chore: record journal
5a237ddfa1b180922dcfc36e721f63a61b7468af	717b22c44cad5d239e0ad10254054264b1275320	2026-08-16T12:55:32+08:00	2026-08-16T12:55:32+08:00	fluent origin/fluent	no	unmerged recent	code	.trellis/spec/native-desktop, .trellis/tasks/08-13-setting-fluent2-responsive-ui, Inkeys/IdtMain.cpp, Inkeys/Inkeys/UI, Inkeys/Inkeys/Window, InkeysHeadlessTests/setting_session_state_tests.cpp, InkeysHeadlessTests/window_tests.cpp	p1:18e3d2a8dab8/48567; files=12 +429/-291; hunks=.trellis/spec/native-desktop/rendering-and-ui.md@FrameResult RenderSettingFrame(const FrameContext&);, .trellis/spec/native-desktop/rendering-and-ui.md@FrameResult RenderSettingFrame(const FrameContext&);, .trellis/spec/native-desktop/rendering-and-ui.md@FrameResult RenderSettingFrame(const FrameContext&);, .trellis/spec/native-desktop/rendering-and-ui.md@Graphics::DibSurface::pixels() -> std::span<std::uint32_t>;; lines=+- 当前浅色视觉调整阶段，Setting 的主题解析必须对 Windows 浅色、暗色和高对比输入统一返回 ImFluent Light preset。主题消息 | +| Windows 明暗或高对比状态变化 | 可重应用 resident style，但结果仍为 ImFluent Light preset | | +- Headless 覆盖初始化隐藏常驻、Show 创建 presentation、Hide 仅释放 presentation、隐藏/显示 epoch 重建、失; product=Inkeys/IdtMain.cpp@int WINAPI wWinMain(HINSTANCE /*hInstance*/, HINSTANCE /*hPrevInstance*/, LPWSTR, Inkeys/Inkeys/UI/Setting/Setting.SessionState.h@namespace Inkeys::UI::Setting, Inkeys/Inkeys/UI/Setting/Setting.Theme.h@namespace Inkeys::UI::Setting, Inkeys/Inkeys/UI/Setting/Setting.Theme.h@namespace Inkeys::UI::Setting; add=settingSpec.style = Inkeys::Window::SettingWindowStyle; | settingSpec.exStyle = Inkeys::Window::SettingWindowExStyle; | enum class InteractiveWindowOperation : std::uint8_t	逐父补丁读取；分支静态契约/差异归类	H0 不含该提交差异；所属 refs: fluent origin/fluent；分支路径: Inkeys/IdtMain.cpp, Inkeys/Inkeys/UI/Setting/Setting.SessionState.h, Inkeys/Inkeys/UI/Setting/Setting.Theme.h, Inkeys/Inkeys/UI/Setting/Setting.cpp	不适用（H0 未合入；合入前需按目标基线复审）		仅静态；未运行该分支	feat(ui): refine settings frame and lock light theme
717b22c44cad5d239e0ad10254054264b1275320	225575d2ab27adcfcbedc61b05fcc531724b93ab	2026-08-14T21:45:17+08:00	2026-08-14T21:45:17+08:00	fluent origin/fluent	no	unmerged recent	code	.trellis/spec/native-desktop, .trellis/tasks/08-13-setting-fluent2-responsive-ui, Inkeys/Inkeys/UI	p1:b37f75e4d237/18849; files=6 +190/-36; hunks=.trellis/spec/native-desktop/rendering-and-ui.md@Graphics::DibSurface::pixels() -> std::span<std::uint32_t>;, .trellis/spec/native-desktop/rendering-and-ui.md@Graphics::DibSurface::pixels() -> std::span<std::uint32_t>;, .trellis/tasks/08-13-setting-fluent2-responsive-ui/design.md@HWND 延续 Window Service 单次创建。窗口使用可缩放顶层样式和 c, .trellis/tasks/08-13-setting-fluent2-responsive-ui/implement.md@; lines=+- Setting 使用单一 client-area caption ownership，且不以 DWM composition 为启用条件：ImGui/ImF | +- 标题栏渲染与命中必须共用 `ResolveTitleBarGeometry`：`WM_NCHITTEST` 先返回八方向 resize hit，再依次解析  | +| DWM composition 可用 | 只允许零 margins 重置历史扩展；设置默认 border color/non-client renderin; product=Inkeys/Inkeys/UI/Setting/Setting.Layout.h@namespace Inkeys::UI::Setting, Inkeys/Inkeys/UI/Setting/Setting.Layout.h@namespace Inkeys::UI::Setting, Inkeys/Inkeys/UI/Setting/Setting.Layout.h@namespace Inkeys::UI::Setting, Inkeys/Inkeys/UI/Setting/Setting.cpp@namespace; add=inline constexpr float TitleBarCaptionButtonWidthDip = 46.0F; | inline constexpr float TitleBarCaptionGlyphSizeDip = 10.0F; | inline constexpr float TitleBarContentSpacingDip = 16.0F;	逐父补丁读取；分支静态契约/差异归类	H0 不含该提交差异；所属 refs: fluent origin/fluent；分支路径: Inkeys/Inkeys/UI/Setting/Setting.Layout.h, Inkeys/Inkeys/UI/Setting/Setting.cpp	不适用（H0 未合入；合入前需按目标基线复审）		仅静态；未运行该分支	fix(ui): refine client-drawn Settings chrome
225575d2ab27adcfcbedc61b05fcc531724b93ab	50f630dff23fc2ba1c81bd72382f0394f56396f8	2026-08-14T20:41:09+08:00	2026-08-14T20:41:09+08:00	fluent origin/fluent	no	unmerged recent	code	.trellis/spec/native-desktop, Inkeys/Inkeys/UI, Inkeys/Inkeys/Window, Inkeys/PptCOM.dll, InkeysHeadlessTests/setting_session_state_tests.cpp	p1:0933d7d044c4/25896; files=6 +397/-72 binary; hunks=.trellis/spec/native-desktop/rendering-and-ui.md@Graphics::DibSurface::pixels() -> std::span<std::uint32_t>;, .trellis/spec/native-desktop/rendering-and-ui.md@Graphics::DibSurface::pixels() -> std::span<std::uint32_t>;, .trellis/spec/native-desktop/rendering-and-ui.md@Graphics::DibSurface::pixels() -> std::span<std::uint32_t>;, Inkeys/Inkeys/UI/Setting/Setting.Layout.h@namespace Inkeys::UI::Setting; lines=+- Setting owner 必须为 null，style 固定为 `WS_OVERLAPPEDWINDOW | WS_CLIPCHILDREN`；ex-st | +- Setting 使用单一 client-area caption ownership：ImGui/ImFluent 绘制 32 DIP 标题栏、16 DIP | +- 标题栏渲染与命中必须共用 `ResolveTitleBarGeometry`：`WM_NCHITTEST` 先返回八方向 resize hit，再依次解析 ; product=Inkeys/Inkeys/UI/Setting/Setting.Layout.h@namespace Inkeys::UI::Setting, Inkeys/Inkeys/UI/Setting/Setting.Layout.h@namespace Inkeys::UI::Setting, Inkeys/Inkeys/UI/Setting/Setting.Layout.h@namespace Inkeys::UI::Setting, Inkeys/Inkeys/UI/Setting/Setting.cpp@namespace; add=inline constexpr float TitleBarHeightDip = 32.0F; | inline constexpr float TitleBarIconSizeDip = 16.0F; | inline constexpr float TitleBarHorizontalInsetDip = 16.0F;	逐父补丁读取；分支静态契约/差异归类	H0 不含该提交差异；所属 refs: fluent origin/fluent；分支路径: Inkeys/Inkeys/UI/Setting/Setting.Layout.h, Inkeys/Inkeys/UI/Setting/Setting.cpp, Inkeys/Inkeys/Window/Window.cpp, InkeysHeadlessTests/setting_session_state_tests.cpp	不适用（H0 未合入；合入前需按目标基线复审）		仅静态；未运行该分支	Implement client-drawn Setting title bar
50f630dff23fc2ba1c81bd72382f0394f56396f8	829283302192f099c1f6b1567b3d97e1a6c3f540	2026-08-14T16:21:17+08:00	2026-08-14T16:21:17+08:00	fluent origin/fluent	no	unmerged recent	code	Inkeys/Inkeys/UI, Inkeys/Inkeys/Window, InkeysHeadlessTests/window_tests.cpp	p1:40ab33a428cf/14856; files=4 +198/-75; hunks=Inkeys/Inkeys/UI/Setting/Setting.Layout.h@namespace Inkeys::UI::Setting, Inkeys/Inkeys/UI/Setting/Setting.cpp@namespace, Inkeys/Inkeys/UI/Setting/Setting.cpp@namespace, Inkeys/Inkeys/UI/Setting/Setting.cpp@namespace; lines=+atomic<bool> settingDwmFrameEnabled = false; | +[[nodiscard]] int QuerySettingSystemMetric(HWND hwnd, int metric) noexcept | +{; product=Inkeys/Inkeys/UI/Setting/Setting.Layout.h@namespace Inkeys::UI::Setting, Inkeys/Inkeys/UI/Setting/Setting.cpp@namespace, Inkeys/Inkeys/UI/Setting/Setting.cpp@namespace, Inkeys/Inkeys/UI/Setting/Setting.cpp@namespace; add=atomic<bool> settingDwmFrameEnabled = false; | [[nodiscard]] int QuerySettingSystemMetric(HWND hwnd, int metric) noexcept | using GetSystemMetricsForDpiProc = int(WINAPI*)(int, UINT);	逐父补丁读取；分支静态契约/差异归类	H0 不含该提交差异；所属 refs: fluent origin/fluent；分支路径: Inkeys/Inkeys/UI/Setting/Setting.Layout.h, Inkeys/Inkeys/UI/Setting/Setting.cpp, Inkeys/Inkeys/Window/Window.cpp, InkeysHeadlessTests/window_tests.cpp	不适用（H0 未合入；合入前需按目标基线复审）		仅静态；未运行该分支	feat(ui): rebuild Settings window chrome
829283302192f099c1f6b1567b3d97e1a6c3f540	a7f2297061a56cefb3c8bf24fd2368f601101cb8	2026-08-14T14:49:10+08:00	2026-08-14T14:49:10+08:00	fluent origin/fluent	no	unmerged recent	code	Inkeys/Inkeys/UI, InkeysHeadlessTests/setting_session_state_tests.cpp	p1:963904797fd8/73108; files=6 +490/-697; hunks=Inkeys/Inkeys/UI/Setting/Setting.Base.cppm@ImFont* ImFontMain = nullptr;, Inkeys/Inkeys/UI/Setting/Setting.Base.cppm@void CleanupSettingTextures(), Inkeys/Inkeys/UI/Setting/Setting.Layout.h@namespace Inkeys::UI::Setting, Inkeys/Inkeys/UI/Setting/Setting.Layout.h@namespace Inkeys::UI::Setting; lines=+ImFont* ImFontStrong = nullptr; | +inline constexpr float TitleBarToggleHitWidthDip = 52.0F; | +inline constexpr float PageMaximumWidthDip = 920.0F;; product=Inkeys/Inkeys/UI/Setting/Setting.Base.cppm@ImFont* ImFontMain = nullptr;, Inkeys/Inkeys/UI/Setting/Setting.Base.cppm@void CleanupSettingTextures(), Inkeys/Inkeys/UI/Setting/Setting.Layout.h@namespace Inkeys::UI::Setting, Inkeys/Inkeys/UI/Setting/Setting.Layout.h@namespace Inkeys::UI::Setting; add=ImFont* ImFontStrong = nullptr; | inline constexpr float TitleBarToggleHitWidthDip = 52.0F; | inline constexpr float PageMaximumWidthDip = 920.0F;	逐父补丁读取；分支静态契约/差异归类	H0 不含该提交差异；所属 refs: fluent origin/fluent；分支路径: Inkeys/Inkeys/UI/Setting/Setting.Base.cppm, Inkeys/Inkeys/UI/Setting/Setting.Layout.h, Inkeys/Inkeys/UI/Setting/Setting.Widgets.cpp, Inkeys/Inkeys/UI/Setting/Setting.Widgets.cppm	不适用（H0 未合入；合入前需按目标基线复审）		仅静态；未运行该分支	feat(ui): finish Fluent2 settings migration
a7f2297061a56cefb3c8bf24fd2368f601101cb8	791058df19e623a7629dd1836f65d9b9132d6f07	2026-08-14T10:23:57+08:00	2026-08-14T10:23:57+08:00	fluent origin/fluent	no	unmerged recent	code+project	.trellis/spec/native-desktop, .trellis/tasks/08-13-setting-fluent2-responsive-ui, Inkeys/Inkeys.vcxproj, Inkeys/Inkeys.vcxproj.filters, Inkeys/Inkeys/UI	p1:2761e77716f5/509387; files=10 +1800/-7508; hunks=.trellis/spec/native-desktop/rendering-and-ui.md@FrameResult RenderSettingFrame(const FrameContext&);, .trellis/spec/native-desktop/rendering-and-ui.md@FrameResult RenderSettingFrame(const FrameContext&);, .trellis/tasks/08-13-setting-fluent2-responsive-ui/design.md@HWND 延续 Window Service 单次创建。窗口使用可缩放顶层样式和 c, .trellis/tasks/08-13-setting-fluent2-responsive-ui/implement.md@; lines=+- Setting 页面壳层使用 ImFluent 标准组合：桌面模式的 `BeginNavigationView/EndNavigationView` 必须与 | +- 业务页面优先直接使用 ImFluent 的 SettingsCard、ToggleSwitch、ComboBox、Slider、Button、InfoBar | +- Setting 页面样式迁移需静态审计导航/content、SplitView、Card/SettingsCard、ScrollView/WrapPanel; product=Inkeys/Inkeys.vcxproj@, Inkeys/Inkeys.vcxproj@, Inkeys/Inkeys/UI/Setting/Setting.Widgets.cpp@namespace Widgets, Inkeys/Inkeys/UI/Setting/Setting.Widgets.cpp@namespace Widgets; add=bool ComboClass::Select(const char* label, int* currentItem, const vector<string>& items) const | if (!currentItem || items.empty()) return false; | vector<const char*> itemViews;	逐父补丁读取；分支静态契约/差异归类	H0 不含该提交差异；所属 refs: fluent origin/fluent；分支路径: Inkeys/Inkeys.vcxproj, Inkeys/Inkeys/UI/Setting/Setting.Widgets.cpp, Inkeys/Inkeys/UI/Setting/Setting.Widgets.cppm, Inkeys/Inkeys/UI/Setting/Setting.Wrap.h	不适用（H0 未合入；合入前需按目标基线复审）		仅静态；未运行该分支	feat(ui): complete Fluent2 settings page styling
791058df19e623a7629dd1836f65d9b9132d6f07	14a77927fe10bb8aa20631e6d8bc9772d2d2269c	2026-08-14T08:07:22+08:00	2026-08-14T08:07:22+08:00	fluent origin/fluent	no	unmerged recent	code+project	.trellis/spec/native-desktop, .trellis/tasks/08-13-setting-fluent2-responsive-ui, Inkeys/IdtMain.cpp, Inkeys/Inkeys.rc, Inkeys/Inkeys.vcxproj, Inkeys/Inkeys.vcxproj.filters, Inkeys/Inkeys/UI, Inkeys/Inkeys/Window, Inkeys/additional/imfluent, InkeysHeadlessTests/setting_session_state_tests.cpp, InkeysHeadlessTests/window_tests.cpp	"p1:a0ce2a19115d/560905; files=28 +10768/-796; hunks=.trellis/spec/native-desktop/rendering-and-ui.md@, .trellis/spec/native-desktop/rendering-and-ui.md@, .trellis/spec/native-desktop/rendering-and-ui.md@shape.frameCursorLightIntensityScale = buttonIntensity;, .trellis/spec/native-desktop/rendering-and-ui.md@FrameResult RenderSettingFrame(const FrameContext&);; lines=+| 设置窗口 | `【直接确认】` 当前主工程编译的唯一 ImGui renderer 是 DX11 | Dear ImGui Win32 + ImFluent | +- Setting 借用同一 D3D11 device/immediate context；ImGui context、Win32/DX11 backend、字 | +- `Setting.cpp` 的持久协程 session 在渲染线程建立 ImGui context、Win32/DX11 backend、字体图集和图片 S; product=Inkeys/IdtMain.cpp@int WINAPI wWinMain(HINSTANCE /*hInstance*/, HINSTANCE /*hPrevInstance*/, LPWSTR, Inkeys/IdtMain.cpp@int WINAPI wWinMain(HINSTANCE /*hInstance*/, HINSTANCE /*hPrevInstance*/, LPWSTR, Inkeys/Inkeys.rc@PROFILE_PICTURE         PNG                     ""src\\setting\\Profile_Picture.p, Inkeys/Inkeys.vcxproj@; add=setlist.settingGlobalScale = 1.0F; | settingSpec.style = WS_POPUP | WS_CLIPCHILDREN | WS_THICKFRAME | | WS_MINIMIZEBOX | WS_MAXIMIZEBOX | WS_SYSMENU;"	逐父补丁读取；分支静态契约/差异归类	H0 不含该提交差异；所属 refs: fluent origin/fluent；分支路径: Inkeys/IdtMain.cpp, Inkeys/Inkeys.rc, Inkeys/Inkeys.vcxproj, Inkeys/Inkeys/UI/Setting/Setting.Base.cppm	不适用（H0 未合入；合入前需按目标基线复审）		仅静态；未运行该分支	feat(ui): migrate settings to responsive Fluent2
2e664a23199dc37a9c631c610697f8f8dddb2e4e	77239fec8b5df1a83158527b9119e068057c107f	2026-08-21T14:27:12+08:00	2026-08-21T14:27:12+08:00	feature/recognition origin/feature/recognition	no	unmerged recent	code+project	.trellis/spec/native-desktop, .trellis/tasks/08-20-draw3-axis-aligned-rectangle-recognition, Inkeys/IdtMain.cpp, Inkeys/Inkeys.vcxproj, Inkeys/Inkeys/CV, Inkeys/Inkeys/Drawing, InkeysHeadlessTests/draw3_shape_recognition_tests.cpp	p1:cd4febf5ba36/71614; files=14 +864/-152; hunks=.trellis/spec/native-desktop/draw3-integration.md@Windows 对创建时带 `WS_EX_NOREDIRECTIONBITMAP` 且已经绑定过 DComp tar, .trellis/spec/native-desktop/draw3-integration.md@Windows 对创建时带 `WS_EX_NOREDIRECTIONBITMAP` 且已经绑定过 DComp tar, .trellis/spec/native-desktop/draw3-integration.md@Windows 对创建时带 `WS_EX_NOREDIRECTIONBITMAP` 且已经绑定过 DComp tar, .trellis/spec/native-desktop/draw3-integration.md@Windows 对创建时带 `WS_EX_NOREDIRECTIONBITMAP` 且已经绑定过 DComp tar; lines=+- `ShapeRecognitionThresholds` 中绝对尺度字段使用 `*Dip` 命名；`ShapeRecognitionDiagnostics` | +- 同一次最终抬笔尝试只读取一次诊断原子开关。关闭时不得构造 dataset/attempt 容器或格式化字符串，并向 CV/adapter 传 `nullpt | +- `median_width_px` 必须来自视觉诊断的实际输入中位宽；`replacement_width_px` 只在生成修正结果时赋值，拒绝样本保持 0; product=Inkeys/IdtMain.cpp@import Inkeys.Drawing.Draw3.shape_recognition;, Inkeys/IdtMain.cpp@namespace, Inkeys/IdtMain.cpp@namespace, Inkeys/IdtMain.cpp@int WINAPI wWinMain(HINSTANCE /*hInstance*/, HINSTANCE /*hPrevInstance*/, LPWSTR; add=bool HasUsableStandardOutput() noexcept | const HANDLE output = GetStdHandle(STD_OUTPUT_HANDLE); | if (!output || output == INVALID_HANDLE_VALUE) return false;	逐父补丁读取；分支静态契约/差异归类	H0 不含该提交差异；所属 refs: feature/recognition origin/feature/recognition；分支路径: Inkeys/IdtMain.cpp, Inkeys/Inkeys.vcxproj, Inkeys/Inkeys/CV/ShapeRecognition.cpp, Inkeys/Inkeys/CV/ShapeRecognition.cppm	不适用（H0 未合入；合入前需按目标基线复审）		仅静态；未运行该分支	feat: improve rectangle recognition diagnostics
77239fec8b5df1a83158527b9119e068057c107f	2c31dd559d2f5b4459bcac1c2f61ba9fe4ae20e6	2026-08-21T09:36:55+08:00	2026-08-21T09:36:55+08:00	feature/recognition origin/feature/recognition	no	unmerged recent	code	.trellis/spec/native-desktop, .trellis/tasks/08-20-draw3-axis-aligned-rectangle-recognition, Inkeys/IdtMain.cpp, Inkeys/Inkeys/CV, Inkeys/Inkeys/Drawing, Inkeys/Inkeys/Other, Inkeys/Inkeys/UI, InkeysHeadlessTests/draw3_shape_recognition_tests.cpp	p1:232b7ff6785b/56168; files=13 +850/-72; hunks=.trellis/spec/native-desktop/draw3-integration.md@Windows 对创建时带 `WS_EX_NOREDIRECTIONBITMAP` 且已经绑定过 DComp tar, .trellis/spec/native-desktop/draw3-integration.md@Windows 对创建时带 `WS_EX_NOREDIRECTIONBITMAP` 且已经绑定过 DComp tar, .trellis/spec/native-desktop/draw3-integration.md@Windows 对创建时带 `WS_EX_NOREDIRECTIONBITMAP` 且已经绑定过 DComp tar, .trellis/spec/native-desktop/draw3-integration.md@Windows 对创建时带 `WS_EX_NOREDIRECTIONBITMAP` 且已经绑定过 DComp tar; lines=+- `RecognizeInkShape(..., ShapeRecognitionDiagnostics* diagnostics = nullptr) no | +- `Experimental.Inkeys3.ConsoleOutput.ShapeRecognition : bool = false`；`SetShape | +- `BuildShapeCorrectionPlan(..., ShapeRecognitionDatasetDiagnostics* diagnostics; product=Inkeys/IdtMain.cpp@import Inkeys.Drawing.Draw3.diagnostics;, Inkeys/IdtMain.cpp@int WINAPI wWinMain(HINSTANCE /*hInstance*/, HINSTANCE /*hPrevInstance*/, LPWSTR, Inkeys/IdtMain.cpp@int WINAPI wWinMain(HINSTANCE /*hInstance*/, HINSTANCE /*hPrevInstance*/, LPWSTR, Inkeys/IdtMain.cpp@int WINAPI wWinMain(HINSTANCE /*hInstance*/, HINSTANCE /*hPrevInstance*/, LPWSTR; add=import Inkeys.Drawing.Draw3.shape_recognition; | bool shapeRecognitionConsoleOutputEnabled = false; | shapeRecognitionConsoleOutputEnabled =	逐父补丁读取；分支静态契约/差异归类	H0 不含该提交差异；所属 refs: feature/recognition origin/feature/recognition；分支路径: Inkeys/IdtMain.cpp, Inkeys/Inkeys/CV/ShapeRecognition.cpp, Inkeys/Inkeys/CV/ShapeRecognition.cppm, Inkeys/Inkeys/Drawing/Draw3/Draw3.DrawingController.cpp	不适用（H0 未合入；合入前需按目标基线复审）		仅静态；未运行该分支	feat: add shape recognition dataset diagnostics
2c31dd559d2f5b4459bcac1c2f61ba9fe4ae20e6	accf202bd3cc33d55ad6bfcab9edbab388e511f1	2026-08-21T08:07:46+08:00	2026-08-21T08:07:46+08:00	feature/recognition origin/feature/recognition	no	unmerged recent	code+project	.trellis/spec/native-desktop, .trellis/tasks/08-20-draw3-axis-aligned-rectangle-recognition, .trellis/tasks/08-20-opencv-vision-recognition, Inkeys/Inkeys.vcxproj, Inkeys/Inkeys.vcxproj.filters, Inkeys/Inkeys/CV, Inkeys/Inkeys/Drawing, InkeysHeadlessTests/InkeysHeadlessTests.vcxproj, InkeysHeadlessTests/animation_tests.cpp, InkeysHeadlessTests/draw3_shape_recognition_tests.cpp	"p1:880b1e85a1c4/104375; files=23 +2019/-36; hunks=.trellis/spec/native-desktop/draw3-integration.md@Windows 对创建时带 `WS_EX_NOREDIRECTIONBITMAP` 且已经绑定过 DComp tar, .trellis/tasks/08-20-draw3-axis-aligned-rectangle-recognition/check.jsonl@, .trellis/tasks/08-20-draw3-axis-aligned-rectangle-recognition/design.md@, .trellis/tasks/08-20-draw3-axis-aligned-rectangle-recognition/implement.jsonl@; lines=+## Scenario: 图形识别与条件渲染修正 | +### 1. Scope / Trigger | +修改 Draw3 图形识别、自动修正、`.uink` 条件渲染映射、runtime history 可见性或修正结果的 Undo/Redo/GPU 恢复时必须应; product=Inkeys/Inkeys.vcxproj@, Inkeys/Inkeys.vcxproj@, Inkeys/Inkeys.vcxproj@, Inkeys/Inkeys.vcxproj@; add=锘�<?xml version=""1.0"" encoding=""utf-8""?> | <ItemDefinitionGroup> | <ClCompile>"	逐父补丁读取；分支静态契约/差异归类	H0 不含该提交差异；所属 refs: feature/recognition origin/feature/recognition；分支路径: Inkeys/Inkeys.vcxproj, Inkeys/Inkeys/CV/ShapeRecognition.cpp, Inkeys/Inkeys/CV/ShapeRecognition.cppm, Inkeys/Inkeys/Drawing/Draw3/Draw3.DrawingController.cpp	不适用（H0 未合入；合入前需按目标基线复审）		仅静态；未运行该分支	feat: add Draw3 axis-aligned rectangle recognition
accf202bd3cc33d55ad6bfcab9edbab388e511f1	139d2fb7b7fd4321b63c990620d064bc99ced70a	2026-08-20T21:54:56+08:00	2026-08-20T21:54:56+08:00	feature/recognition origin/feature/recognition	no	unmerged recent	dependency	.trellis/spec/native-desktop, .trellis/tasks/08-20-opencv-vcpkg-integration, .trellis/tasks/08-20-opencv-vision-recognition, NOTICE, README.md, README_EN.md, TOS, vcpkg.json	p1:19dcc8721b9e/20089; files=19 +281/-1; hunks=.trellis/spec/native-desktop/build-and-compatibility.md@MSBuild.exe InkeysRepo.sln /p:Configuration=Debug /p:Platform=ARM64, .trellis/spec/native-desktop/build-and-compatibility.md@MSBuild.exe InkeysRepo.sln /p:Configuration=Debug /p:Platform=ARM64, .trellis/tasks/08-20-opencv-vcpkg-integration/check.jsonl@, .trellis/tasks/08-20-opencv-vcpkg-integration/design.md@; lines=+| opencv4 | 4.10.0#3 | | +## Scenario: OpenCV manifest 静态接入 | +### 1. Scope / Trigger; product=none	逐父补丁读取；分支静态契约/差异归类	H0 不含该提交差异；所属 refs: feature/recognition origin/feature/recognition；分支路径: 	不适用（H0 未合入；合入前需按目标基线复审）		仅静态；未运行该分支	build: integrate OpenCV via vcpkg
82f7b7c02080c253661514d31b55f3a827382e1d	604879c6c26971c61357bc8f04e522e5607c5747 043b495b94213ccb6b362ab1a4c6d5d03ff7cd06	2026-08-11T19:41:06+08:00	2026-08-11T19:41:06+08:00	origin/canary	no	unmerged recent	merge	.gitattributes, .gitignore, .trellis/.gitignore, .trellis/.template-hashes.json, .trellis/.version, .trellis/agents/check.md, .trellis/agents/implement.md, .trellis/config.yaml, .trellis/scripts/__init__.py, .trellis/scripts/add_session.py, .trellis/scripts/common, .trellis/scripts/get_context.py	p1:d431ec39da00/3092199; p2:e3b0c44298fc/0; files=287 +52153/-8270 binary; hunks=.gitattributes@, .gitignore@, .gitignore@, .gitignore@; lines=+# Trellis: append-only developer journals should merge cleanly across | +# parallel sessions/worktrees — each session only appends a new block, so | +# there is nothing to actually conflict on.; product=Inkeys/IdtAtomic.h@, Inkeys/IdtD2DPreparation.cpp@ComPtr<IDWriteFontCollection> dWriteFontCollection;, Inkeys/IdtD2DPreparation.cpp@HRESULT D2DStarup(), Inkeys/IdtD2DPreparation.cpp@HRESULT D2DStarup(); add=template <typename IdtAtomicT> | class IdtAtomic | static_assert(std::is_trivially_copyable_v<IdtAtomicT>,	逐父补丁读取；分支静态契约/差异归类；H0 项目编译入口复核	H0 不含该提交差异；所属 refs: origin/canary；分支路径: Inkeys/IdtAtomic.h, Inkeys/IdtD2DPreparation.cpp, Inkeys/IdtD2DPreparation.h, Inkeys/IdtDrawpad.cpp；注意 H0 Inkeys.vcxproj:895 将旧 IdtDrawpad.cpp 列 None，:905 编译 IdtDrawpadFacade.cpp；旧文件的 hook/RTS 不属生产路径	不适用（H0 未合入；合入前需按目标基线复审）		仅静态；未运行该分支	Merge pull request #207 from Alan-CRL/dev
