sha	scope	modules	type	diff_evidence	review_depth	current_mapping	conclusion	finding_id	verification
8b156fca59f0337a6afc6d722941666fcf143080	batch1:1;H0 reachable	Inkeys/IdtMain.cpp;Inkeys/Inkeys/Drawing/Draw3/Draw3.DrawingController.cpp;Inkeys/Inkeys/Drawing/Draw3/Draw3.HiddenWindowTest.cpp;Inkeys/Inkeys/Drawing/Draw3/Draw3.Host.cpp;Inkeys/Inkeys/Drawing/Draw3/Draw3.SpeedEraser.cpp;Inkeys/Inkeys/Drawing/Draw3/Draw3.SpeedEraser.h;Inkeys/Inkeys/UI/Setting/Setting.cpp;Inkeys/src/i18n/en-US.jsonc	merge/integration	p1:64files:cf234e03e154558a | p2:0files:e3b0c44298fc1c14 | uniq=64 +3102/-735 | @@ -282,0 +283,2 @@;@@ -277,0 +278 @@	two-parent full patch indexed; remerge-diff empty	Inkeys/IdtMain.cpp;Inkeys/Inkeys/Drawing/Draw3/Draw3.DrawingController.cpp;Inkeys/Inkeys/Drawing/Draw3/Draw3.HiddenWindowTest.cpp;Inkeys/Inkeys/Drawing/Draw3/Draw3.Host.cpp;Inkeys/Inkeys/Drawing/Draw3/Draw3.SpeedEraser.cpp	合并自身无独立冲突解决；分支内容在各 SHA 单审		git --remerge-diff static check; runtime not run
1e48386f35a56c703ed8558fc83125511dd5eec8	batch1:2;H0 reachable	docs/Trellis	ordinary/documentation/task-state	p1:61files:d2b5e3d39943cff4 | uniq=61 +1479/-1123 | @@ -1,12 +0,0 @@;@@ -1,73 +0,0 @@	brief full patch/path/security-token scan	metadata only	仅 Trellis 文档/任务记录，未改产品代码；本项无确认产品缺陷		static diff only; runtime not applicable
22706ee45b74bb5e01c93b04179ef94fa136b5b0	batch1:3;H0 reachable	Inkeys/IdtConfiguration.cpp;Inkeys/IdtConfiguration.h;Inkeys/IdtI18nKeys.g.h;Inkeys/IdtMain.cpp;Inkeys/IdtPlug-in.cpp;Inkeys/IdtPlug-in.h;Inkeys/IdtState.cpp;Inkeys/IdtState.h	merge/integration	p1:172files:33e4a9ab9ecdf167 | p2:39files:34832e7183fccd96 | uniq=195 +15604/-1174 | @@ -49,0 +50,5 @@;@@ -155,0 +156,2 @@	two-parent full patch indexed; remerge-diff empty	Inkeys/IdtConfiguration.cpp;Inkeys/IdtConfiguration.h;Inkeys/IdtI18nKeys.g.h;Inkeys/IdtMain.cpp;Inkeys/IdtPlug-in.cpp	合并自身无独立冲突解决；分支内容在各 SHA 单审		git --remerge-diff static check; runtime not run
5780f6165373d8a8cfdba79b3bee63c576afd746	batch1:4;H0 reachable	Inkeys/IdtMain.cpp;Inkeys/Inkeys.vcxproj;Inkeys/Inkeys.vcxproj.filters;Inkeys/Inkeys/UI/Bar/Bar.FramePacing.cppm;Inkeys/Inkeys/UI/Bar/Bar.RenderLoop.cpp;Inkeys/Inkeys/UI/Bar/Bar.Rendering.cpp;Inkeys/Inkeys/UI/Bar/Bar.Scene.cpp;Inkeys/Inkeys/UI/PageControl/PageControl.cpp	merge/integration	p1:54files:96dd2033aa546c60 | p2:0files:e3b0c44298fc1c14 | uniq=54 +3950/-67 | @@ -12,0 +13 @@;@@ -766,0 +767,59 @@	two-parent full patch indexed; remerge-diff empty	Inkeys/IdtMain.cpp;Inkeys/Inkeys.vcxproj;Inkeys/Inkeys.vcxproj.filters;Inkeys/Inkeys/UI/Bar/Bar.FramePacing.cppm;Inkeys/Inkeys/UI/Bar/Bar.RenderLoop.cpp	合并自身无独立冲突解决；分支内容在各 SHA 单审		git --remerge-diff static check; runtime not run
21624873e8a7f6611eadc554c72033b3c7a91fab	batch1:5;H0 reachable	Inkeys/IdtConfiguration.cpp;Inkeys/IdtConfiguration.h;Inkeys/IdtMain.cpp;Inkeys/IdtPlug-in.cpp;Inkeys/IdtPlug-in.h;Inkeys/IdtState.cpp;Inkeys/IdtState.h;Inkeys/Inkeys.vcxproj	merge/integration	p1:106files:8b9bea345be30d91 | p2:54files:96dd2033aa546c60 | uniq=148 +11627/-1033 | @@ -49,0 +50,5 @@;@@ -155,0 +156,2 @@	two-parent full patch indexed; remerge-diff empty	Inkeys/IdtConfiguration.cpp;Inkeys/IdtConfiguration.h;Inkeys/IdtMain.cpp;Inkeys/IdtPlug-in.cpp;Inkeys/IdtPlug-in.h	合并自身无独立冲突解决；分支内容在各 SHA 单审		git --remerge-diff static check; runtime not run
3b09d46eb1fb95cc61609614f61c4bc26348b241	batch1:6;H0 reachable	Inkeys/IdtConfiguration.cpp;Inkeys/IdtConfiguration.h;Inkeys/IdtMain.cpp;Inkeys/IdtPlug-in.cpp;Inkeys/IdtPlug-in.h;Inkeys/IdtState.cpp;Inkeys/IdtState.h;Inkeys/Inkeys.vcxproj	merge/integration	p1:106files:136c7e4df1ec8799 | p2:0files:e3b0c44298fc1c14 | uniq=106 +7679/-964 | @@ -49,0 +50,5 @@;@@ -155,0 +156,2 @@	two-parent full patch indexed; remerge-diff empty	Inkeys/IdtConfiguration.cpp;Inkeys/IdtConfiguration.h;Inkeys/IdtMain.cpp;Inkeys/IdtPlug-in.cpp;Inkeys/IdtPlug-in.h	合并自身无独立冲突解决；分支内容在各 SHA 单审		git --remerge-diff static check; runtime not run
14774e4b49aaaa620feae3cdf245ee05920fd1e4	batch1:7;H0 reachable	Inkeys/IdtI18nKeys.g.h;Inkeys/IdtMain.cpp;Inkeys/Inkeys/Drawing/Draw3/Draw3.Bridge.h;Inkeys/Inkeys/Drawing/Draw3/Draw3.Diagnostics.cpp;Inkeys/Inkeys/Drawing/Draw3/Draw3.Diagnostics.cppm;Inkeys/Inkeys/Drawing/Draw3/Draw3.DrawingController.cpp;Inkeys/Inkeys/Drawing/Draw3/Draw3.DrawingController.cppm;Inkeys/Inkeys/Drawing/Draw3/Draw3.HiddenWindowTest.cpp	merge/integration	p1:41files:85848ee8e10f6307 | p2:106files:136c7e4df1ec8799 | uniq=128 +9457/-1022 | @@ -51 +51 @@;@@ -67 +67 @@	two-parent full patch indexed; remerge-diff empty	Inkeys/IdtI18nKeys.g.h;Inkeys/IdtMain.cpp;Inkeys/Inkeys/Drawing/Draw3/Draw3.Bridge.h;Inkeys/Inkeys/Drawing/Draw3/Draw3.Diagnostics.cpp;Inkeys/Inkeys/Drawing/Draw3/Draw3.Diagnostics.cppm	合并自身无独立冲突解决；分支内容在各 SHA 单审		git --remerge-diff static check; runtime not run
a3d1ed74ebfa154f03658d19724530e1347adf84	batch1:8;H0 reachable	docs/Trellis	ordinary/documentation/task-state	p1:2files:afef14db7e76b213 | uniq=2 +40/-1 | @@ -11,2 +11,2 @@;@@ -22 +22 @@	brief full patch/path/security-token scan	metadata only	仅 Trellis 文档/任务记录，未改产品代码；本项无确认产品缺陷		static diff only; runtime not applicable
f6ade9395796d9c90ff963bb7471d9a10904aca5	batch1:9;H0 reachable	docs/Trellis	ordinary/documentation/task-state	p1:44files:26a77eba7b2b5a44 | uniq=44 +993/-678 | @@ -1,17 +0,0 @@;@@ -1,48 +0,0 @@	brief full patch/path/security-token scan	metadata only	仅 Trellis 文档/任务记录，未改产品代码；本项无确认产品缺陷		static diff only; runtime not applicable
d7b9ec12a8dda8f314fffe7575b9b828d75455d4	batch1:10;H0 reachable	Inkeys/IdtState.cpp	ordinary/product-code/assets	p1:2files:5330f93254bce98d | uniq=2 +35/-11 | @@ -15 +15 @@;@@ -66 +66 @@ | code_change=IdtState.cpp:+std::uint64_t modeRevision = 0;;IdtState.cpp:+bool modeSelection = false;;IdtState.cpp:+std::scoped_lock modeLock(stateModeTransitionMutex);	full diff + current caller/callee/failure-path static review	mode revision snapshot/guard; stale visibility retries	静态当前调用链已审：旧 mode revision 被阻止提交；未见本项新确认问题		static only; relevant headless/GUI execution not independently run
1cd45e575c6beb678c2ebfd7ccb61a95d040007a	batch1:11;H0 reachable	Inkeys/IdtConfiguration.h;Inkeys/IdtPlug-in.cpp;Inkeys/IdtState.cpp;Inkeys/IdtState.h;Inkeys/Inkeys/UI/Setting/Setting.cpp;Inkeys/PptCOM.dll;Inkeys/PptCOM.tlb;PptCOM.Tests/SlideShowSessionTests.cs	ordinary/product-code/assets	p1:11files:7d4eedb9ec89a5c7 | uniq=11 +317/-84 | @@ -101,0 +102,48 @@;@@ -159,0 +160,3 @@ | code_change=IdtConfiguration.h:+inline constexpr bool kPptLoadingPageEnabled = false;;IdtPlug-in.cpp:-int GetPptSlideShowAnnotationTool();IdtPlug-in.cpp:+int GetPptSlideShowAnnotationTool(const IPptCOMServerPtr& pptCom)	full diff + current caller/callee/failure-path static review	PPT annotation tool via revision-guarded IdtState entry; concurrent Bar writer remains	当前跨入口竞争 AUD-B1-003；本提交引入 PPT 端锁内笔型写	AUD-B1-003	static only; relevant headless/GUI execution not independently run
900ab31fc1730f691c072d24d6ca968bea284bed	batch1:12;H0 reachable	Inkeys/IdtConfiguration.cpp;Inkeys/IdtState.cpp;Inkeys/PptSettingsPersistence.h	ordinary/product-code/assets	p1:6files:ba719f7bdacf5713 | uniq=6 +53/-24 | @@ -46 +46 @@;@@ -2,0 +3,2 @@ | code_change=IdtConfiguration.cpp:-return pptSettingsJournal.TakeRetry();;IdtConfiguration.cpp:+return pptSettingsJournal.Retry();;IdtState.cpp:+std::atomic_uint64_t draw3ExitSelectionModeRevision = 0;	full diff + current caller/callee/failure-path static review	WriteJournal retry remains pending until Complete; exit-selection handoff revision	静态当前调用链已审：retry 与 revision 边界；未见本项新确认问题		static only; relevant headless/GUI execution not independently run
69d780fb046d096f4c81b7961d3a7907ce7ab594	batch1:13;H0 reachable	docs/Trellis	ordinary/documentation/task-state	p1:3files:1f687de4d7a7dae2 | uniq=3 +73/-2 | @@ -24 +24 @@;@@ -11,2 +11,2 @@	brief full patch/path/security-token scan	metadata only	仅 Trellis 文档/任务记录，未改产品代码；本项无确认产品缺陷		static diff only; runtime not applicable
910de60f14e79d23b0c8e4da59ebe82693b056d9	batch1:14;H0 reachable	Inkeys/IdtMain.cpp;Inkeys/Inkeys/Drawing/Draw3/Draw3.HiddenWindowTest.cpp;Inkeys/Inkeys/Drawing/Draw3/Draw3.Host.cpp;Inkeys/Inkeys/UI/PageControl/PageControl.cpp;Inkeys/Inkeys/UI/PageControl/PageControl.cppm;Inkeys/Inkeys/Window/Window.cpp;InkeysHeadlessTests/page_control_tests.cpp	ordinary/product-code/assets	"p1:17files:3e1dcb8d0a7cbbe8 | uniq=17 +1096/-65 | @@ -327 +327 @@;@@ -365,0 +366 @@ | code_change=IdtMain.cpp:+L""--page-control-hidden-test"", -1, TRUE) == CSTR_EQUAL);IdtMain.cpp:+return Inkeys::UI::PageControl::RunHiddenWindowTests();;IdtMain.cpp:+if (lpCmdLine && CompareStringOrdinal(lpCmdLine, -1,"	full patch + H0 current caller/callee/failure-path static review	H0 PPT descriptor/end-screen target→Bridge revision→Draw3 slot/page load→PageControl successful commit→Ack target; COM session and WriteJournal failure paths	静态审查未确认本项新缺陷；真机/GUI 路径仍未验证		static only; targeted tests located, not independently run
2aeca374ea4c863eafe851ea41b52ca21018dd14	batch1:15;H0 reachable	docs/Trellis	ordinary/documentation/task-state	p1:3files:a2b86d084f425e13 | uniq=3 +72/-2 | @@ -24 +24 @@;@@ -11 +11 @@	brief full patch/path/security-token scan	metadata only	仅 Trellis 文档/任务记录，未改产品代码；本项无确认产品缺陷		static diff only; runtime not applicable
adfe7fb27490c51052fc1de5b9c714a1527fb605	batch1:16;H0 reachable	Inkeys/IdtPlug-in.cpp;Inkeys/IdtState.cpp;Inkeys/IdtState.h;Inkeys/Inkeys/Business/PptSession.cpp;Inkeys/Inkeys/Drawing/Draw3/Draw3.Bridge.cpp;Inkeys/Inkeys/Drawing/Draw3/Draw3.Bridge.h;Inkeys/Inkeys/Drawing/Draw3/Draw3.DrawingController.cpp;Inkeys/Inkeys/Drawing/Draw3/Draw3.HiddenWindowTest.cpp	ordinary/product-code/assets	p1:42files:560d92dd89d42a88 | uniq=42 +1466/-201 | @@ -357,0 +358,2 @@;@@ -416 +416 @@ | code_change=IdtPlug-in.cpp:-|| page <= 0 || expectedPptUiTarget->pageIndex != static_cast<std::uint32_t>(page - 1);IdtPlug-in.cpp:+|| (expectedPptUiTarget->pageKind ==;IdtPlug-in.cpp:+Inkeys::Drawing::Draw3::Bridge::PresentationPageKind::EndScreen	full patch + H0 current caller/callee/failure-path static review	H0 PPT descriptor/end-screen target→Bridge revision→Draw3 slot/page load→PageControl successful commit→Ack target; COM session and WriteJournal failure paths	静态审查未确认本项新缺陷；真机/GUI 路径仍未验证		static only; targeted tests located, not independently run
9d432cd6c68bc7e1c04933702e3dc85ef4e6e669	batch1:17;H0 reachable	Inkeys/PptCOM.dll;PptCOM.Tests/Program.cs;PptCOM/PresentationDescriptor.cs	ordinary/product-code/assets	p1:8files:41880cd509854bf8 | uniq=8 +123/-1 | @@ -49,0 +50,5 @@;@@ -51 +51,2 @@ | code_change=PresentationDescriptor.cs:+private readonly Func<object, int?> typedSlideShowHwnd;;PresentationDescriptor.cs:+public MarshalLateBoundComAccessor() : this(ReadTypedSlideShowHwnd) { };PresentationDescriptor.cs:+internal MarshalLateBoundComAccessor(Func<object, int?> typedSlideShowHwnd)	full diff + current caller/callee/failure-path static review	PowerPoint typed HWND accessor; COM HRESULT propagated, dispatch fallback non-PIA	静态当前调用链已审；未见本项新确认问题		static only; relevant headless/GUI execution not independently run
10ea1e0d6f5a2f60071d3474670f551683385ee2	batch1:18;H0 reachable	Inkeys/IdtConfiguration.cpp;Inkeys/IdtConfiguration.h;Inkeys/IdtPlug-in.cpp;Inkeys/IdtPlug-in.h;Inkeys/IdtState.cpp;Inkeys/Inkeys.vcxproj;Inkeys/Inkeys.vcxproj.filters;Inkeys/Inkeys/Business/PptSession.cpp	ordinary/product-code/assets	p1:82files:c06bb993e16c8618 | uniq=82 +4512/-679 | @@ -155,0 +156,2 @@;@@ -5 +5 @@ | code_change=IdtConfiguration.cpp:-string CapturePptComSettingJson();IdtConfiguration.cpp:+namespace;IdtConfiguration.cpp:+std::mutex pptSettingsMutex;	full patch + H0 current caller/callee/failure-path static review	H0 PPT descriptor/end-screen target→Bridge revision→Draw3 slot/page load→PageControl successful commit→Ack target; COM session and WriteJournal failure paths	当前代码确认 AUD-B1-003：PPT 新锁内笔型写与 Bar 裸写形成跨线程竞争	AUD-B1-003	static only; targeted tests located, not independently run
72b8b39955660c6f678eb3f7e53ec92dbf6087b4	batch1:19;H0 reachable	Inkeys/IdtI18nKeys.g.h;Inkeys/IdtMain.cpp;Inkeys/Inkeys/Drawing/Draw3/Draw3.Bridge.h;Inkeys/Inkeys/Drawing/Draw3/Draw3.Diagnostics.cpp;Inkeys/Inkeys/Drawing/Draw3/Draw3.Diagnostics.cppm;Inkeys/Inkeys/Drawing/Draw3/Draw3.DrawingController.cpp;Inkeys/Inkeys/Drawing/Draw3/Draw3.DrawingController.cppm;Inkeys/Inkeys/Drawing/Draw3/Draw3.HiddenWindowTest.cpp	merge/integration	p1:41files:9849af55dbc51de2 | p2:54files:58b2e74df817309c | uniq=92 +5724/-125 | @@ -51 +51 @@;@@ -67 +67 @@	two-parent full patch indexed; remerge-diff empty	Inkeys/IdtI18nKeys.g.h;Inkeys/IdtMain.cpp;Inkeys/Inkeys/Drawing/Draw3/Draw3.Bridge.h;Inkeys/Inkeys/Drawing/Draw3/Draw3.Diagnostics.cpp;Inkeys/Inkeys/Drawing/Draw3/Draw3.Diagnostics.cppm	合并自身无独立冲突解决；分支内容在各 SHA 单审		git --remerge-diff static check; runtime not run
232a907bd2bfdeb15d1c0fcf6bb436cd0db79720	batch1:20;H0 reachable	Inkeys/IdtI18nKeys.g.h;Inkeys/IdtMain.cpp;Inkeys/Inkeys/Drawing/Draw3/Draw3.Bridge.h;Inkeys/Inkeys/Drawing/Draw3/Draw3.Diagnostics.cpp;Inkeys/Inkeys/Drawing/Draw3/Draw3.Diagnostics.cppm;Inkeys/Inkeys/Drawing/Draw3/Draw3.DrawingController.cpp;Inkeys/Inkeys/Drawing/Draw3/Draw3.DrawingController.cppm;Inkeys/Inkeys/Drawing/Draw3/Draw3.HiddenWindowTest.cpp	merge/integration	p1:41files:40eb16e8768281f3 | p2:0files:e3b0c44298fc1c14 | uniq=41 +1770/-57 | @@ -51 +51 @@;@@ -67 +67 @@	two-parent full patch indexed; remerge-diff empty	Inkeys/IdtI18nKeys.g.h;Inkeys/IdtMain.cpp;Inkeys/Inkeys/Drawing/Draw3/Draw3.Bridge.h;Inkeys/Inkeys/Drawing/Draw3/Draw3.Diagnostics.cpp;Inkeys/Inkeys/Drawing/Draw3/Draw3.Diagnostics.cppm	合并自身无独立冲突解决；分支内容在各 SHA 单审		git --remerge-diff static check; runtime not run
f0560ecd099ed7c24e79e9f7b727a167575a55f0	batch1:21;H0 reachable	Inkeys/Inkeys/Drawing/Draw3/Draw3.WindowControl.cpp	ordinary/product-code/assets	p1:1files:eeb2938b6c317f12 | uniq=1 +2/-1 | @@ -1751 +1751,2 @@ | code_change=Draw3.WindowControl.cpp:-if (CursorOwner() ==;Draw3.WindowControl.cpp:+if (cursorOwner_.load(std::memory_order_acquire) ==	full diff + current caller/callee/failure-path static review	pointer leave clears persisted mouse cursor owner	静态当前调用链已审；真实触控尚未验证		static only; relevant headless/GUI execution not independently run
1db025e98283bedefbc009ae80d8141720cb6a74	batch1:22;H0 reachable	docs/Trellis	ordinary/documentation/task-state	p1:2files:1880e23ad79a2281 | uniq=2 +38/-1 | @@ -11,2 +11,2 @@;@@ -22 +22 @@	brief full patch/path/security-token scan	metadata only	仅 Trellis 文档/任务记录，未改产品代码；本项无确认产品缺陷		static diff only; runtime not applicable
f88c6058a710026bf2f4d8939029b31b8649e189	batch1:23;H0 reachable	docs/Trellis	ordinary/documentation/task-state	p1:18files:1df879000f9575d9 | uniq=18 +509/-439 | @@ -1,2 +0,0 @@;@@ -1,44 +0,0 @@	brief full patch/path/security-token scan	metadata only	仅 Trellis 文档/任务记录，未改产品代码；本项无确认产品缺陷		static diff only; runtime not applicable
31c48f4e47e88bda21adf122703583db45c50299	batch1:24;H0 reachable	Inkeys/Inkeys/Drawing/Draw3/Draw3.Diagnostics.cpp;Inkeys/Inkeys/Drawing/Draw3/Draw3.Diagnostics.cppm;Inkeys/Inkeys/Drawing/Draw3/Draw3.PenCursor.cpp;Inkeys/Inkeys/Drawing/Draw3/Draw3.PenCursor.cppm;Inkeys/Inkeys/Drawing/Draw3/Draw3.WindowControl.cpp;Inkeys/Inkeys/Drawing/Draw3/Draw3.WindowControl.cppm;Inkeys/Inkeys/UI/Bar/Bar.Interaction.cpp;InkeysHeadlessTests/draw3_contact_tests.cpp	ordinary/product-code/assets	"p1:15files:08bff479457d8996 | uniq=15 +784/-35 | @@ -35 +35,3 @@;@@ -53 +55 @@ | code_change=Draw3.Diagnostics.cpp:-RecordCursorDiagnostic(""enabled capacity=%zu"", kCursorDiagnosticCapacity);;Draw3.Diagnostics.cpp:+RecordCursorDiagnostic(""enabled schema=2 capacity=%zu rawMode=observe-existing-registration"", kCurso;Draw3.Diagnostics.cpp:+const DWORD previousError = GetLastError();"	full patch + H0 current shared-contract static review	Draw3.WindowControl/PenCursor 当前 mouse-source/barrier 路径与 headless contact 断言	静态审查未确认本项新缺陷；真实 GUI/设备行为未验证		static only; existing tests located, not independently run
428860b56d7b5ae807e9e571f850571d7236f496	batch1:25;H0 reachable	Inkeys/IdtI18nKeys.g.h;Inkeys/IdtMain.cpp;Inkeys/Inkeys/Drawing/Draw3/Draw3.Diagnostics.cpp;Inkeys/Inkeys/Drawing/Draw3/Draw3.Diagnostics.cppm;Inkeys/Inkeys/Drawing/Draw3/Draw3.DrawingController.cpp;Inkeys/Inkeys/Drawing/Draw3/Draw3.PenCursor.cpp;Inkeys/Inkeys/Drawing/Draw3/Draw3.PenCursor.cppm;Inkeys/Inkeys/Drawing/Draw3/Draw3.WindowControl.cpp	ordinary/product-code/assets	p1:21files:dbb5be73640117ca | uniq=21 +519/-14 | @@ -34,0 +35 @@;@@ -40,0 +42 @@ | code_change=IdtMain.cpp:+bool cursorConsoleOutputEnabled = false;;IdtMain.cpp:-if (draw3ConsoleOutputEnabled || touchAreaConsoleOutputEnabled);IdtMain.cpp:+cursorConsoleOutputEnabled =	full patch + H0 current shared-contract static review	Draw3.WindowControl/PenCursor 当前 mouse-source/barrier 路径与 headless contact 断言	静态审查未确认本项新缺陷；真实 GUI/设备行为未验证		static only; existing tests located, not independently run
5fdd4a67aee3bff3b642323a290489101984c639	batch1:26;H0 reachable	Inkeys/Inkeys/Drawing/Draw3/Draw3.PenCursor.cpp;Inkeys/Inkeys/Drawing/Draw3/Draw3.PenCursor.cppm;Inkeys/Inkeys/Drawing/Draw3/Draw3.WindowControl.cpp;Inkeys/Inkeys/Drawing/Draw3/Draw3.WindowControl.cppm;InkeysHeadlessTests/draw3_contact_tests.cpp	ordinary/product-code/assets	p1:13files:9cc1882c055afea8 | uniq=13 +289/-18 | @@ -20,0 +21,36 @@;@@ -0,0 +1,2 @@ | code_change=Draw3.PenCursor.cpp:-return false;;Draw3.PenCursor.cpp:+return true;;Draw3.PenCursor.cpp:+DrawingCursorPointerAuthority ResolveDrawingCursorVisualAuthority(	full patch + H0 current shared-contract static review	Draw3.WindowControl/PenCursor 当前 mouse-source/barrier 路径与 headless contact 断言	静态审查未确认本项新缺陷；真实 GUI/设备行为未验证		static only; existing tests located, not independently run
6c67ae2455d64791434f76891d588d5a24e314d5	batch1:27;H0 reachable	Inkeys/Inkeys/UI/Bar/Bar.Button.cpp;Inkeys/Inkeys/UI/Bar/Bar.EraserAttribute.cpp;Inkeys/Inkeys/UI/Bar/Bar.Main.cppm;Inkeys/Inkeys/UI/Bar/Bar.ToggleClickCoalescer.cppm;InkeysHeadlessTests/toggle_click_coalescer_tests.cpp	ordinary/product-code/assets	p1:6files:0066ae87e8671ef0 | uniq=6 +21/-4 | @@ -51 +51 @@;@@ -69,0 +70 @@ | code_change=Bar.Button.cpp:+barUISet.eraserAttribute.RememberEntryFromSelection(;Bar.Button.cpp:+stateMode.StateModeSelect == StateModeSelectEnum::IdtSelection &&;Bar.Button.cpp:+Inkeys::UI::Bar::CurrentPageHasContent());	full patch + H0 current shared-contract static review	Bar.EraserAttribute::Execute→PublishProductCommand Clear→ChangeStateModeTo* 与 coalescer 测试	静态审查未确认本项新缺陷；真实 GUI/设备行为未验证		static only; existing tests located, not independently run
7cdcb595e209aebf1f0a964e89ff1548bd406709	batch1:28;H0 reachable	Inkeys/Inkeys/UI/Bar/Bar.EraserAttribute.cpp;Inkeys/Inkeys/UI/Bar/Bar.Main.cppm;Inkeys/Inkeys/UI/Bar/Bar.ToggleClickCoalescer.cppm;InkeysHeadlessTests/toggle_click_coalescer_tests.cpp	ordinary/product-code/assets	p1:5files:534642fc19531c15 | uniq=5 +24/-125 | @@ -51 +51 @@;@@ -69,2 +69,2 @@ | code_change=Bar.EraserAttribute.cpp:-if(!pressedClearDoubleClickContinuation_ &&;Bar.EraserAttribute.cpp:-ShouldFinalizeEraserAttributeClear(clearAcceptedForDoubleClick_,GetTickCount64(),clearSingleClickDea;Bar.EraserAttribute.cpp:-FinalizePendingClear(owner);	full patch + H0 current shared-contract static review	Bar.EraserAttribute::Execute→PublishProductCommand Clear→ChangeStateModeTo* 与 coalescer 测试	静态审查未确认本项新缺陷；真实 GUI/设备行为未验证		static only; existing tests located, not independently run
cd663825f53c57993762924858db816d61b0069e	batch1:29;H0 reachable	Inkeys/Inkeys/UI/Bar/Bar.EraserAttribute.Test.cpp;Inkeys/Inkeys/UI/Bar/Bar.EraserAttribute.cpp;Inkeys/Inkeys/UI/Bar/Bar.Main.cppm;Inkeys/Inkeys/UI/Bar/Bar.ToggleClickCoalescer.cppm;InkeysHeadlessTests/toggle_click_coalescer_tests.cpp	ordinary/product-code/assets	"p1:6files:0f144dbb0cf8fe4a | uniq=6 +66/-38 | @@ -51 +51 @@;@@ -67 +67 @@ | code_change=Bar.EraserAttribute.Test.cpp:-click(0);expect(owner.barState.eraserAttribute,""empty clear is disabled without closing or changing ;Bar.EraserAttribute.Test.cpp:+click(0);expect(owner.barState.eraserAttribute,""rejected empty clear stays open without changing too;Bar.EraserAttribute.cpp:+if(!pressedClearDoubleClickContinuation_ &&"	full patch + H0 current shared-contract static review	Bar.EraserAttribute::Execute→PublishProductCommand Clear→ChangeStateModeTo* 与 coalescer 测试	静态审查未确认本项新缺陷；真实 GUI/设备行为未验证		static only; existing tests located, not independently run
f4184d9a8310589b11e75bc51ab7401d6d834460	batch1:30;H0 reachable	Inkeys/Inkeys/Drawing/Draw3/Draw3.Bridge.h;Inkeys/Inkeys/Drawing/Draw3/Draw3.DrawingController.cpp;Inkeys/Inkeys/Drawing/Draw3/Draw3.DrawingController.cppm;Inkeys/Inkeys/Drawing/Draw3/Draw3.HiddenWindowTest.cpp;Inkeys/Inkeys/Drawing/Draw3/Draw3.Host.cpp;Inkeys/Inkeys/Drawing/Draw3/Draw3.Host.h;Inkeys/Inkeys/UI/Bar/Bar.EraserAttribute.cpp;Inkeys/Inkeys/UI/Bar/Bar.Main.cppm	ordinary/product-code/assets	p1:11files:d29d5b1f3d2da6ac | uniq=11 +242/-27 | @@ -51 +51 @@;@@ -68,0 +69,2 @@ | code_change=Draw3.Bridge.h:+enum class CompletedStrokeKind : std::uint8_t;Draw3.Bridge.h:+None,;Draw3.Bridge.h:+Drawing,	full patch + H0 current shared-contract static review	Bar.EraserAttribute::Execute→PublishProductCommand Clear→ChangeStateModeTo* 与 coalescer 测试	静态审查未确认本项新缺陷；真实 GUI/设备行为未验证		static only; existing tests located, not independently run
1124f57b9d631e13257b80178b43392775bfec7e	batch1:31;H0 reachable	Inkeys/IdtMain.cpp;Inkeys/Inkeys.vcxproj;Inkeys/Inkeys.vcxproj.filters;Inkeys/Inkeys/UI/Bar/Bar.FramePacing.cppm;Inkeys/Inkeys/UI/Bar/Bar.RenderLoop.cpp;Inkeys/Inkeys/UI/Bar/Bar.Rendering.cpp;Inkeys/Inkeys/UI/Bar/Bar.Scene.cpp;Inkeys/Inkeys/UI/PageControl/PageControl.cpp	ordinary/product-code/assets	"p1:54files:d5e5c7f4b8a16139 | uniq=54 +3958/-68 | @@ -12,0 +13 @@;@@ -763,0 +764,59 @@ | code_change=IdtMain.cpp:+const auto diagnosticsPool = spdlog::thread_pool();;IdtMain.cpp:+auto diagnosticsLogger = std::make_shared<spdlog::async_logger>(;IdtMain.cpp:+""UI3Diagnostics"", IDTLoggerFileSink, diagnosticsPool, spdlog::async_overflow_policy::discard_new);"	full patch + H0 current caller/callee/failure-path static review	H0 RenderPipeline.Diagnostics accumulator callback/attempt/commit/idle/retry split, throttled async sink	静态审查未确认本项新缺陷；真机/GUI 路径仍未验证		static only; targeted tests located, not independently run
aea346c8972003b280fcfa1737003b468c369dd6	batch1:32;H0 reachable	Inkeys/Inkeys/Drawing/Draw3/Draw3.HiddenWindowTest.cpp;Inkeys/Inkeys/Drawing/Draw3/Draw3.Host.cpp;Inkeys/Inkeys/Drawing/Draw3/Draw3.SpeedEraser.cpp;Inkeys/Inkeys/Drawing/Draw3/Draw3.SpeedEraser.h;InkeysHeadlessTests/speed_eraser_tests.cpp	ordinary/product-code/assets	"p1:11files:8d2156f3a980a6cb | uniq=11 +313/-14 | @@ -126,0 +127 @@;@@ -136,0 +138 @@ | code_change=Draw3.HiddenWindowTest.cpp:-std::fprintf(stderr,""[AreaProbe] %s mode=%u dip=%g cursor=%g floor=%g ref=%g active=%d age=%g reason;Draw3.HiddenWindowTest.cpp:+std::fprintf(stderr,""[AreaProbe] %s mode=%u dip=%g cursor=%g floor=%g ref=%g firstRef=%g refDip=%gx%;Draw3.HiddenWindowTest.cpp:-d.contactArea.referenceFloorDip,d.contactArea.active,d.idleSeconds,static_cast<int>(d.contactArea.re"	full patch + H0 current shared-contract static review	H0 Draw3.SpeedEraser ResolveConfig/ResolveInput, contact-area metadata gate, UpdatePosition/Advance/reconnect; speed_eraser_tests and hidden input cases	静态审查未确认本项新缺陷；真实输入/视觉行为未验证		static only; tests located, not independently run
c777b8dd9701c47c24b6fc8000bbd4c656e3011c	batch1:33;H0 reachable	Inkeys/Inkeys/Drawing/Draw3/Draw3.DrawingController.cpp;Inkeys/Inkeys/Drawing/Draw3/Draw3.Host.cpp;Inkeys/Inkeys/Drawing/Draw3/Draw3.SpeedEraser.cpp;Inkeys/Inkeys/Drawing/Draw3/Draw3.SpeedEraser.h;InkeysHeadlessTests/speed_eraser_tests.cpp	ordinary/product-code/assets	p1:10files:76e9f850bcc56778 | uniq=10 +335/-15 | @@ -117,0 +118 @@;@@ -134,0 +136 @@ | code_change=Draw3.DrawingController.cpp:+d.follow=controller->FollowStateDiagnostics();;Draw3.Host.cpp:+if(d.eraserContact && d.eraserKind==SpeedEraser::EraserKind::Speed &&;Draw3.Host.cpp:+(d.response==SpeedEraser::ResponseModel::DirectTouch ||	full patch + H0 current shared-contract static review	H0 Draw3.SpeedEraser ResolveConfig/ResolveInput, contact-area metadata gate, UpdatePosition/Advance/reconnect; speed_eraser_tests and hidden input cases	静态审查未确认本项新缺陷；真实输入/视觉行为未验证		static only; tests located, not independently run
e6bc3c28b96c3cd6cf0911c4834af02ca3b67f6b	batch1:34;H0 reachable	docs/Trellis	ordinary/documentation/task-state	p1:2files:bff166d56b1b2a29 | uniq=2 +44/-1 | @@ -11,2 +11,2 @@;@@ -22 +22 @@	brief full patch/path/security-token scan	metadata only	仅 Trellis 文档/任务记录，未改产品代码；本项无确认产品缺陷		static diff only; runtime not applicable
6aefa84e2b915a395dab0ce55b54ff2f84bc92ac	batch1:35;H0 reachable	Inkeys/Inkeys/Drawing/Draw3/Draw3.DrawingController.cpp;Inkeys/Inkeys/Drawing/Draw3/Draw3.HiddenWindowTest.cpp;Inkeys/Inkeys/Drawing/Draw3/Draw3.Host.cpp;Inkeys/Inkeys/Drawing/Draw3/Draw3.SpeedEraser.cpp;Inkeys/Inkeys/Drawing/Draw3/Draw3.SpeedEraser.h;InkeysHeadlessTests/speed_eraser_tests.cpp	ordinary/product-code/assets	p1:18files:5ee0c2847214ce8a | uniq=18 +525/-28 | @@ -34,0 +35,2 @@;@@ -94 +94 @@ | code_change=Draw3.DrawingController.cpp:+d.evidenceStartSeconds=cfg.evidenceStartSeconds;d.evidenceFullSeconds=cfg.evidenceFullSeconds;;Draw3.DrawingController.cpp:+d.evidenceDecaySeconds=cfg.evidenceDecaySeconds;d.growthTauSeconds=cfg.growthTauSeconds;;Draw3.DrawingController.cpp:+d.largeGrowthTauSeconds=cfg.largeGrowthTauSeconds;	full patch + H0 current shared-contract static review	H0 Draw3.SpeedEraser ResolveConfig/ResolveInput, contact-area metadata gate, UpdatePosition/Advance/reconnect; speed_eraser_tests and hidden input cases	静态审查未确认本项新缺陷；真实输入/视觉行为未验证		static only; tests located, not independently run
4d1727916a7d2474841156de753ee3d24d2ad7c7	batch1:36;H0 reachable	docs/Trellis	ordinary/documentation/task-state	p1:2files:c4ef072bb02fabe7 | uniq=2 +43/-1 | @@ -11,2 +11,2 @@;@@ -22 +22 @@	brief full patch/path/security-token scan	metadata only	仅 Trellis 文档/任务记录，未改产品代码；本项无确认产品缺陷		static diff only; runtime not applicable
cf4a1874e206a7db50ebd9911eaece3aa4c38be6	batch1:37;H0 reachable	Inkeys/IdtMain.cpp;Inkeys/Inkeys/Drawing/Draw3/Draw3.DrawingController.cpp;Inkeys/Inkeys/Drawing/Draw3/Draw3.HiddenWindowTest.cpp;Inkeys/Inkeys/Drawing/Draw3/Draw3.Host.cpp;Inkeys/Inkeys/Drawing/Draw3/Draw3.SpeedEraser.h;Inkeys/Inkeys/UI/Setting/Setting.cpp;Inkeys/src/i18n/en-US.jsonc;Inkeys/src/i18n/zh-CN.jsonc	ordinary/product-code/assets	p1:20files:fc215d2fb48ada59 | uniq=20 +249/-23 | @@ -282,0 +283,2 @@;@@ -32,0 +33,2 @@ | code_change=Draw3.DrawingController.cpp:+if(!r)for(const auto* candidate:active);Draw3.DrawingController.cpp:+if(candidate && !candidate->ended){r=candidate;break;};Draw3.DrawingController.cpp:+d.inputContact=!r->ended && !r->awaitingReconnect;	full patch + H0 current shared-contract static review	H0 Draw3.SpeedEraser ResolveConfig/ResolveInput, contact-area metadata gate, UpdatePosition/Advance/reconnect; speed_eraser_tests and hidden input cases	静态审查未确认本项新缺陷；真实输入/视觉行为未验证		static only; tests located, not independently run
9535d40364ebfdef68d20e160fdf880c9f6cea62	batch1:38;H0 reachable	docs/Trellis	ordinary/documentation/task-state	p1:2files:45b47a206f823b24 | uniq=2 +40/-1 | @@ -11,2 +11,2 @@;@@ -22 +22 @@	brief full patch/path/security-token scan	metadata only	仅 Trellis 文档/任务记录，未改产品代码；本项无确认产品缺陷		static diff only; runtime not applicable
5997d23b8d39d6cd3dd9549b94bce442fac3548d	batch1:39;H0 reachable	Inkeys/Inkeys/Drawing/Draw3/Draw3.DrawingController.cpp;Inkeys/Inkeys/Drawing/Draw3/Draw3.HiddenWindowTest.cpp;Inkeys/Inkeys/Drawing/Draw3/Draw3.Host.cpp;Inkeys/Inkeys/Drawing/Draw3/Draw3.SpeedEraser.cpp;Inkeys/Inkeys/Drawing/Draw3/Draw3.SpeedEraser.h;InkeysHeadlessTests/speed_eraser_tests.cpp	ordinary/product-code/assets	p1:18files:2aeabda7bd539f0c | uniq=18 +552/-17 | @@ -275,0 +276 @@;@@ -32,0 +33,2 @@ | code_change=Draw3.DrawingController.cpp:-d.mode=cfg.mode;d.motionSource=cfg.motionSource;d.motionUnit=cfg.motionUnit;d.sizes=cfg.sizes;;Draw3.DrawingController.cpp:+d.requestedDeviceMode=cfg.mode;d.touchProfileSource=cfg.touchProfileSource;;Draw3.DrawingController.cpp:+d.touchProfileWeight=cfg.touchProfileWeight;d.touchSurfaceLongEdgeMm=cfg.touchSurfaceLongEdgeMm;	full patch + H0 current shared-contract static review	H0 Draw3.SpeedEraser ResolveConfig/ResolveInput, contact-area metadata gate, UpdatePosition/Advance/reconnect; speed_eraser_tests and hidden input cases	静态审查未确认本项新缺陷；真实输入/视觉行为未验证		static only; tests located, not independently run
94e07b2599adab9de4286aa5fb7526e2c1c681f6	batch1:40;H0 reachable	Inkeys/IdtI18nKeys.g.h;Inkeys/IdtMain.cpp;Inkeys/Inkeys.vcxproj;Inkeys/Inkeys.vcxproj.filters;Inkeys/Inkeys/UI/Bar/Bar.Animation.cppm;Inkeys/Inkeys/UI/Bar/Bar.Button.cpp;Inkeys/Inkeys/UI/Bar/Bar.EraserAttribute.Test.cpp;Inkeys/Inkeys/UI/Bar/Bar.I18nFormat.h	merge/integration	p1:27files:df3413c149b8cb5a | p2:0files:e3b0c44298fc1c14 | uniq=27 +900/-100 | @@ -0,0 +1,3 @@;@@ -0,0 +1,35 @@	two-parent full patch indexed; remerge-diff empty	Inkeys/IdtI18nKeys.g.h;Inkeys/IdtMain.cpp;Inkeys/Inkeys.vcxproj;Inkeys/Inkeys.vcxproj.filters;Inkeys/Inkeys/UI/Bar/Bar.Animation.cppm	合并自身无独立冲突解决；分支内容在各 SHA 单审		git --remerge-diff static check; runtime not run
f75f51c546ddef21e03dc19c2305e0b0c1a85c84	batch1:41;H0 reachable	Inkeys/IdtFreezeFrame.cpp;Inkeys/IdtHistoricalDrawpad.cpp;Inkeys/IdtMagnification.cpp;Inkeys/IdtMagnification.h;Inkeys/IdtMain.cpp;Inkeys/Inkeys.vcxproj;Inkeys/Inkeys.vcxproj.filters;Inkeys/Inkeys/UI/Bar/Bar.Button.cpp	merge/integration	p1:32files:dbb8b11052c0cce9 | p2:27files:df3413c149b8cb5a | uniq=52 +2476/-350 | @@ -58 +58 @@;@@ -74 +74 @@	two-parent full patch indexed; remerge-diff empty	Inkeys/IdtFreezeFrame.cpp;Inkeys/IdtHistoricalDrawpad.cpp;Inkeys/IdtMagnification.cpp;Inkeys/IdtMagnification.h;Inkeys/IdtMain.cpp	合并自身无独立冲突解决；分支内容在各 SHA 单审		git --remerge-diff static check; runtime not run
ab023a17b78e01c9eb4317364492a93b470116db	batch1:42;H0 reachable	Inkeys/IdtFreezeFrame.cpp;Inkeys/IdtHistoricalDrawpad.cpp;Inkeys/IdtMagnification.cpp;Inkeys/IdtMagnification.h;Inkeys/IdtMain.cpp;Inkeys/Inkeys.vcxproj;Inkeys/Inkeys.vcxproj.filters;Inkeys/Inkeys/UI/Bar/Bar.Button.cpp	merge/integration	p1:32files:9cae821afba07290 | p2:0files:e3b0c44298fc1c14 | uniq=32 +1578/-250 | @@ -58 +58 @@;@@ -74 +74 @@	two-parent full patch indexed; remerge-diff empty	Inkeys/IdtFreezeFrame.cpp;Inkeys/IdtHistoricalDrawpad.cpp;Inkeys/IdtMagnification.cpp;Inkeys/IdtMagnification.h;Inkeys/IdtMain.cpp	合并自身无独立冲突解决；分支内容在各 SHA 单审		git --remerge-diff static check; runtime not run
242a5e0ed609d164daed4eec708887196de7c75e	batch1:43;H0 reachable	docs/Trellis	ordinary/documentation/task-state	p1:2files:ec38f8f1dc44e97d | uniq=2 +27/-1 | @@ -11,2 +11,2 @@;@@ -22 +22 @@	brief full patch/path/security-token scan	metadata only	仅 Trellis 文档/任务记录，未改产品代码；本项无确认产品缺陷		static diff only; runtime not applicable
3f0b82ae1c91df0cf6e7da88e108a89cd4199f83	batch1:44;H0 reachable	docs/Trellis	ordinary/documentation/task-state	p1:16files:ad7387c8714ad31f | uniq=16 +333/-220 | @@ -1,7 +0,0 @@;@@ -1,73 +0,0 @@	brief full patch/path/security-token scan	metadata only	仅 Trellis 文档/任务记录，未改产品代码；本项无确认产品缺陷		static diff only; runtime not applicable
7df93730f1306c3550e76c6e12bf7356e966b734	batch1:45;H0 reachable	Inkeys/IdtFreezeFrame.cpp;Inkeys/IdtHistoricalDrawpad.cpp;Inkeys/IdtMagnification.cpp;Inkeys/IdtMagnification.h;Inkeys/IdtMain.cpp;Inkeys/Inkeys.vcxproj;Inkeys/Inkeys.vcxproj.filters;Inkeys/Inkeys/UI/Freeze/Freeze.MagnifierCoordinator.h	ordinary/product-code/assets	p1:20files:4d3baf269e1a29e8 | uniq=20 +1167/-284 | @@ -1556,0 +1557,4 @@;@@ -1557,0 +1562 @@ | code_change=IdtFreezeFrame.cpp:-auto& windowService = Inkeys::Window::GetService();;IdtFreezeFrame.cpp:-if (magnificationReady);IdtFreezeFrame.cpp:+if (Inkeys::UI::Freeze::IsActive())	full patch + H0 current shared-contract static review	IdtMagnification::MagnifierThread/BuildCurrentFilterList/Freeze coordinator；Window owner/overlay	静态审查未确认本项新缺陷；真实 GUI/设备行为未验证		static only; existing tests located, not independently run
ba14ddd6f4fa878cb2b51f791363dae48e6ee148	batch1:46;H0 reachable	Inkeys/IdtMagnification.cpp	ordinary/product-code/assets	p1:9files:16ad74918ac3498e | uniq=9 +343/-38 | @@ -0,0 +1,4 @@;@@ -0,0 +1,54 @@ | code_change=IdtMagnification.cpp:+namespace;IdtMagnification.cpp:+void LogMagnificationFilterFailure();IdtMagnification.cpp:+IDirect3D9* pD3D = Direct3DCreate9(D3D_SDK_VERSION);	full patch + H0 current shared-contract static review	IdtMagnification::MagnifierThread/BuildCurrentFilterList/Freeze coordinator；Window owner/overlay	静态审查未确认本项新缺陷；真实 GUI/设备行为未验证		static only; existing tests located, not independently run
62aabc3dec70d43e1925eb0a0824e2e97b0ffa5c	batch1:47;H0 reachable	Inkeys/IdtFreezeFrame.cpp;Inkeys/Inkeys/UI/Bar/Bar.Button.cpp	ordinary/product-code/assets	p1:6files:bd123b35b2fdad72 | uniq=6 +24/-11 | @@ -1570 +1570 @@;@@ -1606 +1606 @@ | code_change=IdtFreezeFrame.cpp:-bool overlayFullscreen = false;;IdtFreezeFrame.cpp:-overlayFullscreen = windowService.SetOverlayFullscreen(true);;IdtFreezeFrame.cpp:-if (overlayFullscreen)	full patch + H0 current shared-contract static review	IdtMagnification::MagnifierThread/BuildCurrentFilterList/Freeze coordinator；Window owner/overlay	静态审查未确认本项新缺陷；真实 GUI/设备行为未验证		static only; existing tests located, not independently run
72712c356b6b456acb7099a61314a1d1def64ded	batch1:48;H0 reachable	Inkeys/Inkeys/UI/Bar/Bar.Button.cpp	ordinary/product-code/assets	p1:5files:de6cd3d12675792f | uniq=5 +41/-0 | @@ -1556,0 +1557 @@;@@ -1568,0 +1570 @@ | code_change=Bar.Button.cpp:+const bool wasActive = Inkeys::UI::Freeze::IsActive();;Bar.Button.cpp:+if (!wasActive && Inkeys::UI::Freeze::IsActive());Bar.Button.cpp:+(void)Inkeys::Window::GetService().RequestTopmostRefresh();	full patch + H0 current shared-contract static review	IdtMagnification::MagnifierThread/BuildCurrentFilterList/Freeze coordinator；Window owner/overlay	静态审查未确认本项新缺陷；真实 GUI/设备行为未验证		static only; existing tests located, not independently run
8a25cfcd22b01fac3c8792d06e9f002ac16750c7	batch1:49;H0 reachable	Inkeys/Inkeys/Window/Window.cpp;InkeysHeadlessTests/window_tests.cpp	ordinary/product-code/assets	p1:8files:5db1a86583df3724 | uniq=8 +115/-8 | @@ -58 +58 @@;@@ -74 +74 @@ | code_change=Window.cpp:-else if (role == WindowRole::DrawpadPresentation ||;Window.cpp:-role == WindowRole::Drawpad);Window.cpp:+else if (role == WindowRole::DrawpadPresentation)	full patch + H0 current shared-contract static review	IdtMagnification::MagnifierThread/BuildCurrentFilterList/Freeze coordinator；Window owner/overlay	静态审查未确认本项新缺陷；真实 GUI/设备行为未验证		static only; existing tests located, not independently run
bf98ad92b2b85ec40a428a10b762c3271a78460f	batch1:50;H0 reachable	docs/Trellis	ordinary/documentation/task-state	p1:2files:b1b6779127a1b4c8 | uniq=2 +26/-1 | @@ -11,2 +11,2 @@;@@ -22 +22 @@	brief full patch/path/security-token scan	metadata only	仅 Trellis 文档/任务记录，未改产品代码；本项无确认产品缺陷		static diff only; runtime not applicable
eccf01ab7901eab334ba647d2068e22f5d5b6df5	batch1:51;H0 reachable	docs/Trellis	ordinary/documentation/task-state	p1:12files:74bef4494673f958 | uniq=12 +120/-75 | @@ -1,3 +0,0 @@;@@ -1,35 +0,0 @@	brief full patch/path/security-token scan	metadata only	仅 Trellis 文档/任务记录，未改产品代码；本项无确认产品缺陷		static diff only; runtime not applicable
0409256f1b95fd12db7081d1a9ec389072b8b250	batch1:52;H0 reachable	Inkeys/Inkeys.vcxproj;Inkeys/Inkeys.vcxproj.filters;Inkeys/Inkeys/UI/Bar/Bar.I18nFormat.h;Inkeys/Inkeys/UI/Bar/Bar.RenderLoop.cpp;Inkeys/Inkeys/UI/Bar/Bar.State.cpp;InkeysHeadlessTests/animation_tests.cpp	ordinary/product-code/assets	p1:6files:0e1181b16cd75dfd | uniq=6 +70/-7 | @@ -414,0 +415 @@;@@ -307,0 +308,3 @@ | code_change=Bar.I18nFormat.h:+#pragma once;Bar.I18nFormat.h:+namespace Inkeys::UI::Bar::Detail;Bar.I18nFormat.h:+[[nodiscard]] inline std::wstring FormatThicknessText(	full diff + current caller/callee/failure-path static review	localized thickness formatting guard used in Bar state/render	静态当前调用链已审；未见确认问题		static only; relevant headless/GUI execution not independently run
62a9801de361102eb168e132e73af90e83b795ea	batch1:53;H0 reachable	Inkeys/Inkeys/UI/Setting/Setting.cpp	ordinary/product-code/assets	"p1:4files:bed2f3205e243568 | uniq=4 +17/-5 | @@ -11,0 +12 @@;@@ -30,0 +32 @@ | code_change=Setting.cpp:+ImGui::SetCursorPos({ 10.0f * settingGlobalScale,ImGui::GetCursorPosY() + 4.0f * settingGlobalScale ;Setting.cpp:+if (Widgets::button.Navigation(("" \uf2b7 "" + IA(I18nKey.SettingsUI.Language.N)).c_str(), { 150.0f * "	full patch + H0 current shared-contract static review	H0 UI3 i18n key bounds/format guard and Setting language navigation	静态审查未确认本项新缺陷；真实输入/视觉行为未验证		static only; tests located, not independently run
f9927b95ff55e1089eb67c5045221eba044c4eb7	batch1:54;H0 reachable	Inkeys/IdtI18nKeys.g.h;Inkeys/IdtMain.cpp;Inkeys/Inkeys/UI/Bar/Bar.Animation.cppm;Inkeys/Inkeys/UI/Bar/Bar.Button.cpp;Inkeys/Inkeys/UI/Bar/Bar.EraserAttribute.Test.cpp;Inkeys/Inkeys/UI/Bar/Bar.Initialization.cpp;Inkeys/Inkeys/UI/Bar/Bar.RenderLoop.cpp;Inkeys/Inkeys/UI/Bar/Bar.Rendering.cpp	ordinary/product-code/assets	p1:21files:76a6c3ad46174a01 | uniq=21 +801/-100 | @@ -0,0 +1,3 @@;@@ -0,0 +1,33 @@ | code_change=IdtMain.cpp:-setlist.selectLanguage = 1;;IdtMain.cpp:+if (setlist.selectLanguage < 0 || setlist.selectLanguage > 2);IdtMain.cpp:+setlist.selectLanguage = 0;	full patch + H0 current shared-contract static review	H0 UI3 i18n key bounds/format guard and Setting language navigation	静态审查未确认本项新缺陷；真实输入/视觉行为未验证		static only; tests located, not independently run
3ceb4b1c4e2bc8a277075cdcbe8fa8fe3e50531c	batch1:55;H0 reachable	Inkeys/HiEasyX.h;Inkeys/HiEasyX/HiCanvas.cpp;Inkeys/HiEasyX/HiCanvas.h;Inkeys/HiEasyX/HiContainer.cpp;Inkeys/HiEasyX/HiContainer.h;Inkeys/HiEasyX/HiDef.h;Inkeys/HiEasyX/HiDrawingProperty.cpp;Inkeys/HiEasyX/HiDrawingProperty.h	merge/import-integration	p1:1623files:f3367b4364d3d6b3 | p2:0files:e3b0c44298fc1c14 | uniq=1623 +350717/-26902 | @@ -0,0 +1,2 @@;@@ -7,0 +8,2 @@	two-parent full patch indexed; remerge-diff empty	renamed/deleted: review mapping	合并自身无独立冲突解决；集成了现行 DWM 呈现合同问题 AUD-B1-001，原始来源 fc9a8b865 在后续批次	AUD-B1-001	git --remerge-diff static check; runtime not run
7d41d9851e52fc06a50b73c24963321631e6f67e	batch1:56;H0 reachable	Inkeys/IdtConfiguration.cpp;Inkeys/IdtFreezeFrame.cpp;Inkeys/IdtI18nKeys.g.h;Inkeys/IdtMain.cpp;Inkeys/IdtState.cpp;Inkeys/Inkeys/UI/Setting/Setting.SessionState.h;Inkeys/Inkeys/UI/Setting/Setting.cpp;Inkeys/Inkeys/Window/Window.cpp	merge/integration	p1:24files:ea7a0147b687ef77 | p2:0files:e3b0c44298fc1c14 | uniq=24 +1122/-1669 | @@ -36,0 +37,54 @@;@@ -1376,0 +1377,6 @@	two-parent full patch indexed; remerge-diff empty	Inkeys/IdtConfiguration.cpp;Inkeys/IdtFreezeFrame.cpp;Inkeys/IdtI18nKeys.g.h;Inkeys/IdtMain.cpp;Inkeys/IdtState.cpp	合并自身无独立冲突解决；分支内容在各 SHA 单审		git --remerge-diff static check; runtime not run
8fbeffb48d235386e1a8699137d05d70ca74ca51	batch1:57;H0 reachable	Inkeys/IdtState.cpp	ordinary/product-code/assets	p1:5files:1e90dc6140739c3f | uniq=5 +62/-4 | @@ -1569 +1569 @@;@@ -1589,0 +1590,2 @@ | code_change=IdtState.cpp:+std::atomic_uint64_t settingOwnerDesiredState = 0;;IdtState.cpp:+std::atomic_uint64_t settingOwnerAppliedState = 0;;IdtState.cpp:+std::mutex settingOwnerApplyMutex;	full patch + H0 current shared-contract static review	IdtState settingOwnerDesired/Applied revision→WindowService::SetSettingOwnedByDrawpad	静态审查未确认本项新缺陷；真实 GUI/设备行为未验证		static only; existing tests located, not independently run
880163860d22289bc8741abb5bf2c0cb0c677258	batch1:58;H0 reachable	Inkeys/Inkeys/UI/Setting/Setting.cpp;Inkeys/src/i18n/en-US.jsonc;Inkeys/src/i18n/zh-CN.jsonc;Inkeys/src/i18n/zh-TW.jsonc	ordinary/product-code/assets	"p1:9files:769482d0b94cc3d3 | uniq=9 +41/-17 | @@ -1376,0 +1377,6 @@;@@ -16,0 +17 @@ | code_change=Setting.cpp:-ImGui::BeginChild(""常规#3"", { settingItemWidth * settingGlobalScale,470.0f * settingGlobalScale }, fal;Setting.cpp:+const bool showAnimationRate = Experimental.Inkeys3.AnimationEnable;;Setting.cpp:+const bool showDynamicEdgeLighting = Experimental.Inkeys3.EdgeLightingEnable;"	full patch + H0 current shared-contract static review	IdtState settingOwnerDesired/Applied revision→WindowService::SetSettingOwnedByDrawpad	静态审查未确认本项新缺陷；真实 GUI/设备行为未验证		static only; existing tests located, not independently run
e6c729d2081ed9f37e744316e0d3158177d169ee	batch1:59;H0 reachable	Inkeys/IdtConfiguration.cpp;Inkeys/IdtFreezeFrame.cpp;Inkeys/IdtI18nKeys.g.h;Inkeys/IdtMain.cpp;Inkeys/Inkeys/UI/Setting/Setting.cpp;Inkeys/src/i18n/en-US.jsonc;Inkeys/src/i18n/zh-CN.jsonc;Inkeys/src/i18n/zh-TW.jsonc	ordinary/product-code/assets	"p1:13files:eab494b6434bbf5f | uniq=13 +686/-1677 | @@ -36,0 +37,54 @@;@@ -0,0 +1,16 @@ | code_change=IdtConfiguration.cpp:-if (setlistVal[""Regular""].isMember(""AvoidFullScreen"") && setlistVal[""Regular""][""AvoidFullScreen""].is;IdtConfiguration.cpp:-setlist.regularSetting.avoidFullScreen = setlistVal[""Regular""][""AvoidFullScreen""].asBool();;IdtConfiguration.cpp:-if (setlistVal.isMember(""PointAdsorption"") && setlistVal[""PointAdsorption""].isBool())"	full patch + H0 current shared-contract static review	IdtState settingOwnerDesired/Applied revision→WindowService::SetSettingOwnedByDrawpad	静态审查未确认本项新缺陷；真实 GUI/设备行为未验证		static only; existing tests located, not independently run
7218d7191c5edd52f7b37a864ad035ce4625c65d	batch1:60;H0 reachable	Inkeys/Inkeys/UI/Setting/Setting.SessionState.h;Inkeys/Inkeys/UI/Setting/Setting.cpp;InkeysHeadlessTests/setting_session_state_tests.cpp	ordinary/product-code/assets	p1:5files:232590d0a2c9fac5 | uniq=5 +81/-2 | @@ -1549,0 +1550 @@;@@ -1564,0 +1566 @@ | code_change=Setting.SessionState.h:+enum class BarButtonClickAction : std::uint8_t;Setting.SessionState.h:+ShowAndActivate,;Setting.SessionState.h:+Activate,	full patch + H0 current shared-contract static review	IdtState settingOwnerDesired/Applied revision→WindowService::SetSettingOwnedByDrawpad	静态审查未确认本项新缺陷；真实 GUI/设备行为未验证		static only; existing tests located, not independently run
8a76994c3da726164cbc3c708a124f5fd3ef2396	batch1:61;H0 reachable	Inkeys/Inkeys/UI/Setting/Setting.cpp	ordinary/product-code/assets	p1:4files:5836ed8f5ba2e6d9 | uniq=4 +81/-0 | @@ -1563,0 +1564 @@;@@ -1581,0 +1583,2 @@ | code_change=Setting.cpp:+if (msg == WM_NCHITTEST);Setting.cpp:+POINT point{ GET_X_LPARAM(lParam), GET_Y_LPARAM(lParam) };;Setting.cpp:+if (!ScreenToClient(hWnd, &point)) return HTCLIENT;	full patch + H0 current shared-contract static review	IdtState settingOwnerDesired/Applied revision→WindowService::SetSettingOwnedByDrawpad	静态审查未确认本项新缺陷；真实 GUI/设备行为未验证		static only; existing tests located, not independently run
9604e60a9a31f38dd7d2f0fcf862375848467488	batch1:62;H0 reachable	Inkeys/IdtState.cpp;Inkeys/Inkeys/Window/Window.cpp;Inkeys/Inkeys/Window/Window.cppm;InkeysHeadlessTests/window_tests.cpp	ordinary/product-code/assets	p1:9files:cd6242a485161552 | uniq=9 +213/-1 | @@ -1545,0 +1546 @@;@@ -1561 +1562,2 @@ | code_change=IdtState.cpp:+(void)Inkeys::Window::GetService().SetSettingOwnedByDrawpad(;IdtState.cpp:+stateMode.StateModeSelect != StateModeSelectEnum::IdtSelection);;Window.cpp:+[[nodiscard]] bool SetSettingOwnedByDrawpad(bool enabled)	full patch + H0 current shared-contract static review	IdtState settingOwnerDesired/Applied revision→WindowService::SetSettingOwnedByDrawpad	静态审查未确认本项新缺陷；真实 GUI/设备行为未验证		static only; existing tests located, not independently run
e3970c2e1fb2b62dda15fa96951522a70d850774	batch1:63;H0 reachable	Inkeys/Inkeys/Drawing/Draw3/Assets/inkPixelShader.hlsl;Inkeys/Inkeys/Drawing/Draw3/Draw3.DrawingController.cpp;Inkeys/Inkeys/Drawing/Draw3/Draw3.DrawingController.cppm;Inkeys/Inkeys/Drawing/Draw3/Draw3.HiddenWindowTest.cpp;Inkeys/Inkeys/Drawing/Draw3/Draw3.Host.cpp;Inkeys/Inkeys/Drawing/Draw3/Draw3.Host.h;Inkeys/Inkeys/Drawing/Draw3/Draw3.InkPrediction.cppm;Inkeys/Inkeys/Drawing/Draw3/Draw3.PenDiagnostics.h	merge/integration	p1:33files:09e59fdb5b8e29c7 | p2:0files:e3b0c44298fc1c14 | uniq=33 +4311/-106 | @@ -71,0 +72,2 @@;@@ -99 +99 @@	two-parent full patch indexed; remerge-diff empty	Inkeys/Inkeys/Drawing/Draw3/Assets/inkPixelShader.hlsl;Inkeys/Inkeys/Drawing/Draw3/Draw3.DrawingController.cpp;Inkeys/Inkeys/Drawing/Draw3/Draw3.DrawingController.cppm;Inkeys/Inkeys/Drawing/Draw3/Draw3.HiddenWindowTest.cpp;Inkeys/Inkeys/Drawing/Draw3/Draw3.Host.cpp	合并自身无独立冲突解决；分支内容在各 SHA 单审		git --remerge-diff static check; runtime not run
1c521b08d4088cf929684f01febc0a5bf6941ca3	batch1:64;H0 reachable	inkStrokeModelerTestTests/contact_input_tests.cpp;inkStrokeModelerTestTests/inkStrokeModelerTestTests.vcxproj	ordinary/test	p1:2files:83cc9ce2f88a532a | uniq=2 +25/-0 | @@ -2577,0 +2578 @@;@@ -2578,0 +2580,5 @@ | code_change=none/metadata	full patch + focused current-code/test static review	独立 Draw3 contact 测试用例与项目登记，未改产品运行时	仅测试与登记，未改生产逻辑；静态审查无确认缺陷		static only; relevant UI not run
d13712dc5500ab5857a507567a7cdab89f4d47e1	batch1:65;H0 reachable	Inkeys/Inkeys/Drawing/Draw3/Assets/inkPixelShader.hlsl;Inkeys/Inkeys/Drawing/Draw3/Draw3.DrawingController.cpp;Inkeys/Inkeys/Drawing/Draw3/Draw3.HiddenWindowTest.cpp;Inkeys/Inkeys/Drawing/Draw3/Draw3.Host.cpp;Inkeys/Inkeys/Drawing/Draw3/Draw3.Host.h;Inkeys/Inkeys/Drawing/Draw3/Draw3.InkPrediction.cppm;Inkeys/Inkeys/Drawing/Draw3/Draw3.PenDiagnostics.h;Inkeys/Inkeys/Drawing/Draw3/Draw3.StrokeGeometry.cpp	ordinary/product-code/assets	p1:25files:f27e6a2c38ad4c40 | uniq=25 +1262/-21 | @@ -406,0 +407,3 @@;@@ -417,0 +421,2 @@ | code_change=inkPixelShader.hlsl:+float GetInkLocalRadius(float2 p, float2 p1, float2 p2, float r1, float r2);inkPixelShader.hlsl:+float2 segment = p2 - p1;;inkPixelShader.hlsl:+float h = length(segment);	full patch + H0 current shared-contract static review	H0 Draw3.InkPrediction/StrokeGeometry endpoint admission, stationary model update/freeze and terminal pin; standalone contact tests	静态审查未确认本项新缺陷；真实输入/视觉行为未验证		static only; tests located, not independently run
d4456c21e741aad8d4650dccd6c2609eb9660e1c	batch1:66;H0 reachable	Inkeys/Inkeys/Drawing/Draw3/Draw3.DrawingController.cpp;Inkeys/Inkeys/Drawing/Draw3/Draw3.DrawingController.cppm;Inkeys/Inkeys/Drawing/Draw3/Draw3.HiddenWindowTest.cpp;Inkeys/Inkeys/Drawing/Draw3/Draw3.Host.cpp;Inkeys/Inkeys/Drawing/Draw3/Draw3.Host.h;Inkeys/Inkeys/Drawing/Draw3/Draw3.InkPrediction.cppm;Inkeys/Inkeys/Drawing/Draw3/Draw3.PenDiagnostics.h;Inkeys/Inkeys/Drawing/Draw3/Draw3.StrokeGeometry.cpp	ordinary/product-code/assets	p1:20files:f1cae448a38531b8 | uniq=20 +870/-157 | @@ -71,0 +72,2 @@;@@ -398 +398 @@ | code_change=Draw3.DrawingController.cpp:+uint64_t diagnosticStrokeId = 0;;Draw3.DrawingController.cpp:+uint64_t diagnosticModelUpdates = 0;;Draw3.DrawingController.cpp:+uint64_t nextDiagnosticStrokeId = 0;	full patch + H0 current shared-contract static review	H0 Draw3.InkPrediction/StrokeGeometry endpoint admission, stationary model update/freeze and terminal pin; standalone contact tests	静态审查未确认本项新缺陷；真实输入/视觉行为未验证		static only; tests located, not independently run
c88d8989259a1d0b1d74865e9c5533d81e93f035	batch1:67;H0 reachable	Inkeys/Inkeys/Drawing/Draw3/Draw3.DrawingController.cpp;Inkeys/Inkeys/Drawing/Draw3/Draw3.InkPrediction.cppm;Inkeys/Inkeys/Drawing/Draw3/Draw3.StrokeGeometry.cpp;inkStrokeModelerTest/draw3/drawing_controller.cpp;inkStrokeModelerTest/draw3/ink_prediction.cppm;inkStrokeModelerTest/draw3/stroke_geometry.cpp;inkStrokeModelerTestTests/contact_input_tests.cpp	ordinary/product-code/assets	p1:15files:b491560d7b7bc20b | uniq=15 +1503/-71 | @@ -402,0 +403 @@;@@ -409,0 +411,2 @@ | code_change=Draw3.DrawingController.cpp:-auto updateContactModel = [&](RuntimeStroke& runtime,const Input& next,double inputTime);Draw3.DrawingController.cpp:+auto updateContactModel = [&](RuntimeStroke& runtime, const Input& next,;Draw3.DrawingController.cpp:+double inputTime, std::vector<ink::stroke_model::Result>& modelOutput)	full patch + H0 current shared-contract static review	H0 Draw3.InkPrediction/StrokeGeometry endpoint admission, stationary model update/freeze and terminal pin; standalone contact tests	静态审查未确认本项新缺陷；真实输入/视觉行为未验证		static only; tests located, not independently run
23dcb72863dd72c338a50b652a4165de6139bde2	batch1:68;H0 reachable	Inkeys/Inkeys/Drawing/Draw3/Draw3.DrawingController.cpp;Inkeys/Inkeys/Drawing/Draw3/Draw3.InkPrediction.cppm;Inkeys/Inkeys/Drawing/Draw3/Draw3.StrokeGeometry.cpp;inkStrokeModelerTest/draw3/drawing_controller.cpp;inkStrokeModelerTest/draw3/ink_prediction.cppm;inkStrokeModelerTest/draw3/stroke_geometry.cpp;inkStrokeModelerTestTests/contact_input_tests.cpp	ordinary/product-code/assets	p1:16files:a450c17bfc7a321f | uniq=16 +765/-10 | @@ -390 +390 @@;@@ -393,0 +394,61 @@ | code_change=Draw3.DrawingController.cpp:+bool modelInputThisFrame = false;;Draw3.DrawingController.cpp:+bool stationaryModelAdvanceBlocked = false;;Draw3.DrawingController.cpp:+reconnectRuntime->modelInputThisFrame = true;	full patch + H0 current shared-contract static review	H0 Draw3.InkPrediction/StrokeGeometry endpoint admission, stationary model update/freeze and terminal pin; standalone contact tests	静态审查未确认本项新缺陷；真实输入/视觉行为未验证		static only; tests located, not independently run
2890cc71f0e755569900b19e72d735a485a649f5	batch1:69;H0 reachable	Inkeys/Inkeys/Drawing/Draw3/Draw3.DrawingController.cpp;Inkeys/Inkeys/Drawing/Draw3/Draw3.HiddenWindowTest.cpp	ordinary/product-code/assets	p1:4files:76a4658cb048986b | uniq=4 +56/-6 | @@ -99 +99 @@;@@ -189 +189 @@ | code_change=Draw3.DrawingController.cpp:+bool previousClearUndoAvailable = true; // 跨 Clear 恢复成功后消费，阻止进入更早画布。;Draw3.DrawingController.cpp:+destination.previousClearUndoAvailable =;Draw3.DrawingController.cpp:+source.previousClearUndoAvailable;	full patch + H0 current shared-contract static review	H0 Draw3 clear undo previous boundary flag and headless case	静态审查未确认本项新缺陷；真实输入/视觉行为未验证		static only; tests located, not independently run
a3f46e41e7ef3ca10758d4c820cbfb2b2d8c5bab	batch1:70;H0 reachable	Inkeys/IdtConfiguration.cpp;Inkeys/IdtConfiguration.h;Inkeys/IdtDraw.cpp;Inkeys/IdtI18nKeys.g.h;Inkeys/IdtMain.cpp;Inkeys/IdtStart.cpp;Inkeys/IdtState.cpp;Inkeys/IdtState.h	merge/integration	p1:182files:8b6c8845feaf2d0c | p2:0files:e3b0c44298fc1c14 | uniq=182 +14883/-3856 | @@ -75 +75,59 @@;@@ -0,0 +1,95 @@	two-parent full patch indexed; remerge-diff empty	Inkeys/IdtConfiguration.cpp;Inkeys/IdtConfiguration.h;Inkeys/IdtDraw.cpp;Inkeys/IdtI18nKeys.g.h;Inkeys/IdtMain.cpp	合并自身无独立冲突解决；分支内容在各 SHA 单审		git --remerge-diff static check; runtime not run
dead67e0d02b61469d88e1ed990340cf38bab363	batch1:71;H0 reachable	Inkeys/IdtDraw.cpp;Inkeys/IdtMain.cpp;Inkeys/Inkeys/Drawing/Draw3/Draw3.DrawingController.cpp;Inkeys/Inkeys/Drawing/Draw3/Draw3.HiddenWindowTest.cpp;Inkeys/Inkeys/Drawing/Draw3/Draw3.Host.cpp	ordinary/product-code/assets	p1:17files:bbdb3c54b0d38e83 | uniq=17 +42/-22 | @@ -24 +24 @@;@@ -26 +26 @@ | code_change=IdtDraw.cpp:-static_cast<float>(monitor->physicalSize.heightCm),;IdtDraw.cpp:+static_cast<float>(monitor->physicalSize.widthCm),;IdtMain.cpp:-static_cast<float>(monitor->physicalSize.heightCm),	full patch + H0 current shared-contract static review	H0 Display::ReadMonitorEdid/ResolvePhysicalSize, dynamic shcore DPI and safe unavailable fallback	静态审查未确认本项新缺陷；真实输入/视觉行为未验证		static only; tests located, not independently run
b7ff18255f6f4a63d3aeb2fa10f762b644485cfc	batch1:72;H0 reachable	docs/Trellis	ordinary/documentation/task-state	p1:2files:6d35512c83bb77da | uniq=2 +30/-1 | @@ -11,2 +11,2 @@;@@ -22 +22 @@	brief full patch/path/security-token scan	metadata only	仅 Trellis 文档/任务记录，未改产品代码；本项无确认产品缺陷		static diff only; runtime not applicable
5e33399129df271c02c2bc3d5866b4ba70c009b5	batch1:73;H0 reachable	docs/Trellis	ordinary/documentation/task-state	p1:32files:9454649b1825f68a | uniq=32 +1410/-1117 | @@ -1,3 +0,0 @@;@@ -1,4 +0,0 @@	brief full patch/path/security-token scan	metadata only	仅 Trellis 文档/任务记录，未改产品代码；本项无确认产品缺陷		static diff only; runtime not applicable
4a909d4c2e4aa631f1836d84416176fe33fa755a	batch1:74;H0 reachable	docs/Trellis	ordinary/documentation/task-state	p1:24files:eec36854793e61de | uniq=24 +1810/-1265 | @@ -1,10 +0,0 @@;@@ -1,376 +0,0 @@	brief full patch/path/security-token scan	metadata only	仅 Trellis 文档/任务记录，未改产品代码；本项无确认产品缺陷		static diff only; runtime not applicable
4701fcf31f5650960f916dfeb3d4cda43ca11d9a	batch1:75;H0 reachable	docs/Trellis	ordinary/documentation/task-state	p1:22files:0bb4ac3e869dfb19 | uniq=22 +1045/-651 | @@ -1,8 +0,0 @@;@@ -1,355 +0,0 @@	brief full patch/path/security-token scan	metadata only	仅 Trellis 文档/任务记录，未改产品代码；本项无确认产品缺陷		static diff only; runtime not applicable
152ccb10da0483282f6ceeb7cd3a439089a1120a	batch1:76;H0 reachable	docs/Trellis	ordinary/documentation/task-state	p1:16files:0f77776c562ea56e | uniq=16 +689/-418 | @@ -1,6 +0,0 @@;@@ -1,221 +0,0 @@	brief full patch/path/security-token scan	metadata only	仅 Trellis 文档/任务记录，未改产品代码；本项无确认产品缺陷		static diff only; runtime not applicable
f6f99097038dd4a1727974594a35659a5575bd36	batch1:77;H0 reachable	docs/Trellis	ordinary/documentation/task-state	p1:12files:3c2f6b87585390af | uniq=12 +251/-170 | @@ -1 +0,0 @@;@@ -1,88 +0,0 @@	brief full patch/path/security-token scan	metadata only	仅 Trellis 文档/任务记录，未改产品代码；本项无确认产品缺陷		static diff only; runtime not applicable
3308faec15effeb2d5cee8e95baeecf5269d9a0a	batch1:78;H0 reachable	Inkeys/Inkeys/UI/Bar/Bar.EraserAttribute.Test.cpp;Inkeys/Inkeys/UI/Bar/Bar.EraserAttribute.cpp;Inkeys/Inkeys/UI/Bar/Bar.EraserAttributeLayout.cppm;Inkeys/Inkeys/UI/Bar/Bar.EraserAttributeMotion.cppm;Inkeys/Inkeys/UI/Bar/Bar.Main.cppm;InkeysHeadlessTests/eraser_attribute_tests.cpp	ordinary/product-code/assets	p1:10files:87c264d027314ee9 | uniq=10 +159/-23 | @@ -12,0 +13 @@;@@ -43 +44 @@ | code_change=Bar.EraserAttribute.Test.cpp:-RECT workArea={0,0,1000,620},POINT origin={0,0},bool dragPlacementLocked=false);Bar.EraserAttribute.Test.cpp:+RECT workArea={0,0,1000,620},POINT origin={0,0},bool dragPlacementLocked=false,;Bar.EraserAttribute.Test.cpp:+const BarUiTimelineClass* parentTimeline=nullptr)	full patch + H0 current shared-contract static review	H0 Bar.EraserAttribute layout/motion/Execute and eraser_attribute_tests; captured clear accepted before mode restore	静态审查未确认本项新缺陷；真实输入/视觉行为未验证		static only; tests located, not independently run
7ecfbe32429610786aa0fc117d40c02388e53610	batch1:79;H0 reachable	Inkeys/Inkeys/UI/Bar/Bar.EraserAttribute.Test.cpp;Inkeys/Inkeys/UI/Bar/Bar.EraserAttributeLayout.cppm;InkeysHeadlessTests/eraser_attribute_tests.cpp	ordinary/product-code/assets	"p1:7files:868a82fafe74ce82 | uniq=7 +54/-17 | @@ -35 +35 @@;@@ -60,0 +61 @@ | code_change=Bar.EraserAttribute.Test.cpp:-expect(narrow.panelVisible && narrow.geometry.horizontalOverflow && narrow.geometry.panel.Width()<=n;Bar.EraserAttribute.Test.cpp:-""narrow work area clips the production eraser panel without scaling its content"");;Bar.EraserAttribute.Test.cpp:+const double narrowCircleEndGap=narrow.geometry.reversed"	full patch + H0 current shared-contract static review	H0 Bar.EraserAttribute layout/motion/Execute and eraser_attribute_tests; captured clear accepted before mode restore	静态审查未确认本项新缺陷；真实输入/视觉行为未验证		static only; tests located, not independently run
157ca9e4ae847fa43f6fd19f03cf2fb89e04c81a	batch1:80;H0 reachable	Inkeys/Inkeys/UI/Bar/Bar.EraserAttribute.Test.cpp;Inkeys/Inkeys/UI/Bar/Bar.EraserAttribute.cpp;Inkeys/Inkeys/UI/Bar/Bar.EraserAttributeLayout.cppm;Inkeys/Inkeys/UI/Bar/Bar.Main.cppm;Inkeys/Inkeys/UI/Bar/Bar.RenderLoop.cpp;InkeysHeadlessTests/eraser_attribute_tests.cpp	ordinary/product-code/assets	"p1:9files:7f9ce1d7e2c1ea88 | uniq=9 +134/-21 | @@ -4 +4 @@;@@ -12,0 +13 @@ | code_change=Bar.EraserAttribute.Test.cpp:+constexpr UINT narrowWidth=300,narrowHeight=620;;Bar.EraserAttribute.Test.cpp:+I18n::load(1,L""JSON"",L""zh-CN"");owner.barStyle.darkStyle=true;owner.barStyle.zoom=1;;Bar.EraserAttribute.Test.cpp:+owner.barState.widgetPosition.mainBar=true;owner.barState.widgetPosition.primaryBar=false;"	full patch + H0 current shared-contract static review	H0 Bar.EraserAttribute layout/motion/Execute and eraser_attribute_tests; captured clear accepted before mode restore	静态审查未确认本项新缺陷；真实输入/视觉行为未验证		static only; tests located, not independently run
cfdf4e5fa47c40bb0149b8e193c7f5a35a0a8268	batch1:81;H0 reachable	Inkeys/Inkeys/UI/Bar/Bar.EraserAttributeLayout.cppm;InkeysHeadlessTests/eraser_attribute_tests.cpp	ordinary/product-code/assets	p1:3files:55e09329b6524ec1 | uniq=3 +9/-3 | @@ -40 +40 @@;@@ -162 +162,4 @@ | code_change=Bar.EraserAttributeLayout.cppm:-r.menuTitle={mx+padding,my+padding,r.items[9].left-mg,my+padding+row};;Bar.EraserAttributeLayout.cppm:+const double sensitivityButtonTop=my+padding+row+mg;;Bar.EraserAttributeLayout.cppm:+const double titleTop=my+(sensitivityButtonTop-my-row)/2;	full patch + focused current-code/test static review	敏感度弹层标题垂直居中与离线布局断言	静态审查未确认新缺陷；可见 UI 行为需人工验证		static only; relevant UI not run
954a9b3e0ba71bdd8d7cb9ae6c03d56108514d55	batch1:82;H0 reachable	Inkeys/Inkeys/UI/Bar/Bar.EraserAttribute.Test.cpp;Inkeys/Inkeys/UI/Bar/Bar.EraserAttribute.cpp;Inkeys/Inkeys/UI/Bar/Bar.EraserAttributeLayout.cppm;Inkeys/Inkeys/UI/Bar/Bar.Main.cppm;InkeysHeadlessTests/eraser_attribute_tests.cpp	ordinary/product-code/assets	p1:10files:957db3bba68dd4ec | uniq=10 +137/-68 | @@ -36 +36,3 @@;@@ -40 +42 @@ | code_change=Bar.EraserAttribute.Test.cpp:+const auto beforeCorner=EraserPreferencesSnapshot().baseSize;const auto smallHit=layout.items[1];ExM;Bar.EraserAttribute.Test.cpp:+corner.x=static_cast<short>(smallHit.left+0.5);corner.y=static_cast<short>(smallHit.top+0.5);;Bar.EraserAttribute.Test.cpp:+corner.message=WM_LBUTTONDOWN;corner.lbutton=true;owner.eraserAttribute.Pointer(owner,corner);	full patch + H0 current shared-contract static review	H0 Bar.EraserAttribute layout/motion/Execute and eraser_attribute_tests; captured clear accepted before mode restore	静态审查未确认本项新缺陷；真实输入/视觉行为未验证		static only; tests located, not independently run
9277d27a1c33d7f5f6e1d37cee9eb000543b52bf	batch1:83;H0 reachable	Inkeys/IdtState.cpp;Inkeys/Inkeys/Drawing/Draw3/Draw3.SpeedEraser.cpp;Inkeys/Inkeys/Drawing/Draw3/Draw3.SpeedEraser.h;Inkeys/Inkeys/Other/Other.Config.cppm;Inkeys/Inkeys/UI/Bar/Bar.EraserAttribute.Test.cpp;Inkeys/Inkeys/UI/Bar/Bar.EraserAttribute.cpp;Inkeys/Inkeys/UI/Bar/Bar.EraserAttributeLayout.cppm;Inkeys/Inkeys/UI/Bar/Bar.EraserAttributeMotion.cppm	ordinary/product-code/assets	p1:18files:e0c4e62132640459 | uniq=18 +212/-98 | @@ -7 +7 @@;@@ -11 +11 @@ | code_change=IdtState.cpp:-InputSettings result;result.automaticPenSupported=AutomaticPenResponseAvailable();;IdtState.cpp:+InputSettings result;result.automaticEnabled=saved.Automatic.load();;IdtState.cpp:+result.automaticPenSupported=AutomaticPenResponseAvailable();	full patch + H0 current shared-contract static review	H0 Draw3.SpeedEraser ResolveConfig/ResolveInput, contact-area metadata gate, UpdatePosition/Advance/reconnect; speed_eraser_tests and hidden input cases	静态审查未确认本项新缺陷；真实输入/视觉行为未验证		static only; tests located, not independently run
b60123318d42459e4b8a6d9f722f3953b5ff4ee5	batch1:84;H0 reachable	Inkeys/IdtI18nKeys.g.h;Inkeys/Inkeys.rc;Inkeys/Inkeys.vcxproj;Inkeys/Inkeys.vcxproj.filters;Inkeys/Inkeys/Drawing/Draw3/Draw3.HiddenWindowTest.cpp;Inkeys/Inkeys/Drawing/Draw3/Draw3.SpeedEraser.cpp;Inkeys/Inkeys/Drawing/Draw3/Draw3.SpeedEraser.h;Inkeys/Inkeys/UI/Bar/Bar.EraserAttribute.Test.cpp	ordinary/product-code/assets	"p1:30files:a4985ffb78cc8fbb | uniq=30 +1522/-379 | @@ -8 +8 @@;@@ -16 +16 @@ | code_change=Draw3.HiddenWindowTest.cpp:-return d.eraserContact && std::abs(d.downDiameterPx-16)<0.01f;}),""small active contact starts"",failu;Draw3.HiddenWindowTest.cpp:+return d.eraserContact && std::abs(d.downDiameterPx-static_cast<int>(SpeedEraser::BaseSize::Small))<;Draw3.HiddenWindowTest.cpp:-return d.eraserContact && std::abs(d.cursorDiameterPx-16)<0.01f;}),""active contact latches oldB acro"	full patch + H0 current shared-contract static review	H0 Bar.EraserAttribute layout/motion/Execute and eraser_attribute_tests; captured clear accepted before mode restore	静态审查未确认本项新缺陷；真实输入/视觉行为未验证		static only; tests located, not independently run
af22b4a6deafb14fd4fb90316c1c4ccd839e1b75	batch1:85;H0 reachable	Inkeys/IdtMain.cpp;Inkeys/IdtState.cpp;Inkeys/IdtState.h;Inkeys/Inkeys.vcxproj;Inkeys/Inkeys/Drawing/Draw3/Assets/EraserGripVisual.h;Inkeys/Inkeys/Drawing/Draw3/Assets/inkPixelShader.hlsl;Inkeys/Inkeys/Drawing/Draw3/Draw3.DrawingController.cpp;Inkeys/Inkeys/Drawing/Draw3/Draw3.HiddenWindowTest.cpp	ordinary/product-code/assets	"p1:38files:523df3338d406b34 | uniq=38 +1930/-38 | @@ -0,0 +1,72 @@;@@ -16,0 +17 @@ | code_change=IdtMain.cpp:+if (lpCmdLine && CompareStringOrdinal(lpCmdLine, -1,;IdtMain.cpp:+L""--bar-eraser-offscreen-test"", -1, TRUE) == CSTR_EQUAL);IdtMain.cpp:+return Inkeys::UI::Bar::RunEraserAttributeOffscreenTest();"	full patch + H0 current shared-contract static review	H0 Bar.EraserAttribute layout/motion/Execute and eraser_attribute_tests; captured clear accepted before mode restore	静态审查未确认本项新缺陷；真实输入/视觉行为未验证		static only; tests located, not independently run
2f87fe69d2f7680eac1e477723937b6ee5bd251c	batch1:86;H0 reachable	Inkeys/IdtConfiguration.cpp;Inkeys/IdtConfiguration.h;Inkeys/IdtMain.cpp;Inkeys/IdtState.cpp;Inkeys/IdtState.h;Inkeys/Inkeys/Drawing/Draw3/Draw3.Bridge.h;Inkeys/Inkeys/Drawing/Draw3/Draw3.DrawingController.cpp;Inkeys/Inkeys/Drawing/Draw3/Draw3.HiddenWindowTest.cpp	ordinary/product-code/assets	"p1:22files:c60129d72713cf59 | uniq=22 +1257/-746 | @@ -101 +101 @@;@@ -117 +117 @@ | code_change=IdtConfiguration.cpp:-setlist.eraserSetting.eraserMode = Inkeys::Drawing::Draw3::Bridge::NormalizeLegacyEraserMode(;IdtConfiguration.cpp:-setlistVal[""EraserSetting""][""EraserMode""].asInt());;IdtConfiguration.cpp:+const int saved=setlistVal[""EraserSetting""][""EraserMode""].asInt();"	full patch + H0 current shared-contract static review	H0 Draw3.SpeedEraser ResolveConfig/ResolveInput, contact-area metadata gate, UpdatePosition/Advance/reconnect; speed_eraser_tests and hidden input cases	静态审查未确认本项新缺陷；真实输入/视觉行为未验证		static only; tests located, not independently run
e071ff3a00b9781c5407ee6d8e8a773c1293ad8b	batch1:87;H0 reachable	Inkeys/Inkeys/Drawing/Draw3/Draw3.DrawingController.cpp;Inkeys/Inkeys/Drawing/Draw3/Draw3.HiddenWindowTest.cpp;Inkeys/Inkeys/Drawing/Draw3/Draw3.Host.cpp;Inkeys/Inkeys/Drawing/Draw3/Draw3.SpeedEraser.cpp;Inkeys/Inkeys/Drawing/Draw3/Draw3.SpeedEraser.h;InkeysHeadlessTests/speed_eraser_tests.cpp	ordinary/product-code/assets	p1:10files:300e510bc8802a64 | uniq=10 +651/-37 | @@ -94 +94 @@;@@ -101 +101 @@ | code_change=Draw3.DrawingController.cpp:+d.fine=controller->FineDiagnostics();;Draw3.HiddenWindowTest.cpp:+float fineMin=1000,fineMax=0;;Draw3.HiddenWindowTest.cpp:+for(int i=1;i<=18;++i)	full patch + H0 current shared-contract static review	H0 Draw3.SpeedEraser ResolveConfig/ResolveInput, contact-area metadata gate, UpdatePosition/Advance/reconnect; speed_eraser_tests and hidden input cases	静态审查未确认本项新缺陷；真实输入/视觉行为未验证		static only; tests located, not independently run
1236bbb4f28af2700b4229b8588ca160f13974d0	batch1:88;H0 reachable	Inkeys/IdtMain.cpp;Inkeys/Inkeys/Other/Other.Config.cppm;Inkeys/Inkeys/UI/Setting/Setting.cpp	ordinary/product-code/assets	p1:4files:09861e0a1735d26a | uniq=4 +28/-5 | @@ -11 +11 @@;@@ -1376,0 +1377,8 @@ | code_change=IdtMain.cpp:+auto& host = Inkeys::Drawing::Draw3::ProductHost();;IdtMain.cpp:+auto options = host.EraserDevelopmentOptions();;IdtMain.cpp:+options.touchContactAreaAssistance =	full patch + H0 current shared-contract static review	H0 Draw3.SpeedEraser ResolveConfig/ResolveInput, contact-area metadata gate, UpdatePosition/Advance/reconnect; speed_eraser_tests and hidden input cases	静态审查未确认本项新缺陷；真实输入/视觉行为未验证		static only; tests located, not independently run
97f351b69bfc389e5939a474002d289886ec77ed	batch1:89;H0 reachable	Inkeys/Inkeys/Drawing/Draw3/Draw3.ContactInput.cppm;Inkeys/Inkeys/Drawing/Draw3/Draw3.HiddenWindowTest.cpp;Inkeys/Inkeys/Drawing/Draw3/Draw3.Host.cpp;Inkeys/Inkeys/Drawing/Draw3/Draw3.RealtimeStylus.cpp;Inkeys/Inkeys/Drawing/Draw3/Draw3.RealtimeStylus.cppm;Inkeys/Inkeys/Drawing/Draw3/Draw3.SpeedEraser.cpp;Inkeys/Inkeys/Drawing/Draw3/Draw3.SpeedEraser.h;InkeysHeadlessTests/speed_eraser_tests.cpp	ordinary/product-code/assets	p1:10files:342c888c14e675fc | uniq=10 +549/-56 | @@ -165,0 +166,47 @@;@@ -0,0 +1,108 @@ | code_change=Draw3.ContactInput.cppm:-SizeF contactSize = {}; // 既有 per-context 换算结果。;Draw3.ContactInput.cppm:+SizeF contactSize = {}; // 仅元数据可解释时为画布像素；失败保留未知值。;Draw3.HiddenWindowTest.cpp:+if(exerciseEraser)	full patch + H0 current shared-contract static review	H0 Draw3.SpeedEraser ResolveConfig/ResolveInput, contact-area metadata gate, UpdatePosition/Advance/reconnect; speed_eraser_tests and hidden input cases	静态审查未确认本项新缺陷；真实输入/视觉行为未验证		static only; tests located, not independently run
cb38173d0a6b4990370323ee3712dc0762ac86f6	batch1:90;H0 reachable	Inkeys/IdtMain.cpp;Inkeys/Inkeys/Drawing/Draw3/Draw3.DrawingController.cpp;Inkeys/Inkeys/Drawing/Draw3/Draw3.Host.cpp;Inkeys/Inkeys/Drawing/Draw3/Draw3.RealtimeStylus.cpp;Inkeys/Inkeys/Drawing/Draw3/Draw3.SpeedEraser.h;Inkeys/Inkeys/Other/Other.Config.cppm;Inkeys/Inkeys/UI/Setting/Setting.cpp	ordinary/product-code/assets	p1:7files:470d1af203c756eb | uniq=7 +135/-11 | @@ -303,0 +304 @@;@@ -1383 +1384,3 @@ | code_change=IdtMain.cpp:+bool touchAreaConsoleOutputEnabled = false;;IdtMain.cpp:-if (draw3ConsoleOutputEnabled);IdtMain.cpp:+touchAreaConsoleOutputEnabled =	full patch + H0 current shared-contract static review	H0 Draw3.SpeedEraser ResolveConfig/ResolveInput, contact-area metadata gate, UpdatePosition/Advance/reconnect; speed_eraser_tests and hidden input cases	静态审查未确认本项新缺陷；真实输入/视觉行为未验证		static only; tests located, not independently run
d591d4f6d1455e2a919b7c3af1cc6fc63557c5eb	batch1:91;H0 reachable	Inkeys/Inkeys/Drawing/Draw3/Draw3.DrawingController.cpp;Inkeys/Inkeys/Drawing/Draw3/Draw3.HiddenWindowTest.cpp;Inkeys/Inkeys/Drawing/Draw3/Draw3.SpeedEraser.cpp;Inkeys/Inkeys/Drawing/Draw3/Draw3.SpeedEraser.h;Inkeys/Inkeys/UI/Setting/Setting.cpp;InkeysHeadlessTests/speed_eraser_tests.cpp	ordinary/product-code/assets	p1:11files:7abfb8c007f96317 | uniq=11 +423/-54 | @@ -91 +91 @@;@@ -94 +94 @@ | code_change=Draw3.DrawingController.cpp:+auto updateContactModel = [&](RuntimeStroke& runtime,const Input& next,double inputTime);Draw3.DrawingController.cpp:+const auto& sampling=eraserModelParams.sampling_params;;Draw3.DrawingController.cpp:+const bool touchSpeed=runtime.metricDeviceType==InputDeviceType::Touch &&	full patch + H0 current shared-contract static review	H0 Draw3.SpeedEraser ResolveConfig/ResolveInput, contact-area metadata gate, UpdatePosition/Advance/reconnect; speed_eraser_tests and hidden input cases	静态审查未确认本项新缺陷；真实输入/视觉行为未验证		static only; tests located, not independently run
8c05076cb53423c918d127c0a9b70603d922ded1	batch1:92;H0 reachable	Inkeys/Inkeys/Drawing/Draw3/Draw3.ContactInput.cpp;Inkeys/Inkeys/Drawing/Draw3/Draw3.ContactInput.cppm;Inkeys/Inkeys/Drawing/Draw3/Draw3.DrawingController.cpp;Inkeys/Inkeys/Drawing/Draw3/Draw3.HiddenWindowTest.cpp;Inkeys/Inkeys/Drawing/Draw3/Draw3.Host.cpp;Inkeys/Inkeys/Drawing/Draw3/Draw3.Host.h;Inkeys/Inkeys/Drawing/Draw3/Draw3.RealtimeStylus.cpp;Inkeys/Inkeys/Drawing/Draw3/Draw3.SpeedEraser.cpp	ordinary/product-code/assets	p1:13files:9e6b60eed4d7c1c6 | uniq=13 +876/-34 | @@ -0,0 +1,121 @@;@@ -201,0 +202,3 @@ | code_change=Draw3.ContactInput.cpp:+record.rawContactWidth_.Store(snapshot.rawContactSize.width);;Draw3.ContactInput.cpp:+record.rawContactHeight_.Store(snapshot.rawContactSize.height);;Draw3.ContactInput.cpp:+record.contactAreaUnits_.Store(static_cast<uint32_t>(snapshot.contactAreaUnits));	full patch + H0 current shared-contract static review	H0 Draw3.SpeedEraser ResolveConfig/ResolveInput, contact-area metadata gate, UpdatePosition/Advance/reconnect; speed_eraser_tests and hidden input cases	静态审查未确认本项新缺陷；真实输入/视觉行为未验证		static only; tests located, not independently run
a427e84ad181f0a0a930950a2561b34e0731e504	batch1:93;H0 reachable	Inkeys/Inkeys/Drawing/Draw3/Draw3.ContactInput.cpp;Inkeys/Inkeys/Drawing/Draw3/Draw3.ContactInput.cppm;Inkeys/Inkeys/Drawing/Draw3/Draw3.DrawingController.cpp;Inkeys/Inkeys/Drawing/Draw3/Draw3.HiddenWindowTest.cpp;Inkeys/Inkeys/Drawing/Draw3/Draw3.Host.cpp;Inkeys/Inkeys/Drawing/Draw3/Draw3.Host.h;Inkeys/Inkeys/Drawing/Draw3/Draw3.PenCursor.cpp;Inkeys/Inkeys/Drawing/Draw3/Draw3.PenCursor.cppm	ordinary/product-code/assets	p1:15files:028b7d6c2daf2beb | uniq=15 +1035/-117 | @@ -266,0 +267,2 @@;@@ -6,0 +7,2 @@ | code_change=Draw3.ContactInput.cpp:+candidate.source = record.downSnapshot_.source;;Draw3.ContactInput.cppm:+SpeedEraser::InputSource source;;Draw3.DrawingController.cpp:+auto source=down.source;	full patch + H0 current shared-contract static review	H0 Draw3.SpeedEraser ResolveConfig/ResolveInput, contact-area metadata gate, UpdatePosition/Advance/reconnect; speed_eraser_tests and hidden input cases	静态审查未确认本项新缺陷；真实输入/视觉行为未验证		static only; tests located, not independently run
c2a901147c7a511d10b10eeb9c45b6d63fb9b67f	batch1:94;H0 reachable	Inkeys/IdtMain.cpp;Inkeys/Inkeys/Drawing/Draw3/Draw3.DrawingController.cpp;Inkeys/Inkeys/Drawing/Draw3/Draw3.DrawingController.cppm;Inkeys/Inkeys/Drawing/Draw3/Draw3.HiddenWindowTest.cpp;Inkeys/Inkeys/Drawing/Draw3/Draw3.HiddenWindowTest.h;Inkeys/Inkeys/Drawing/Draw3/Draw3.Host.cpp;Inkeys/Inkeys/Drawing/Draw3/Draw3.Host.h;Inkeys/Inkeys/Drawing/Draw3/Draw3.InkPrediction.cppm	ordinary/product-code/assets	p1:20files:226fbdcddb84ca46 | uniq=20 +777/-235 | @@ -91 +91 @@;@@ -94 +94 @@ | code_change=IdtMain.cpp:-/*;IdtMain.cpp:+﻿/*;IdtMain.cpp:+if (lpCmdLine && CompareStringOrdinal(lpCmdLine, -1,	full patch + H0 current shared-contract static review	H0 Draw3.SpeedEraser ResolveConfig/ResolveInput, contact-area metadata gate, UpdatePosition/Advance/reconnect; speed_eraser_tests and hidden input cases	静态审查未确认本项新缺陷；真实输入/视觉行为未验证		static only; tests located, not independently run
7af954bb17bd4e4b8e3b76d009ab11e939160c17	batch1:95;H0 reachable	Inkeys/Inkeys/Drawing/Draw3/Draw3.DrawingController.cpp;Inkeys/Inkeys/Drawing/Draw3/Draw3.InkPrediction.cpp;Inkeys/Inkeys/Drawing/Draw3/Draw3.SpeedEraser.cpp;Inkeys/Inkeys/Drawing/Draw3/Draw3.SpeedEraser.h;InkeysHeadlessTests/speed_eraser_tests.cpp	ordinary/product-code/assets	p1:10files:3f2d6e4837c7f09a | uniq=10 +632/-114 | @@ -91 +91 @@;@@ -94 +94 @@ | code_change=Draw3.DrawingController.cpp:+bool mouseSpeedEraserFinished = false;;Draw3.DrawingController.cpp:+bool IsMouseSpeedEraser(const RuntimeStroke& runtime) noexcept;Draw3.DrawingController.cpp:+return runtime.stroke.widthMode == StrokeWidthMode::SpeedEraser &&	full patch + H0 current shared-contract static review	H0 Draw3.SpeedEraser ResolveConfig/ResolveInput, contact-area metadata gate, UpdatePosition/Advance/reconnect; speed_eraser_tests and hidden input cases	静态审查未确认本项新缺陷；真实输入/视觉行为未验证		static only; tests located, not independently run
c433b6f5c34cde5e3286f3beaf6a433a5fabc623	batch1:96;H0 reachable	Inkeys/IdtState.cpp;Inkeys/Inkeys.vcxproj;Inkeys/Inkeys.vcxproj.filters;Inkeys/Inkeys/Drawing/Draw3/Draw3.Bridge.h;Inkeys/Inkeys/Drawing/Draw3/Draw3.DrawingController.cpp;Inkeys/Inkeys/Drawing/Draw3/Draw3.Host.cpp;Inkeys/Inkeys/Drawing/Draw3/Draw3.InkPrediction.cppm;Inkeys/Inkeys/Drawing/Draw3/Draw3.SpeedEraser.cpp	ordinary/product-code/assets	p1:25files:a3eae33793e5c4be | uniq=25 +1288/-604 | @@ -89,0 +90,55 @@;@@ -0,0 +1,73 @@ | code_change=IdtState.cpp:+state.paintDevice = setlist.paintDevice;;Draw3.Bridge.h:+int paintDevice = 1; // 0 大屏，1 笔电；沿用已有绘图设备选项。;Draw3.DrawingController.cpp:+SpeedEraser::DisplayScale speedEraserDisplayScale = {};	full patch + H0 current shared-contract static review	H0 Draw3.SpeedEraser ResolveConfig/ResolveInput, contact-area metadata gate, UpdatePosition/Advance/reconnect; speed_eraser_tests and hidden input cases	静态审查未确认本项新缺陷；真实输入/视觉行为未验证		static only; tests located, not independently run
c8560012b0199111307c53cc314678358885fa2a	batch1:97;H0 reachable	Inkeys/Inkeys/UI/Setting/Setting.cpp	ordinary/product-code/assets	p1:1files:ef3cb177b2b4cdad | uniq=1 +69/-244 | @@ -1580 +1580,7 @@;@@ -8488,2 +8494 @@ | code_change=Setting.cpp:+ImGui::SetCursorPos({ 10.0f * settingGlobalScale,660.0f * settingGlobalScale });;Setting.cpp:+ImFontMain->Scale = 0.5f, PushFontNum++, ImGui::PushFont(ImFontMain);;Setting.cpp:+if (Widgets::button.Navigation(IA(I18nKey.SettingsUI.DebugSoftware.N).c_str(), { 150.0f * settingGlo	full patch + H0 current shared-contract static review	H0 Setting diagnostic panel layout only	静态审查未确认本项新缺陷；真实输入/视觉行为未验证		static only; tests located, not independently run
485519fe52c5404477f52f76733f031270235aa0	batch1:98;H0 reachable	Inkeys/IdtDraw.cpp;Inkeys/IdtMain.cpp;Inkeys/IdtStart.cpp;Inkeys/Inkeys.vcxproj;Inkeys/Inkeys/Display/Display.cpp;Inkeys/Inkeys/Display/Display.cppm;Inkeys/Inkeys/UI/Setting/Setting.cpp;InkeysHeadlessTests/InkeysHeadlessTests.vcxproj	ordinary/product-code/assets	p1:25files:dc3d6082660e5abe | uniq=25 +1077/-205 | @@ -75 +75,59 @@;@@ -0,0 +1,30 @@ | code_change=IdtDraw.cpp:-if (!monitor || setlist.paintDevice == 1 ||;IdtDraw.cpp:-monitor->edid.physicalHeightCm == 0 || monitor->edid.physicalWidthCm == 0) return 5;;IdtDraw.cpp:+if (!monitor || setlist.paintDevice == 1 || !monitor->physicalSize.available) return 5;	full patch + H0 current shared-contract static review	H0 Display::ReadMonitorEdid/ResolvePhysicalSize, dynamic shcore DPI and safe unavailable fallback	静态审查未确认本项新缺陷；真实输入/视觉行为未验证		static only; tests located, not independently run
4478887cbafe5aaad2a23d76ca5a5490f1c1e655	batch1:99;H0 reachable	docs/Trellis	ordinary/documentation/task-state	p1:16files:76aff767f3fa0d3d | uniq=16 +421/-301 | @@ -1,55 +0,0 @@;@@ -1,5 +0,0 @@	brief full patch/path/security-token scan	metadata only	仅 Trellis 文档/任务记录，未改产品代码；本项无确认产品缺陷		static diff only; runtime not applicable
24efcde436cc77b5afd139dcb5cb32c3b43ed018	batch1:100;H0 reachable	Inkeys/Inkeys.vcxproj;Inkeys/Inkeys.vcxproj.filters;Inkeys/Inkeys/UI/Bar/Bar.BottomDock.h;Inkeys/Inkeys/UI/Bar/Bar.BottomDockTrace.cpp;Inkeys/Inkeys/UI/Bar/Bar.BottomDockTrace.h;Inkeys/Inkeys/UI/Bar/Bar.Interaction.cpp;Inkeys/Inkeys/UI/Bar/Bar.Main.cppm;Inkeys/Inkeys/UI/Bar/Bar.RenderLoop.cpp	ordinary/product-code/assets	p1:25files:554f22bf25ab0447 | uniq=25 +138/-3017 | @@ -225,48 +224,0 @@;@@ -805,14 +805,11 @@ | code_change=Bar.BottomDock.h:-struct BarBottomDockGrabAnchor;Bar.BottomDock.h:-double normalizedY = 0.5;;Bar.BottomDock.h:-bool valid = false;	full patch + H0 current shared-contract static review	BarPresentDecision/MappingTracker 与 BarWindowPresentationTransaction 成功提交、失败 Retry、底栏快照	静态审查未确认本项新缺陷；真实 GUI/设备行为未验证		static only; existing tests located, not independently run
ed6012fc8e9c9d1bac9be85c11853eb2465ba7ce	batch1:101;H0 reachable	Inkeys/Inkeys.vcxproj;Inkeys/Inkeys.vcxproj.filters;Inkeys/Inkeys/UI/Bar/Bar.BottomDock.h;Inkeys/Inkeys/UI/Bar/Bar.BottomDockTrace.cpp;Inkeys/Inkeys/UI/Bar/Bar.BottomDockTrace.h;Inkeys/Inkeys/UI/Bar/Bar.Interaction.cpp;Inkeys/Inkeys/UI/Bar/Bar.Main.cppm;Inkeys/Inkeys/UI/Bar/Bar.RenderLoop.cpp	ordinary/product-code/assets	p1:25files:652cd0d02d6eab58 | uniq=25 +3133/-125 | @@ -224,0 +225,48 @@;@@ -805,11 +805,14 @@ | code_change=Bar.BottomDock.h:+struct BarBottomDockGrabAnchor;Bar.BottomDock.h:+double normalizedY = 0.5;;Bar.BottomDock.h:+bool valid = false;	full patch + H0 current shared-contract static review	BarPresentDecision/MappingTracker 与 BarWindowPresentationTransaction 成功提交、失败 Retry、底栏快照	静态审查未确认本项新缺陷；真实 GUI/设备行为未验证		static only; existing tests located, not independently run
342990fe8cd78b9b0b7e9d24a2747acb63c012a4	batch1:102;H0 reachable	Inkeys/Inkeys/UI/Bar/Bar.BottomDock.h;Inkeys/Inkeys/UI/Bar/Bar.Interaction.cpp;Inkeys/Inkeys/UI/Bar/Bar.Main.cppm;Inkeys/Inkeys/UI/Bar/Bar.PresentDecision.h;Inkeys/Inkeys/UI/Bar/Bar.RenderLoop.cpp;InkeysHeadlessTests/bar_bottom_dock_tests.cpp	ordinary/product-code/assets	p1:14files:9dc381bcb0f706ff | uniq=14 +515/-76 | @@ -622,0 +623,6 @@;@@ -791,0 +798,22 @@ | code_change=Bar.BottomDock.h:-double horizontalOutsetDip = BarBottomDockVisualLimitDip) noexcept;Bar.BottomDock.h:+double horizontalOutsetDip = BarBottomDockVisualLimitDip,;Bar.BottomDock.h:+double verticalOutsetDip = BarBottomDockVisualLimitDip) noexcept	full patch + H0 current shared-contract static review	BarPresentDecision/MappingTracker 与 BarWindowPresentationTransaction 成功提交、失败 Retry、底栏快照	静态审查未确认本项新缺陷；真实 GUI/设备行为未验证		static only; existing tests located, not independently run
f7c9b5d5c325a0fdd50ea234d5675f4efd89f9aa	batch1:103;H0 reachable	Inkeys/Inkeys/UI/Bar/Bar.Animation.cppm;Inkeys/Inkeys/UI/Bar/Bar.BottomDock.h;Inkeys/Inkeys/UI/Bar/Bar.Interaction.cpp;Inkeys/Inkeys/UI/Bar/Bar.Main.cppm;Inkeys/Inkeys/UI/Bar/Bar.PresentDecision.h;Inkeys/Inkeys/UI/Bar/Bar.RenderLoop.cpp;Inkeys/Inkeys/UI/Bar/Bar.WindowGeometry.h;InkeysHeadlessTests/animation_tests.cpp	ordinary/product-code/assets	p1:21files:1f8fffb83a8a6d92 | uniq=21 +750/-113 | @@ -612 +612,10 @@;@@ -620 +629 @@ | code_change=Bar.Animation.cppm:+inline bool BarUiSetLayoutPositionTarget(BarUiValueClass& value,;Bar.Animation.cppm:+double target, double duration, bool newLayoutBatch,;Bar.Animation.cppm:+const BarUiCurveSpecClass& curve)	full patch + H0 current shared-contract static review	BarPresentDecision/MappingTracker 与 BarWindowPresentationTransaction 成功提交、失败 Retry、底栏快照	静态审查未确认本项新缺陷；真实 GUI/设备行为未验证		static only; existing tests located, not independently run
b7e031c93bd2af40f7fea5c61d554e223ec1e2a2	batch1:104;H0 reachable	Inkeys/Inkeys/Drawing/Draw3/Draw3.AutoSave.cpp;Inkeys/Inkeys/Drawing/Draw3/Draw3.AutoSave.cppm;Inkeys/Inkeys/Drawing/Draw3/Draw3.DrawingController.cpp;Inkeys/Inkeys/Drawing/Draw3/Draw3.DrawingController.cppm;Inkeys/Inkeys/Drawing/Draw3/Draw3.HiddenWindowTest.cpp;Inkeys/Inkeys/Drawing/Draw3/Draw3.Host.cpp;Inkeys/Inkeys/Drawing/Draw3/Draw3.InkDocument.cpp;Inkeys/Inkeys/Drawing/Draw3/Draw3.InkDocument.cppm	merge/import-integration	p1:47files:b790bba0b6ebb19a | p2:374files:b3ca77aae23022e0 | uniq=380 +46036/-17002 | @@ -84 +84 @@;@@ -90 +90,2 @@	two-parent full patch indexed; remerge-diff empty	Inkeys/Inkeys/Drawing/Draw3/Draw3.AutoSave.cpp;Inkeys/Inkeys/Drawing/Draw3/Draw3.AutoSave.cppm;Inkeys/Inkeys/Drawing/Draw3/Draw3.DrawingController.cpp;Inkeys/Inkeys/Drawing/Draw3/Draw3.DrawingController.cppm;Inkeys/Inkeys/Drawing/Draw3/Draw3.HiddenWindowTest.cpp	合并自身无独立冲突解决；分支内容在各 SHA 单审		git --remerge-diff static check; runtime not run
5a5d044c864ebd021a4db26ce3fc8058c9a1a14c	batch1:105;H0 reachable	docs/Trellis	ordinary/documentation/task-state	p1:2files:2eebe069d3f61e4e | uniq=2 +25/-1 | @@ -11,2 +11,2 @@;@@ -22 +22 @@	brief full patch/path/security-token scan	metadata only	仅 Trellis 文档/任务记录，未改产品代码；本项无确认产品缺陷		static diff only; runtime not applicable
d8a20457d413e63db1ddf56a677154858276d618	batch1:106;H0 reachable	docs/Trellis	ordinary/documentation/task-state	p1:6files:25d48e2db481bcbf | uniq=6 +125/-0 | @@ -0,0 +1 @@;@@ -0,0 +1,31 @@	brief full patch/path/security-token scan	metadata only	仅 Trellis 文档/任务记录，未改产品代码；本项无确认产品缺陷		static diff only; runtime not applicable
b44dec66397432c3bef81ea77fe7575c0d6985f2	batch1:107;H0 reachable	Inkeys/Inkeys/Drawing/Draw3/Draw3.DrawingController.cpp;Inkeys/Inkeys/Drawing/Draw3/Draw3.HiddenWindowTest.cpp;Inkeys/Inkeys/Drawing/Draw3/Draw3.InkHistory.cpp;Inkeys/Inkeys/Drawing/Draw3/Draw3.InkHistory.cppm;Inkeys/Inkeys/Drawing/Draw3/Draw3.InkHistoryGpu.cpp;Inkeys/Inkeys/UI/Bar/Bar.Button.cpp;Inkeys/Inkeys/UI/Bar/Bar.Button.cppm;Inkeys/Inkeys/UI/Bar/Bar.Interaction.cpp	ordinary/product-code/assets	p1:16files:29ca657dc9574d3a | uniq=16 +466/-73 | @@ -128 +128 @@;@@ -139 +139,2 @@ | code_change=Draw3.DrawingController.cpp:-pageRuntimeStates[currentPageIndex_].history.LastVisibleItem().has_value();;Draw3.DrawingController.cpp:+pageRuntimeStates[currentPageIndex_].history.HasVisibleContent();;Draw3.DrawingController.cpp:+auto resetGpuForClear = [&](RECT& frameDirty,	full patch + H0 current shared-contract static review	Draw3::DrawingController Clear/Undo→captureCanvasTail→DesktopClearRecovery、页身份校验	静态审查未确认本项新缺陷；真实 GUI/设备行为未验证		static only; existing tests located, not independently run
d4421cdbabefdd08ea1867fd386c7f728146afee	batch1:108;H0 reachable	Inkeys/IdtState.cpp;Inkeys/IdtState.h;Inkeys/Inkeys/Business/PenToolState.hpp;Inkeys/Inkeys/Drawing/Draw3/Assets/inkPixelShader.hlsl;Inkeys/Inkeys/Drawing/Draw3/Draw3.DrawingController.cpp;Inkeys/Inkeys/Drawing/Draw3/Draw3.LaserParticles.cppm;Inkeys/Inkeys/Drawing/Draw3/Draw3.Renderer.cpp;Inkeys/Inkeys/Drawing/Draw3/Draw3.Renderer.cppm	ordinary/product-code/assets	p1:15files:22de6855def4677f | uniq=15 +198/-62 | @@ -243,0 +244 @@;@@ -250,2 +251,2 @@ | code_change=IdtState.cpp:-if (stateMode.Pen.ModeSelect == PenModeSelectEnum::IdtPenSoftPen ||;IdtState.cpp:-stateMode.Pen.ModeSelect == PenModeSelectEnum::IdtPenHardPen);IdtState.cpp:+const auto colorSlot = Inkeys::Business::ResolvePenColorStateSlot(	full patch + H0 current shared-contract static review	H0 IdtState GetPenColor/laser slot and Draw3 laser renderer style	静态审查未确认本项新缺陷；真实输入/视觉行为未验证		static only; tests located, not independently run
d44b7666b8e39d2f3d6348a4c27e3ac136f9291e	batch1:109;H0 reachable	Inkeys/Inkeys/UI/Bar/Bar.RenderLoop.cpp	ordinary/product-code/assets	p1:1files:e1c49fe767018cad | uniq=1 +1/-0 | @@ -2876,0 +2877 @@ | code_change=Bar.RenderLoop.cpp:+AnchorHiddenButton(BarButtonPresetEnum::EndShow, BarButtonPresetEnum::Freeze);	full patch + focused current-code/test static review	隐藏 EndShow 按钮锚定 Freeze 的单行布局调整	静态审查未确认新缺陷；可见 UI 行为需人工验证		static only; relevant UI not run
bee751bfc1a9c8f26e66be51b2500988e667104b	batch1:110;H0 reachable	Inkeys/Inkeys/UI/Bar/Bar.Button.cpp	ordinary/product-code/assets	p1:1files:f1412c2aa2522c91 | uniq=1 +2/-3 | @@ -825,3 +825,2 @@ | code_change=Bar.Button.cpp:-freeze->size = projection.endShowVisible;Bar.Button.cpp:-? BarButtonSizeEnum::twoOne : BarButtonSizeEnum::twoTwo;;Bar.Button.cpp:+freeze->size = BarButtonSizeEnum::twoTwo;	full patch + focused current-code/test static review	Freeze 按钮在演示中保持 2x2 的单行尺寸调整	静态审查未确认新缺陷；可见 UI 行为需人工验证		static only; relevant UI not run
4d7b799fd7e0ffe059a8f498b1e65f00a7a29862	batch1:111;H0 reachable	Inkeys/Inkeys/Drawing/Draw3/Draw3.DrawingController.cpp;Inkeys/Inkeys/Drawing/Draw3/Draw3.Presentation.cpp;Inkeys/Inkeys/Drawing/Draw3/Draw3.Presentation.h;InkeysHeadlessTests/presentation_descriptor_tests.cpp;inkStrokeModelerTestTests/presentation_autosave_tests.cpp	ordinary/product-code/assets	p1:6files:15bd4d95e62aad03 | uniq=6 +113/-27 | @@ -159,0 +160 @@;@@ -168,0 +170 @@ | code_change=Draw3.DrawingController.cpp:-const bool stableTopologyChange = activePresentationTarget &&;Draw3.DrawingController.cpp:-activePresentationTarget->bindingMode ==;Draw3.DrawingController.cpp:-Bridge::SlideBindingMode::StableSlideId &&	full patch + H0 current caller/callee/failure-path static review	H0 PPT descriptor/end-screen target→Bridge revision→Draw3 slot/page load→PageControl successful commit→Ack target; COM session and WriteJournal failure paths	静态审查未确认本项新缺陷；真机/GUI 路径仍未验证		static only; targeted tests located, not independently run
06e75fe45ef9c9af0f22a8e8ebc3d0beb7b40681	batch1:112;H0 reachable	Inkeys/IdtFreezeFrame.cpp;Inkeys/IdtPlug-in.cpp;Inkeys/IdtState.cpp;Inkeys/Inkeys.vcxproj;Inkeys/Inkeys.vcxproj.filters;Inkeys/Inkeys/UI/Bar/Bar.A2.h;Inkeys/Inkeys/UI/Bar/Bar.Button.cpp;Inkeys/Inkeys/UI/Bar/Bar.Interaction.cpp	ordinary/product-code/assets	p1:16files:6a18fcdce4141238 | uniq=16 +188/-55 | @@ -44,0 +45,4 @@;@@ -4,0 +5 @@ | code_change=IdtFreezeFrame.cpp:-FreezeFrame.update = true;;IdtFreezeFrame.cpp:-if (FreezeFrame.mode == 1);IdtFreezeFrame.cpp:+if (Inkeys::UI::Freeze::IsActive())	full patch + H0 current shared-contract static review	IdtMagnification::MagnifierThread/BuildCurrentFilterList/Freeze coordinator；Window owner/overlay	静态审查未确认本项新缺陷；真实 GUI/设备行为未验证		static only; existing tests located, not independently run
cec656e06cb20e5baa2c3a855720833953573476	batch1:113;H0 reachable	Inkeys/IdtFreezeFrame.cpp;Inkeys/IdtMagnification.cpp;Inkeys/IdtMagnification.h	ordinary/product-code/assets	p1:3files:340205fa642e0019 | uniq=3 +39/-0 | @@ -112,0 +113,2 @@;@@ -125,0 +128,16 @@ | code_change=IdtFreezeFrame.cpp:+bool overlayFullscreen = false;;IdtFreezeFrame.cpp:+auto& windowService = Inkeys::Window::GetService();;IdtFreezeFrame.cpp:+const bool hostShown = windowService.Show(	full patch + H0 current shared-contract static review	IdtMagnification::MagnifierThread/BuildCurrentFilterList/Freeze coordinator；Window owner/overlay	静态审查未确认本项新缺陷；真实 GUI/设备行为未验证		static only; existing tests located, not independently run
8de54747389835e8ae92cb525197273c77bca46c	batch1:114;H0 reachable	Inkeys/Inkeys/Drawing/Draw3/Draw3.DrawingController.cpp;Inkeys/Inkeys/Drawing/Draw3/Draw3.InkDocument.cpp;Inkeys/Inkeys/Drawing/Draw3/Draw3.InkDocument.cppm;Inkeys/Inkeys/Drawing/Draw3/Draw3.Presentation.cpp;Inkeys/Inkeys/Drawing/Draw3/Draw3.PresentationAutoSave.cpp;InkeysHeadlessTests/presentation_descriptor_tests.cpp;inkStrokeModelerTest/draw3/ink_document.cpp;inkStrokeModelerTest/draw3/ink_document.cppm	ordinary/product-code/assets	p1:20files:2a47dab651ab4ba3 | uniq=20 +453/-56 | @@ -151 +151 @@;@@ -168 +168 @@ | code_change=Draw3.DrawingController.cpp:+std::map<std::int32_t, draw3::uink::Draw3UInkCanvasSnapshot> retainedSlides;;Draw3.DrawingController.cpp:+std::map<std::int32_t, draw3::uink::Draw3UInkCanvasSnapshot> activeRetainedSlides;;Draw3.DrawingController.cpp:+std::swap(activeRetainedSlides, slot.retainedSlides);	full patch + H0 current caller/callee/failure-path static review	H0 PPT descriptor/end-screen target→Bridge revision→Draw3 slot/page load→PageControl successful commit→Ack target; COM session and WriteJournal failure paths	静态审查未确认本项新缺陷；真机/GUI 路径仍未验证		static only; targeted tests located, not independently run
ea3dcc5490eb8d0ac9b4fc9a95befa679ca6d35c	batch1:115;H0 reachable	Inkeys/Inkeys/UI/StartupPreview/StartupPreview.State.cpp;InkeysHeadlessTests/startup_preview_state_tests.cpp	ordinary/product-code/assets	p1:3files:b7cbd1a061d2ef6e | uniq=3 +11/-13 | @@ -88,0 +89,2 @@;@@ -348,7 +348,3 @@ | code_change=StartupPreview.State.cpp:-if (!failureTargetFrozen_ || now <= failureColorStartTime_) return 0.0;;StartupPreview.State.cpp:-const double phase = std::clamp(std::chrono::duration<double>(;StartupPreview.State.cpp:-now - failureColorStartTime_).count()	full patch + focused current-code/test static review	启动预览失败颜色冻结状态与测试	静态审查未确认新缺陷；可见 UI 行为需人工验证		static only; relevant UI not run
657f09548b077e9e0ec0e40b850e8154c87c0171	batch1:116;H0 reachable	Inkeys/IdtPlug-in.cpp;Inkeys/IdtPlug-in.h;Inkeys/Inkeys.vcxproj;Inkeys/Inkeys.vcxproj.filters;Inkeys/Inkeys/Drawing/Draw3/Draw3.AutoSave.cpp;Inkeys/Inkeys/Drawing/Draw3/Draw3.AutoSave.cppm;Inkeys/Inkeys/Drawing/Draw3/Draw3.Bridge.cpp;Inkeys/Inkeys/Drawing/Draw3/Draw3.Bridge.h	ordinary/product-code/assets	p1:58files:a4078b2394c2029d | uniq=58 +6525/-221 | @@ -7,0 +8,2 @@;@@ -64 +64 @@ | code_change=IdtPlug-in.cpp:-#ifdef MessageBox;IdtPlug-in.cpp:-#undef MessageBox;IdtPlug-in.cpp:-#endif	full patch + H0 current caller/callee/failure-path static review	H0 PPT descriptor/end-screen target→Bridge revision→Draw3 slot/page load→PageControl successful commit→Ack target; COM session and WriteJournal failure paths	PPT autosave/bridge 集成静态审查未确认本提交的新缺陷；桌面索引历史问题单列于 fafa7009/AUD-B1-002		static only; targeted tests located, not independently run
7a5a764ba7b7cb9232d61d69720ed52f9ad9781d	batch1:117;H0 reachable	Inkeys/IdtMain.cpp;Inkeys/IdtState.cpp;Inkeys/IdtState.h;Inkeys/Inkeys/UI/Bar/Bar.A2.h;Inkeys/Inkeys/UI/Bar/Bar.Button.cpp;InkeysHeadlessTests/page_control_tests.cpp	ordinary/product-code/assets	p1:6files:7fba8005a5cf2f77 | uniq=6 +43/-14 | @@ -301,0 +302,2 @@;@@ -1935 +1937 @@ | code_change=IdtMain.cpp:+const bool whiteboardFeatureEnabled = IsWhiteboardFeatureEnabled();;IdtMain.cpp:-if (!Inkeys::UI::Whiteboard::Initialize({;IdtMain.cpp:+if (whiteboardFeatureEnabled && !Inkeys::UI::Whiteboard::Initialize({	full patch + H0 current caller/callee/failure-path static review	H0 IsWhiteboardFeatureEnabled=false gates Initialize/Request; shared Bar scene, Draw3 host and Window callbacks	静态审查未确认本项新缺陷；真机/GUI 路径仍未验证		static only; targeted tests located, not independently run
a8b77db0ea864b32220bb6dc620557e06375dc83	batch1:118;H0 reachable	docs/Trellis	ordinary/documentation/task-state	p1:2files:117002f82f398266 | uniq=2 +47/-1 | @@ -11,2 +11,2 @@;@@ -22 +22 @@	brief full patch/path/security-token scan	metadata only	仅 Trellis 文档/任务记录，未改产品代码；本项无确认产品缺陷		static diff only; runtime not applicable
fa80eb422141c7c4430a46e409c7ff70286ff27f	batch1:119;H0 reachable	docs/Trellis	ordinary/documentation/task-state	p1:24files:089b289de7a401de | uniq=24 +722/-531 | @@ -1,8 +0,0 @@;@@ -1,55 +0,0 @@	brief full patch/path/security-token scan	metadata only	仅 Trellis 文档/任务记录，未改产品代码；本项无确认产品缺陷		static diff only; runtime not applicable
96bf8c8cdb0b66a29c9adf7ee7ba78fd183b4af3	batch1:120;H0 reachable	Inkeys/Inkeys/UI/MessageBox/MessageBox.Window.cpp;Inkeys/Inkeys/UI/StartupPreview/StartupPreview.State.cpp;Inkeys/Inkeys/UI/StartupPreview/StartupPreview.State.cppm;Inkeys/Inkeys/UI/StartupPreview/StartupPreview.cpp;InkeysHeadlessTests/message_box_tests.cpp;InkeysHeadlessTests/startup_preview_state_tests.cpp	ordinary/product-code/assets	p1:6files:fb8599dda1a4f25f | uniq=6 +116/-27 | @@ -517,0 +518 @@;@@ -1087 +1088,5 @@ | code_change=MessageBox.Window.cpp:+bool windowActive = false;;MessageBox.Window.cpp:-Pen border(Color(102, 117, 117, 117), borderWidth);;MessageBox.Window.cpp:+const Color borderColor = windowActive	full patch + H0 current caller/callee/failure-path static review	H0 StartupPreview State reducers/ordered alpha handoff, PreviewOwner thread/ULW serialization/Stop, IdtMain startup milestones	静态审查未确认本项新缺陷；真机/GUI 路径仍未验证		static only; targeted tests located, not independently run
d9346c3f058ef58c633e56fb434c054c0c0131d4	batch1:121;H0 reachable	Inkeys/Inkeys/UI/StartupPreview/StartupPreview.State.cpp;Inkeys/Inkeys/UI/StartupPreview/StartupPreview.State.cppm;Inkeys/Inkeys/UI/StartupPreview/StartupPreview.cpp;InkeysHeadlessTests/startup_preview_state_tests.cpp	ordinary/product-code/assets	p1:10files:8f74ce3f8d7f0629 | uniq=10 +297/-54 | @@ -113 +113 @@;@@ -120,3 +120,4 @@ | code_change=StartupPreview.State.cpp:+void HandoffTimingReducer::PreviewFrameCommitted(bool progressVisible,;StartupPreview.State.cpp:+std::uint8_t previewAlpha) noexcept;StartupPreview.State.cpp:+if (!frozen_ && progressVisible && previewAlpha > 0)	full patch + H0 current caller/callee/failure-path static review	H0 StartupPreview State reducers/ordered alpha handoff, PreviewOwner thread/ULW serialization/Stop, IdtMain startup milestones	静态审查未确认本项新缺陷；真机/GUI 路径仍未验证		static only; targeted tests located, not independently run
b939710574d8bb9d5de3be9f04031a09fe16f121	batch1:122;H0 reachable	Inkeys/Inkeys/UI/Bar/Bar.Metrics.cppm;Inkeys/Inkeys/UI/Bar/Bar.Theme.cppm;Inkeys/Inkeys/UI/StartupPreview/StartupPreview.State.cpp;Inkeys/Inkeys/UI/StartupPreview/StartupPreview.State.cppm;Inkeys/Inkeys/UI/StartupPreview/StartupPreview.cpp;Inkeys/Inkeys/UI/StartupPreview/StartupPreview.cppm;InkeysHeadlessTests/startup_preview_state_tests.cpp	ordinary/product-code/assets	p1:12files:9e296b9c24af96b7 | uniq=12 +116/-26 | @@ -7 +7 @@;@@ -105 +105 @@ | code_change=Bar.Metrics.cppm:+inline constexpr unsigned char BarDarkSurfaceColorChannel = 24;;Bar.Metrics.cppm:+inline constexpr unsigned char BarDarkSurfaceFrameColorChannel = 255;;Bar.Theme.cppm:-case BarThemeColorEnum::Surface: return RGB(24, 24, 24);	full patch + H0 current caller/callee/failure-path static review	H0 StartupPreview State reducers/ordered alpha handoff, PreviewOwner thread/ULW serialization/Stop, IdtMain startup milestones	静态审查未确认本项新缺陷；真机/GUI 路径仍未验证		static only; targeted tests located, not independently run
8faca0097354b0641fa8d8405b5fd35331dfa580	batch1:123;H0 reachable	docs/Trellis	ordinary/documentation/task-state	p1:11files:1450c5c61884a5a7 | uniq=11 +100/-16 | @@ -10,2 +10,2 @@;@@ -18 +18 @@	brief full patch/path/security-token scan	metadata only	仅 Trellis 文档/任务记录，未改产品代码；本项无确认产品缺陷		static diff only; runtime not applicable
8acf3c1312ee23d6972e0f2ffa426fcdc9f9438d	batch1:124;H0 reachable	.gitignore	ordinary/metadata	p1:2files:9503d0cb22a60ec2 | uniq=2 +6/-189 | @@ -28 +28,6 @@;@@ -1,188 +0,0 @@	brief full patch/path scan	metadata only	仅 .gitignore 范围调整；本项无确认产品缺陷		static diff only
55d8c981d57886c4f4e040ce6a3f30b7bd1f0bc3	batch1:125;H0 reachable	Trellis scripts/hooks/skills	ordinary/trellis-workflow	p1:19files:8f64e549ccaf9bed | uniq=19 +3272/-576 | @@ -61,2 +61,2 @@;@@ -64,3 +64,3 @@	full patch classified; Trellis workflow code, auto-commit path checked	.trellis/scripts/task.py archive --no-commit; add_session.py --no-commit / session_auto_commit	非产品运行时；确认正式禁用自动提交路径；未确认本项发布代码问题		static only; task archive not run
9e27bd26707dfeb3204ce78bf53e3b884cf4b811	batch1:126;H0 reachable	Inkeys/IdtMain.cpp;Inkeys/Inkeys/UI/StartupPreview/StartupPreview.State.cpp;Inkeys/Inkeys/UI/StartupPreview/StartupPreview.State.cppm;Inkeys/Inkeys/UI/StartupPreview/StartupPreview.cpp;InkeysHeadlessTests/startup_preview_state_tests.cpp	ordinary/product-code/assets	"p1:13files:e80161c0c86d8f97 | uniq=13 +243/-87 | @@ -78 +78 @@;@@ -112 +112 @@ | code_change=IdtMain.cpp:+std::atomic_bool startupPreviewManualDelayRequested = false;;IdtMain.cpp:-|| GetEnvironmentVariableW(;IdtMain.cpp:-L""INKEYS_STARTUP_PREVIEW_MANUAL_DELAY"", enabled, 2) == 0"	full patch + H0 current caller/callee/failure-path static review	H0 StartupPreview State reducers/ordered alpha handoff, PreviewOwner thread/ULW serialization/Stop, IdtMain startup milestones	静态审查未确认本项新缺陷；真机/GUI 路径仍未验证		static only; targeted tests located, not independently run
854d346a7cb812eb9cd3e29be36b9b9d05d1720f	batch1:127;H0 reachable	Inkeys/Inkeys3Temp20260502.7z	ordinary/binary-removal	p1:110files:34382efddf389ceb | uniq=110 +1/-14176 | @@ -1,51 +0,0 @@;@@ -1,200 +0,0 @@ | code_change=none/metadata	full patch/path inventory; deleted legacy binary artifact	deleted Inkeys/Inkeys3Temp20260502.7z; H0 product compile does not reference it	删除旧二进制包；未改变当前产品源码/入口		git name-status static only
4fcd398b735a47d14dd4398afb23d16b1d7206c5	batch1:128;H0 reachable	Inkeys/IdtMain.cpp;Inkeys/Inkeys.rc;Inkeys/Inkeys.vcxproj;Inkeys/Inkeys.vcxproj.filters;Inkeys/Inkeys/Other/Other.Config.cppm;Inkeys/Inkeys/Startup/Startup.Progress.cpp;Inkeys/Inkeys/Startup/Startup.Progress.cppm;Inkeys/Inkeys/UI/Bar/Bar.Initialization.cpp	ordinary/product-code/assets	p1:40files:722a8a5ee28ffa73 | uniq=40 +1809/-4056 | @@ -165 +165,14 @@;@@ -18 +18 @@ | code_change=IdtMain.cpp:-if (!Inkeys::Startup::Report(milestone);IdtMain.cpp:-|| !Inkeys::UI::StartupPreview::IsActive()) return;;IdtMain.cpp:+if (!Inkeys::Startup::Report(milestone)) return;	full patch + H0 current caller/callee/failure-path static review	H0 StartupPreview State reducers/ordered alpha handoff, PreviewOwner thread/ULW serialization/Stop, IdtMain startup milestones	静态审查未确认本项新缺陷；真机/GUI 路径仍未验证		static only; targeted tests located, not independently run
1f4f4cbfda794d3d7beb562ee914875fd967ef52	batch1:129;H0 reachable	Inkeys/IdtI18n.cpp;Inkeys/IdtI18n.h;Inkeys/IdtI18nKeys.g.h;Inkeys/IdtMain.cpp;Inkeys/IdtPlug-in.cpp;Inkeys/Inkeys/Helper/Helper.CrashHandler.cpp;Inkeys/Inkeys/UI/Bar/Bar.Interaction.cpp;Inkeys/Inkeys/UI/MessageBox/MessageBox.Layout.cpp	merge/integration	p1:23files:9a5825a473858609 | p2:57files:f55b2320f8315427 | uniq=75 +7522/-121 | @@ -228,0 +229,47 @@;@@ -335,0 +336,19 @@	two-parent full patch indexed; remerge-diff empty	Inkeys/IdtI18n.cpp;Inkeys/IdtI18n.h;Inkeys/IdtI18nKeys.g.h;Inkeys/IdtMain.cpp;Inkeys/IdtPlug-in.cpp	合并自身无独立冲突解决；分支内容在各 SHA 单审		git --remerge-diff static check; runtime not run
9266a4ab4aac80df4e552db402a2cde4bc1c7cdc	batch1:130;H0 reachable	Inkeys/IdtI18n.cpp;Inkeys/IdtI18n.h;Inkeys/IdtI18nKeys.g.h;Inkeys/IdtMain.cpp;Inkeys/IdtPlug-in.cpp;Inkeys/Inkeys/Helper/Helper.CrashHandler.cpp;Inkeys/Inkeys/UI/Bar/Bar.Interaction.cpp;Inkeys/Inkeys/UI/MessageBox/MessageBox.Layout.cpp	ordinary/product-code/assets	"p1:23files:e8a817abf848976b | uniq=23 +594/-45 | @@ -228,0 +229,47 @@;@@ -335,0 +336,19 @@ | code_change=IdtI18n.cpp:+LANGID toLanguageId(const wstring& language) noexcept;IdtI18n.cpp:+if (language == L""zh-CN"");IdtI18n.cpp:+return MAKELANGID(LANG_CHINESE, SUBLANG_CHINESE_SIMPLIFIED);"	full patch + H0 current caller/callee/failure-path static review	H0 StartupPreview State reducers/ordered alpha handoff, PreviewOwner thread/ULW serialization/Stop, IdtMain startup milestones	静态审查未确认本项新缺陷；真机/GUI 路径仍未验证		static only; targeted tests located, not independently run
a0835ba3fc30a23f80693515d59df1bbffd943c1	batch1:131;H0 reachable	Inkeys/IdtMain.cpp;Inkeys/Inkeys/UI/StartupPreview/StartupPreview.State.cpp;Inkeys/Inkeys/UI/StartupPreview/StartupPreview.State.cppm;InkeysHeadlessTests/startup_preview_state_tests.cpp	ordinary/product-code/assets	p1:9files:f3c239bc60eb4619 | uniq=9 +116/-22 | @@ -142 +142 @@;@@ -207 +207 @@ | code_change=IdtMain.cpp:+void ReportStartupMilestoneForManualTest(;IdtMain.cpp:+Inkeys::Startup::Milestone milestone) noexcept;IdtMain.cpp:+if (!Inkeys::Startup::Report(milestone)	full patch + H0 current caller/callee/failure-path static review	H0 StartupPreview State reducers/ordered alpha handoff, PreviewOwner thread/ULW serialization/Stop, IdtMain startup milestones	当前代码确认 AUD-B1-005：Release 编译的人工启动失败入口，任意非空环境值触发	AUD-B1-005	static only; targeted tests located, not independently run
1e563c306d95dc106266aa0a3c0dc980c5081139	batch1:132;H0 reachable	Inkeys/IdtMain.cpp;Inkeys/Inkeys/UI/StartupPreview/StartupPreview.State.cpp;Inkeys/Inkeys/UI/StartupPreview/StartupPreview.State.cppm;Inkeys/Inkeys/UI/StartupPreview/StartupPreview.cpp;Inkeys/Inkeys/UI/StartupPreview/StartupPreview.cppm;InkeysHeadlessTests/startup_preview_state_tests.cpp	ordinary/product-code/assets	p1:11files:166e08e726ee26d0 | uniq=11 +114/-52 | @@ -73 +73 @@;@@ -142 +142,2 @@ | code_change=IdtMain.cpp:+constexpr auto failureFrameBudget = std::chrono::milliseconds(350);;IdtMain.cpp:+const auto failureFrameDeadline = std::chrono::steady_clock::now();IdtMain.cpp:++ failureFrameBudget;	full patch + H0 current caller/callee/failure-path static review	H0 StartupPreview State reducers/ordered alpha handoff, PreviewOwner thread/ULW serialization/Stop, IdtMain startup milestones	静态审查未确认本项新缺陷；真机/GUI 路径仍未验证		static only; targeted tests located, not independently run
700811238306bca9481eb596c3740af80fe4057e	batch1:133;H0 reachable	Inkeys/Inkeys/UI/StartupPreview/StartupPreview.cpp	ordinary/product-code/assets	p1:3files:6af3d361707e43b0 | uniq=3 +61/-15 | @@ -90,0 +91 @@;@@ -160 +161 @@ | code_change=StartupPreview.cpp:+std::mutex presentationMutex;;StartupPreview.cpp:+std::scoped_lock presentationLock(state->presentationMutex);;StartupPreview.cpp:+[[nodiscard]] BOOL PresentPixels(HDC sourceDc, BYTE alpha,	full patch + H0 current caller/callee/failure-path static review	H0 StartupPreview State reducers/ordered alpha handoff, PreviewOwner thread/ULW serialization/Stop, IdtMain startup milestones	静态审查未确认本项新缺陷；真机/GUI 路径仍未验证		static only; targeted tests located, not independently run
b7edaa81c91d7d17105fe6acd7be83682a655750	batch1:134;H0 reachable	Inkeys/IdtFreezeFrame.cpp;Inkeys/IdtMain.cpp;Inkeys/IdtPlug-in.cpp;Inkeys/Inkeys.rc;Inkeys/Inkeys.vcxproj;Inkeys/Inkeys.vcxproj.filters;Inkeys/Inkeys/Drawing/Draw3/Draw3.Host.cpp;Inkeys/Inkeys/Drawing/Draw3/Draw3.Host.h	ordinary/product-code/assets	p1:57files:04bd6817504b4c12 | uniq=57 +6740/-76 | @@ -17,0 +18 @@;@@ -0,0 +1,250 @@ | code_change=IdtFreezeFrame.cpp:-if (!monitor) return;;IdtFreezeFrame.cpp:+if (!monitor);IdtFreezeFrame.cpp:+(void)Inkeys::Startup::ReportFailure(0xF002u);	full patch + H0 current caller/callee/failure-path static review	H0 StartupPreview State reducers/ordered alpha handoff, PreviewOwner thread/ULW serialization/Stop, IdtMain startup milestones	当前代码确认 AUD-B1-004：PreviewOwner 超时 Stop 可能漏投 WM_QUIT 并 detach	AUD-B1-004	static only; targeted tests located, not independently run
9f7ed71e8e5f5fffaf3b8c1343a616a257f8f955	batch1:135;H0 reachable	Inkeys/Inkeys/UI/MessageBox/MessageBox.Window.cpp;InkeysHeadlessTests/message_box_tests.cpp	ordinary/product-code/assets	p1:6files:aca397d84c36b3eb | uniq=6 +410/-31 | @@ -91 +91 @@;@@ -165 +165 @@ | code_change=MessageBox.Window.cpp:+bool keyboardFocusVisible = false;;MessageBox.Window.cpp:+bool windowFocused = false;;MessageBox.Window.cpp:-if (PtInRect(&layout.buttonSpecs[index].bounds, point)) return index;	full patch + focused current-code/test static review	消息框键盘焦点视觉状态与测试	静态审查未确认新缺陷；可见 UI 行为需人工验证		static only; relevant UI not run
75e95d1a520c1d027c08cf62330d18c43ea3b98f	batch1:136;H0 reachable	Inkeys/Inkeys/UI/MessageBox/MessageBox.Window.cpp;InkeysHeadlessTests/message_box_tests.cpp	ordinary/product-code/assets	p1:4files:155b3595639f0b0c | uniq=4 +81/-15 | @@ -234 +234 @@;@@ -172,0 +173,8 @@ | code_change=MessageBox.Window.cpp:-const REAL oneDip = static_cast<REAL>(;MessageBox.Window.cpp:-std::max(1, ScaleDipValue(1, layout.dpi)));;MessageBox.Window.cpp:-const REAL twoDip = static_cast<REAL>(	full patch + focused current-code/test static review	消息框焦点边界 DPI 计算与测试	静态审查未确认新缺陷；可见 UI 行为需人工验证		static only; relevant UI not run
cda86eb0d9042d0b5c7754ed658cce86984a8e76	batch1:137;H0 reachable	Inkeys/Inkeys/UI/MessageBox/MessageBox.Window.cpp;Inkeys/Inkeys/UI/MessageBox/MessageBox.cppm;InkeysHeadlessTests/animation_tests.cpp;InkeysHeadlessTests/message_box_tests.cpp	ordinary/product-code/assets	p1:6files:efea5deea63016ff | uniq=6 +271/-15 | @@ -132,2 +132,2 @@;@@ -138 +138 @@ | code_change=MessageBox.Window.cpp:+constexpr DWORD DwmWindowAttributeCloak = 13;;MessageBox.Window.cpp:+[[nodiscard]] bool HideDialogWindow(HWND hwnd) noexcept;MessageBox.Window.cpp:+if (!hwnd) return false;	full patch + H0 current caller/callee/failure-path static review	H0 MessageBox Window Win7 DWM cloak failure path falls back to Show+Redraw; CrashHandler/IdtMain message entry	静态审查未确认本项新缺陷；真机/GUI 路径仍未验证		static only; targeted tests located, not independently run
7c8e1dfd459adaa153b1053ae0bf342491ee043d	batch1:138;H0 reachable	Inkeys/Inkeys/UI/MessageBox/MessageBox.Window.cpp;InkeysHeadlessTests/message_box_tests.cpp	ordinary/product-code/assets	p1:4files:0a2a12f53b378a55 | uniq=4 +62/-8 | @@ -198 +198 @@;@@ -156,2 +156,2 @@ | code_change=MessageBox.Window.cpp:-next.closeBounds = { next.width - padding - closeSize, padding,;MessageBox.Window.cpp:-next.width - padding, padding + closeSize };;MessageBox.Window.cpp:+const REAL titleLineHeight = titleFont.GetHeight(&graphics);	full patch + focused current-code/test static review	消息框关闭按钮垂直布局与测试	静态审查未确认新缺陷；可见 UI 行为需人工验证		static only; relevant UI not run
da9b888eead92f8612f430f6a74b83121d6be6cb	batch1:139;H0 reachable	Inkeys/IdtMain.cpp;Inkeys/IdtPlug-in.cpp;Inkeys/Inkeys.rc;Inkeys/Inkeys.vcxproj;Inkeys/Inkeys.vcxproj.filters;Inkeys/Inkeys/Helper/Helper.CrashHandler.cpp;Inkeys/Inkeys/UI/Bar/Bar.Interaction.cpp;Inkeys/Inkeys/UI/MessageBox/MessageBox.Layout.cpp	ordinary/product-code/assets	p1:31files:33fae34cb89baa90 | uniq=31 +4494/-20 | @@ -0,0 +1,8 @@;@@ -0,0 +1,304 @@ | code_change=IdtMain.cpp:+#ifdef MessageBox;IdtMain.cpp:+#undef MessageBox;IdtMain.cpp:+#endif	full patch + H0 current caller/callee/failure-path static review	H0 MessageBox Window Win7 DWM cloak failure path falls back to Show+Redraw; CrashHandler/IdtMain message entry	静态审查未确认本项新缺陷；真机/GUI 路径仍未验证		static only; targeted tests located, not independently run
fafa700938f2c7f413df8a0ce2cb2add6d4df9b1	batch1:140;H0 reachable	Inkeys/IdtMain.cpp;Inkeys/IdtPlug-in.cpp;Inkeys/IdtState.cpp;Inkeys/Inkeys.vcxproj;Inkeys/Inkeys.vcxproj.filters;Inkeys/Inkeys/Drawing/Draw3/Draw3.AutoSave.cpp;Inkeys/Inkeys/Drawing/Draw3/Draw3.AutoSave.cppm;Inkeys/Inkeys/Drawing/Draw3/Draw3.Bridge.cpp	ordinary/product-code/assets	"p1:40files:97dbcdc8ebc60842 | uniq=40 +3363/-204 | @@ -78 +78,68 @@;@@ -0,0 +1,6 @@ | code_change=IdtMain.cpp:+draw3StartOptions.autoSaveRoot =;IdtMain.cpp:+GetCurrentExeDirectory() + L""\\Inkeys\\AutoSave"";;IdtPlug-in.cpp:+Inkeys::Drawing::Draw3::PublishProductWorkspace("	full diff + current caller/callee/failure-path static review	desktop autosave index ReadTextFile/ReadIndex/ValidateIndex	当前代码确认 AUD-B1-002：索引无应用层文件/条目上限	AUD-B1-002	static only; relevant headless/GUI execution not independently run
d272f888880789989fb96ba7018bd5434047a107	batch1:141;H0 reachable	inkStrokeModelerTest/draw3/uink_codec.cpp;inkStrokeModelerTest/draw3/uink_codec.cppm;inkStrokeModelerTest/draw3/uink_codec_encode.cpp;inkStrokeModelerTest/draw3/uink_draw3_export.cpp;inkStrokeModelerTest/draw3/uink_draw3_export.cppm;inkStrokeModelerTest/draw3/uink_file.cpp;inkStrokeModelerTest/draw3/uink_file.cppm;inkStrokeModelerTest/draw3/uink_model.cpp	ordinary/product-code/assets	p1:38files:157322553c1bd4ec | uniq=38 +12106/-0 | @@ -0,0 +1,10 @@;@@ -0,0 +1,376 @@ | code_change=uink_codec.cpp:+﻿module;;uink_codec.cpp:+#define MSGPACK_NO_BOOST;uink_codec.cpp:+namespace draw3::uink	full diff + current caller/callee/failure-path static review	UInk codec Scanner+msgpack limits 128MiB/250k objects/depth32; file self-validation	安全边界静态审查：有显式文件/对象/深度限额与保存自校验；未见确认问题，fuzz 未做		static only; relevant headless/GUI execution not independently run
a5407c31903b7b6079989c13cb08018ff3df7574	batch1:142;H0 reachable	docs/Trellis	ordinary/documentation/task-state	p1:2files:f7201c8d03df327e | uniq=2 +25/-1 | @@ -11,2 +11,2 @@;@@ -22 +22 @@	brief full patch/path/security-token scan	metadata only	仅 Trellis 文档/任务记录，未改产品代码；本项无确认产品缺陷		static diff only; runtime not applicable
277a015f371c1e3a2fd284c4a6a0bd8f790433ca	batch1:143;H0 reachable	docs/Trellis	ordinary/documentation/task-state	p1:12files:01ddbe361cef7dd7 | uniq=12 +398/-265 | @@ -1 +0,0 @@;@@ -1,174 +0,0 @@	brief full patch/path/security-token scan	metadata only	仅 Trellis 文档/任务记录，未改产品代码；本项无确认产品缺陷		static diff only; runtime not applicable
07b0c208c9fb860a88fc0fe632f10d2889040e87	batch1:144;H0 reachable	Inkeys/Inkeys/UI/PageControl/PageControl.cpp;Inkeys/Inkeys/UI/PageControl/PageControl.cppm;Inkeys/Inkeys/UI/Ppt/Ppt.cpp;InkeysHeadlessTests/page_control_tests.cpp	ordinary/product-code/assets	p1:10files:45c21fe2fd382663 | uniq=10 +133/-17 | @@ -52,0 +53 @@;@@ -332,0 +333,7 @@ | code_change=PageControl.cpp:-callback = next ? pptCallbacks.nextPage;PageControl.cpp:-: pptCallbacks.previousPage;;PageControl.cpp:+switch (ResolvePptDirectionAction(	full patch + H0 current shared-contract static review	PageControl::PptPageCommitState→RenderSurface 成功事务→AcknowledgePage→PPT/Draw3 target	静态审查未确认本项新缺陷；真实 GUI/设备行为未验证		static only; existing tests located, not independently run
ebbdec8e3921de02f1f6682e5e1ea2ce9ebad21d	batch1:145;H0 reachable	Inkeys/IdtPlug-in.cpp;Inkeys/Inkeys/UI/Ppt/Ppt.cppm;InkeysHeadlessTests/page_control_tests.cpp;InkeysHeadlessTests/ppt_ui_tests.cpp	ordinary/product-code/assets	p1:9files:91a9e86684be36b7 | uniq=9 +191/-40 | @@ -214 +214 @@;@@ -322,0 +323,12 @@ | code_change=IdtPlug-in.cpp:-if (publishedCurrentPage != PptInfoStateBuffer.CurrentPage ||;IdtPlug-in.cpp:-publishedTotalPage != PptInfoStateBuffer.TotalPage);IdtPlug-in.cpp:+const auto publication = Inkeys::UI::Ppt::ResolvePageStateForPublication(	full patch + H0 current shared-contract static review	PageControl::PptPageCommitState→RenderSurface 成功事务→AcknowledgePage→PPT/Draw3 target	静态审查未确认本项新缺陷；真实 GUI/设备行为未验证		static only; existing tests located, not independently run
a6e575e08e7590f37a3aa9edf94117c4a1402a26	batch1:146;H0 reachable	Inkeys/Inkeys.rc;Inkeys/Inkeys/UI/Bar/Bar.Button.cpp;Inkeys/Inkeys/UI/PageControl/PageControl.cpp;Inkeys/Inkeys/UI/PageControl/PageControl.cppm;Inkeys/src/UI/barEndShow.svg;InkeysHeadlessTests/page_control_tests.cpp	ordinary/product-code/assets	"p1:10files:5583b0af5407602b | uniq=10 +78/-12 | @@ -259,0 +260 @@;@@ -261 +262,5 @@ | code_change=Bar.Button.cpp:+obj->icon.InitializationFromResource(L""UI"", L""barEndShow"");;Bar.Button.cpp:-obj->pngIcon.Initialization(0.0, 0.0);;Bar.Button.cpp:-(void)obj->pngIcon.InitializationFromResource(L""PNG"", L""ppt3"");"	full patch + H0 current shared-contract static review	PageControl::PptPageCommitState→RenderSurface 成功事务→AcknowledgePage→PPT/Draw3 target	静态审查未确认本项新缺陷；真实 GUI/设备行为未验证		static only; existing tests located, not independently run
d21bee2d3a2b647ab41e2a171d6363823d78efee	batch1:147;H0 reachable	Inkeys/Inkeys/UI/PageControl/PageControl.cpp;Inkeys/Inkeys/UI/PageControl/PageControl.cppm;InkeysHeadlessTests/page_control_tests.cpp	ordinary/product-code/assets	p1:4files:e5b708a90e106dc6 | uniq=4 +37/-18 | @@ -330 +330 @@;@@ -604,0 +605,2 @@ | code_change=PageControl.cpp:+previous.iconAngle = ResolveDirectionIconAngle(;PageControl.cpp:+SurfaceFor(index), mode, false, false);;PageControl.cpp:+next.iconAngle = ResolveDirectionIconAngle(	full patch + focused current-code/test static review	PPT 左右箭头角度映射与测试	静态审查未确认新缺陷；可见 UI 行为需人工验证		static only; relevant UI not run
0d029fc33c6d315efe1630be692f918545efb4c7	batch1:148;H0 reachable	Inkeys/Inkeys/UI/Bar/Bar.Scene.cpp;Inkeys/Inkeys/UI/PageControl/PageControl.cpp;Inkeys/Inkeys/UI/PageControl/PageControl.cppm;InkeysHeadlessTests/page_control_tests.cpp	ordinary/product-code/assets	p1:8files:24a3a8f057174ce2 | uniq=8 +487/-57 | @@ -272,0 +273,43 @@;@@ -289 +332 @@ | code_change=Bar.Scene.cpp:-double opacity, double durationMilliseconds) noexcept;Bar.Scene.cpp:+double opacity, double durationSeconds) noexcept;Bar.Scene.cpp:-if (!std::isfinite(durationMilliseconds) || durationMilliseconds < 0.0)	full patch + H0 current shared-contract static review	PageControl::PptPageCommitState→RenderSurface 成功事务→AcknowledgePage→PPT/Draw3 target	静态审查未确认本项新缺陷；真实 GUI/设备行为未验证		static only; existing tests located, not independently run
e674bb0720e59d457b13d790369b45b3d1d107fc	batch1:149;H0 reachable	Inkeys/IdtDrawpad.cpp;Inkeys/IdtMain.cpp;Inkeys/Inkeys/Drawing/Draw3/Draw3.DrawingController.cpp;Inkeys/Inkeys/Drawing/Draw3/Draw3.DrawingController.cppm;Inkeys/Inkeys/Drawing/Draw3/Draw3.Host.cpp;Inkeys/Inkeys/Drawing/Draw3/Draw3.Host.h;Inkeys/Inkeys/Drawing/Draw3/Draw3.Product.cpp;Inkeys/Inkeys/Drawing/Draw3/Draw3.Product.h	ordinary/product-code/assets	p1:24files:6be535f6b990231f | uniq=24 +423/-235 | @@ -57,0 +58,9 @@;@@ -64,0 +65 @@ | code_change=IdtDrawpad.cpp:-if (PptInfoState.TotalPage != -1 && !checkEndShowIsChecking);IdtDrawpad.cpp:-switch (pKeyInfo->vkCode);IdtDrawpad.cpp:-case VK_SPACE: // 空格键	full patch + H0 current shared-contract static review	Draw3 HostDrawingActivityState→DrawingController physical/quarantined contact notification	静态审查未确认本项新缺陷；真实 GUI/设备行为未验证		static only; existing tests located, not independently run
3046639a266b3da4f3d396d48716fc488136ed01	batch1:150;H0 reachable	Inkeys/Inkeys/UI/PageControl/PageControl.cpp;Inkeys/Inkeys/UI/PageControl/PageControl.cppm;InkeysHeadlessTests/page_control_tests.cpp	ordinary/product-code/assets	p1:7files:657c539eae723854 | uniq=7 +999/-77 | @@ -43 +43,2 @@;@@ -47 +48 @@ | code_change=PageControl.cpp:+constexpr auto DragCandidateTraceInterval = 100ms;;PageControl.cpp:+[[nodiscard]] const char* SurfaceName(std::size_t index) noexcept;PageControl.cpp:+constexpr std::array names{	full patch + focused current-code/test static review	PPT 控件拖拽 trace 与提交掩码纯逻辑	静态审查未确认新缺陷；可见 UI 行为需人工验证		static only; relevant UI not run
579d1c5eb358d368a0e42a2fc298b13d2dbc3f38	batch1:151;H0 reachable	Inkeys/IdtPlug-in.cpp;Inkeys/Inkeys/Drawing/Draw3/Draw3.Host.cpp;Inkeys/Inkeys/Drawing/Draw3/Draw3.Host.h;Inkeys/Inkeys/Drawing/Draw3/Draw3.Product.cpp;Inkeys/Inkeys/Drawing/Draw3/Draw3.Product.h;Inkeys/Inkeys/UI/Bar/Bar.Animation.cppm;Inkeys/Inkeys/UI/Bar/Bar.Scene.cpp;Inkeys/Inkeys/UI/Bar/Bar.Scene.cppm	ordinary/product-code/assets	p1:23files:cdf0565118768ba3 | uniq=23 +693/-117 | @@ -18,0 +19 @@;@@ -35,0 +37,3 @@ | code_change=IdtPlug-in.cpp:+constexpr auto PptPageStateCheckInterval = chrono::milliseconds(50);;IdtPlug-in.cpp:+constexpr auto PptVisibilityPublishInterval = chrono::milliseconds(500);;IdtPlug-in.cpp:-int requestedDraw3Page = -2;	full patch + H0 current shared-contract static review	PageControl::PptPageCommitState→RenderSurface 成功事务→AcknowledgePage→PPT/Draw3 target	静态审查未确认本项新缺陷；真实 GUI/设备行为未验证		static only; existing tests located, not independently run
74d8a87a71d56b8abd884552594e0db631ff96e6	batch1:152;H0 reachable	Inkeys/Inkeys/UI/Bar/Bar.Interaction.cpp;Inkeys/Inkeys/UI/Bar/Bar.Main.cppm;Inkeys/Inkeys/UI/Bar/Bar.Metrics.cppm;Inkeys/Inkeys/UI/Bar/Bar.RenderLoop.cpp;Inkeys/Inkeys/UI/Bar/Bar.Rendering.cpp;Inkeys/Inkeys/UI/Bar/Bar.Rendering.cppm;Inkeys/Inkeys/UI/Bar/Bar.Scene.cpp;Inkeys/Inkeys/UI/Bar/Bar.Scene.cppm	ordinary/product-code/assets	p1:16files:a7a4784b4de5fbab | uniq=16 +672/-317 | @@ -222,0 +223,8 @@;@@ -243,0 +252,5 @@ | code_change=Bar.Interaction.cpp:+constexpr UINT BarBorderCursorSurfacePointerMessage = WM_APP + 0x35;;Bar.Interaction.cpp:+namespace;Bar.Interaction.cpp:+constexpr std::array<Inkeys::Window::WindowRole, 4>	full patch + H0 current shared-contract static review	PageControl::PptPageCommitState→RenderSurface 成功事务→AcknowledgePage→PPT/Draw3 target	静态审查未确认本项新缺陷；真实 GUI/设备行为未验证		static only; existing tests located, not independently run
7a9907e0860ec589fa5b442c61abf418066cee47	batch1:153;H0 reachable	Inkeys/Inkeys/UI/Bar/Bar.Animation.cpp;Inkeys/Inkeys/UI/Bar/Bar.Interaction.cpp;Inkeys/Inkeys/UI/Bar/Bar.Main.cpp;Inkeys/Inkeys/UI/Bar/Bar.Main.cppm;Inkeys/Inkeys/UI/Bar/Bar.Metrics.cppm;Inkeys/Inkeys/UI/Bar/Bar.RenderLoop.cpp;Inkeys/Inkeys/UI/Bar/Bar.Rendering.cppm;Inkeys/Inkeys/UI/Bar/Bar.Scene.cpp	ordinary/product-code/assets	p1:20files:62cdf5bf7ca17609 | uniq=20 +1235/-525 | @@ -17,0 +18 @@;@@ -40,0 +42 @@ | code_change=Bar.Animation.cpp:-IdtAtomic<double> BarUiDefaultOperationDur = 0.4; // 默认操作过程时长 s;Bar.Animation.cpp:+IdtAtomic<double> BarUiDefaultOperationDur =;Bar.Animation.cpp:+BarButtonDefaultOperationDurationSeconds; // 默认操作过程时长 s	full patch + H0 current shared-contract static review	PageControl::PptPageCommitState→RenderSurface 成功事务→AcknowledgePage→PPT/Draw3 target	静态审查未确认本项新缺陷；真实 GUI/设备行为未验证		static only; existing tests located, not independently run
421902912d8745a6dfc238a36ed5d326d3ea2f09	batch1:154;H0 reachable	Inkeys/Inkeys/UI/Bar/Bar.Rendering.cpp;Inkeys/Inkeys/UI/Bar/Bar.Rendering.cppm;Inkeys/Inkeys/UI/Bar/Bar.Scene.cpp	ordinary/product-code/assets	p1:3files:d76fd769932ea023 | uniq=3 +214/-19 | @@ -276 +276,7 @@;@@ -281 +287 @@ | code_change=Bar.Rendering.cpp:+void BarUIRendering::ResetSurfaceCursorLight() noexcept;Bar.Rendering.cpp:+frameCursorLight = D2D1::Point2F();;Bar.Rendering.cpp:+frameLocalCursorLight = D2D1::Point2F();	full patch + H0 current shared-contract static review	PageControl::PptPageCommitState→RenderSurface 成功事务→AcknowledgePage→PPT/Draw3 target	静态审查未确认本项新缺陷；真实 GUI/设备行为未验证		static only; existing tests located, not independently run
7c20946d3c3a6a21c9e9ee1d12a6921595453f50	batch1:155;H0 reachable	Inkeys/Inkeys/UI/PageControl/PageControl.cpp;Inkeys/Inkeys/UI/PageControl/PageControl.cppm;InkeysHeadlessTests/page_control_tests.cpp	ordinary/product-code/assets	p1:4files:4d2557ac45757e83 | uniq=4 +278/-34 | @@ -235 +235 @@;@@ -29,0 +30 @@ | code_change=PageControl.cpp:+RECT appliedSceneBounds{};;PageControl.cpp:+float appliedSceneScale = 1.0F;;PageControl.cpp:+bool appliedSceneBoundsReady = false;	full patch + H0 current shared-contract static review	PageControl::PptPageCommitState→RenderSurface 成功事务→AcknowledgePage→PPT/Draw3 target	静态审查未确认本项新缺陷；真实 GUI/设备行为未验证		static only; existing tests located, not independently run
a98f72dc6d5c26ab6dcf43d49ff4148aeabbc462	batch1:156;H0 reachable	Inkeys/Inkeys/UI/PageControl/PageControl.cpp;Inkeys/Inkeys/UI/PageControl/PageControl.cppm;Inkeys/Inkeys/UI/Ppt/Ppt.cpp;InkeysHeadlessTests/page_control_tests.cpp	ordinary/product-code/assets	p1:5files:87a910b4a855cb53 | uniq=5 +190/-16 | @@ -232,0 +233,3 @@;@@ -241,0 +245,3 @@ | code_change=PageControl.cpp:+std::atomic_uint64_t directMoveRevision = 1;;PageControl.cpp:+std::atomic_bool debugEnabled = false;;PageControl.cpp:-SIZE backingCapacity, bool forceFullReplacement) noexcept	full patch + H0 current shared-contract static review	PageControl::PptPageCommitState→RenderSurface 成功事务→AcknowledgePage→PPT/Draw3 target	静态审查未确认本项新缺陷；真实 GUI/设备行为未验证		static only; existing tests located, not independently run
43d59ec36405e4d50bd911a3e2e3399985801bd1	batch1:157;H0 reachable	Inkeys/IdtState.cpp;Inkeys/Inkeys/UI/PageControl/PageControl.cpp;Inkeys/Inkeys/UI/Ppt/Ppt.cpp;Inkeys/Inkeys/Window/Window.Legacy.cpp;Inkeys/Inkeys/Window/Window.cpp;InkeysHeadlessTests/window_tests.cpp	ordinary/product-code/assets	p1:13files:c766c74ba50bd43d | uniq=13 +950/-100 | @@ -1220 +1220,2 @@;@@ -1238,0 +1240,3 @@ | code_change=IdtState.cpp:+std::atomic_bool draw3PresentationRetryPending = false;;IdtState.cpp:+bool draw3PresentationFailureActive = false;;IdtState.cpp:+enum class Draw3PresentationReconcileResult : std::uint8_t	full patch + H0 current shared-contract static review	PageControl::PptPageCommitState→RenderSurface 成功事务→AcknowledgePage→PPT/Draw3 target	静态审查未确认本项新缺陷；真实 GUI/设备行为未验证		static only; existing tests located, not independently run
56fbd21c9b16bea77dd2077aa935e2f75fb91cfc	batch1:158;H0 reachable	Inkeys/IdtMagnification.cpp;Inkeys/IdtMain.cpp;Inkeys/IdtPlug-in.cpp;Inkeys/IdtState.cpp;Inkeys/Inkeys.vcxproj;Inkeys/Inkeys.vcxproj.filters;Inkeys/Inkeys/Other/Other.Config.cpp;Inkeys/Inkeys/Other/Other.Config.cppm	ordinary/product-code/assets	p1:47files:6aff087f874dc2bb | uniq=47 +3353/-2744 | @@ -137 +137,2 @@;@@ -171 +172,2 @@ | code_change=IdtMagnification.cpp:-Inkeys::Window::WindowRole::PptMiddleRight,;IdtMagnification.cpp:-Inkeys::Window::WindowRole::PptExitShow });IdtMagnification.cpp:+Inkeys::Window::WindowRole::PptMiddleRight })	full patch + H0 current shared-contract static review	PageControl::PptPageCommitState→RenderSurface 成功事务→AcknowledgePage→PPT/Draw3 target	静态审查未确认本项新缺陷；真实 GUI/设备行为未验证		static only; existing tests located, not independently run
6e2959f28d2573fcdf57af43bbffb5f5f0e009c7	batch1:159;H0 reachable	docs/Trellis	ordinary/documentation/task-state	p1:2files:30c44caa4ed3c5fb | uniq=2 +25/-1 | @@ -11,2 +11,2 @@;@@ -22 +22 @@	brief full patch/path/security-token scan	metadata only	仅 Trellis 文档/任务记录，未改产品代码；本项无确认产品缺陷		static diff only; runtime not applicable
958982cc2c0ff0e8ef845c9f005ccfb86aca53fa	batch1:160;H0 reachable	docs/Trellis	ordinary/documentation/task-state	p1:12files:b3474e18e4c89093 | uniq=12 +143/-94 | @@ -1 +0,0 @@;@@ -1,54 +0,0 @@	brief full patch/path/security-token scan	metadata only	仅 Trellis 文档/任务记录，未改产品代码；本项无确认产品缺陷		static diff only; runtime not applicable
be95a7bf89265588346186dfd98444e618b5afc5	batch1:161;H0 reachable	Inkeys/IdtMain.cpp;Inkeys/IdtState.cpp;Inkeys/Inkeys/UI/Ppt/Ppt.cpp;Inkeys/Inkeys/UI/Whiteboard/Whiteboard.cpp;Inkeys/Inkeys/Window/Window.cpp;Inkeys/Inkeys/Window/Window.cppm;InkeysHeadlessTests/whiteboard_ui_tests.cpp;InkeysHeadlessTests/window_tests.cpp	ordinary/product-code/assets	p1:16files:b9b7787fd05da116 | uniq=16 +379/-127 | @@ -13 +13 @@;@@ -32 +32 @@ | code_change=IdtMain.cpp:-else if (role == Inkeys::Window::WindowRole::WhiteboardLeft ||;IdtMain.cpp:-role == Inkeys::Window::WindowRole::WhiteboardRight);IdtMain.cpp:-spec.width = 195;	full patch + H0 current shared-contract static review	BarPresentDecision/MappingTracker 与 BarWindowPresentationTransaction 成功提交、失败 Retry、底栏快照	静态审查未确认本项新缺陷；真实 GUI/设备行为未验证		static only; existing tests located, not independently run
19ea24416966b1394b77d1453148807a4649ecfb	batch1:162;H0 reachable	Inkeys/Inkeys/UI/Bar/Bar.BottomDock.h;Inkeys/Inkeys/UI/Bar/Bar.Interaction.cpp;Inkeys/Inkeys/UI/Bar/Bar.Main.cppm;Inkeys/Inkeys/UI/Bar/Bar.PresentDecision.h;Inkeys/Inkeys/UI/Bar/Bar.RenderLoop.cpp;InkeysHeadlessTests/bar_bottom_dock_tests.cpp;InkeysHeadlessTests/present_decision_tests.cpp	ordinary/product-code/assets	p1:15files:bb36e28154455ffd | uniq=15 +470/-29 | @@ -354,0 +355,3 @@;@@ -362 +365 @@ | code_change=Bar.BottomDock.h:+struct BarBottomDockHitTestPoint;Bar.BottomDock.h:+double logicalX = 0.0;;Bar.BottomDock.h:+double logicalY = 0.0;	full patch + H0 current shared-contract static review	BarPresentDecision/MappingTracker 与 BarWindowPresentationTransaction 成功提交、失败 Retry、底栏快照	静态审查未确认本项新缺陷；真实 GUI/设备行为未验证		static only; existing tests located, not independently run
78701a84d55921d19e9798b695fccf2f8268142a	batch1:163;H0 reachable	docs/Trellis	ordinary/documentation/task-state	p1:2files:bb08cea5d1f04fd9 | uniq=2 +25/-1 | @@ -11,2 +11,2 @@;@@ -22 +22 @@	brief full patch/path/security-token scan	metadata only	仅 Trellis 文档/任务记录，未改产品代码；本项无确认产品缺陷		static diff only; runtime not applicable
90f91bdc331f3f3abad9907bdf1c8f3b23cb5edf	batch1:164;H0 reachable	docs/Trellis	ordinary/documentation/task-state	p1:16files:3467060986f24bb6 | uniq=16 +264/-217 | @@ -1,4 +0,0 @@;@@ -1,69 +0,0 @@	brief full patch/path/security-token scan	metadata only	仅 Trellis 文档/任务记录，未改产品代码；本项无确认产品缺陷		static diff only; runtime not applicable
07849596001ed1c76ed55e0ddbd29af4b0f06760	batch1:165;H0 reachable	Inkeys/Inkeys/UI/Bar/Bar.BottomDock.h;Inkeys/Inkeys/UI/Bar/Bar.Interaction.cpp;Inkeys/Inkeys/UI/Bar/Bar.Main.cppm;Inkeys/Inkeys/UI/Bar/Bar.RenderLoop.cpp;Inkeys/Inkeys/UI/Bar/Bar.State.cpp;InkeysHeadlessTests/animation_tests.cpp;InkeysHeadlessTests/bar_bottom_dock_tests.cpp	ordinary/product-code/assets	p1:17files:e4fc34e7172ed05d | uniq=17 +709/-577 | @@ -501,3 +501,5 @@;@@ -517,2 +519,5 @@ | code_change=Bar.BottomDock.h:+[[nodiscard]] inline bool ResolveBarBottomDockPositionMainBarSide(;Bar.BottomDock.h:+BarBottomDockCenterMode presentedCenterMode,;Bar.BottomDock.h:+double mainCenterX, double windowWidth, bool currentSide) noexcept	full patch + H0 current shared-contract static review	BarPresentDecision/MappingTracker 与 BarWindowPresentationTransaction 成功提交、失败 Retry、底栏快照	静态审查未确认本项新缺陷；真实 GUI/设备行为未验证		static only; existing tests located, not independently run
595121fbe17c084cda56a58fab27a966e1901281	batch1:166;H0 reachable	Inkeys/Inkeys/UI/Bar/Bar.BottomDock.h;Inkeys/Inkeys/UI/Bar/Bar.RenderLoop.cpp;InkeysHeadlessTests/bar_bottom_dock_tests.cpp	ordinary/product-code/assets	p1:7files:aec2ac5cc8db47a3 | uniq=7 +512/-35 | @@ -501 +501,3 @@;@@ -503,0 +506 @@ | code_change=Bar.BottomDock.h:+[[nodiscard]] inline bool ResolveBarBottomDockInitialMainBarSide(;Bar.BottomDock.h:+bool whiteboardPlacement, bool currentSide) noexcept;Bar.BottomDock.h:+return whiteboardPlacement ? currentSide : true;	full patch + H0 current shared-contract static review	BarPresentDecision/MappingTracker 与 BarWindowPresentationTransaction 成功提交、失败 Retry、底栏快照	静态审查未确认本项新缺陷；真实 GUI/设备行为未验证		static only; existing tests located, not independently run
9a7d1f12748eec85321890f6e5361c000a682ad8	batch1:167;H0 reachable	Inkeys/Inkeys/UI/Bar/Bar.RenderLoop.cpp;InkeysHeadlessTests/bar_bottom_dock_tests.cpp	ordinary/product-code/assets	p1:6files:64676a223b8c740c | uniq=6 +43/-1 | @@ -502,0 +503 @@;@@ -47,0 +48,2 @@ | code_change=Bar.RenderLoop.cpp:+if (state.bottomDockTargetIndicatorTarget;Bar.RenderLoop.cpp:+|| state.bottomDockTargetIndicatorProgress.val > 0.000001;Bar.RenderLoop.cpp:+|| state.bottomDockTargetIndicatorBoundsVisible)	full patch + focused current-code/test static review	底栏 indicator 动画活动判定与离线测试	静态审查未确认新缺陷；可见 UI 行为需人工验证		static only; relevant UI not run
d76f4df2e10ba5083f570b5725f123bc39301414	batch1:168;H0 reachable	Inkeys/Inkeys/UI/Bar/Bar.BottomDock.h;Inkeys/Inkeys/UI/Bar/Bar.Interaction.cpp;Inkeys/Inkeys/UI/Bar/Bar.Main.cppm;Inkeys/Inkeys/UI/Bar/Bar.RenderLoop.cpp;InkeysHeadlessTests/bar_bottom_dock_tests.cpp	ordinary/product-code/assets	p1:9files:1558f098f66a1fb6 | uniq=9 +291/-72 | @@ -497 +497 @@;@@ -501,2 +501,2 @@ | code_change=Bar.BottomDock.h:-inline constexpr double BarBottomDockThresholdDip = 20.0;;Bar.BottomDock.h:+inline constexpr double BarBottomDockThresholdDip = 20.0;;Bar.BottomDock.h:+inline constexpr double BarBottomDockCenterThresholdDip = 40.0;	full patch + H0 current shared-contract static review	BarPresentDecision/MappingTracker 与 BarWindowPresentationTransaction 成功提交、失败 Retry、底栏快照	静态审查未确认本项新缺陷；真实 GUI/设备行为未验证		static only; existing tests located, not independently run
5a55106e2e370dc41087b164c235347f703878d4	batch1:169;H0 reachable	Inkeys/Inkeys/UI/Bar/Bar.BottomDock.h;Inkeys/Inkeys/UI/Bar/Bar.Interaction.cpp;Inkeys/Inkeys/UI/Bar/Bar.Main.cppm;Inkeys/Inkeys/UI/Bar/Bar.RenderLoop.cpp;InkeysHeadlessTests/bar_bottom_dock_tests.cpp	ordinary/product-code/assets	p1:9files:aada7a066828f370 | uniq=9 +319/-151 | @@ -499,2 +499,2 @@;@@ -502 +502 @@ | code_change=Bar.BottomDock.h:-else if (centerDetached || !verticallyDocked);Bar.BottomDock.h:+else if (!verticallyDocked);Bar.BottomDock.h:+(void)centerDetached;	full patch + H0 current shared-contract static review	BarPresentDecision/MappingTracker 与 BarWindowPresentationTransaction 成功提交、失败 Retry、底栏快照	静态审查未确认本项新缺陷；真实 GUI/设备行为未验证		static only; existing tests located, not independently run
8c478efaa492e96039e515b50c509c2e3574852a	batch1:170;H0 reachable	Inkeys/Inkeys/UI/Bar/Bar.BottomDock.h;Inkeys/Inkeys/UI/Bar/Bar.Interaction.cpp;Inkeys/Inkeys/UI/Bar/Bar.RenderLoop.cpp;InkeysHeadlessTests/bar_bottom_dock_tests.cpp	ordinary/product-code/assets	p1:8files:a15127347b192b7c | uniq=8 +421/-84 | @@ -500 +500 @@;@@ -502 +502 @@ | code_change=Bar.BottomDock.h:+enum class BarBottomDockIndicatorContentAction;Bar.BottomDock.h:+None,;Bar.BottomDock.h:+ExpandFrame,	full patch + H0 current shared-contract static review	BarPresentDecision/MappingTracker 与 BarWindowPresentationTransaction 成功提交、失败 Retry、底栏快照	静态审查未确认本项新缺陷；真实 GUI/设备行为未验证		static only; existing tests located, not independently run
6c9a20ec9687b1873c91046a430a46cc6768e6a1	batch1:171;H0 reachable	Inkeys/Inkeys/UI/Bar/Bar.BottomDock.h;Inkeys/Inkeys/UI/Bar/Bar.Interaction.cpp;Inkeys/Inkeys/UI/Bar/Bar.Main.cppm;Inkeys/Inkeys/UI/Bar/Bar.RenderLoop.cpp;InkeysHeadlessTests/bar_bottom_dock_tests.cpp	ordinary/product-code/assets	p1:9files:b6255290db32757a | uniq=9 +1147/-96 | @@ -478,0 +479,54 @@;@@ -5 +5 @@ | code_change=Bar.BottomDock.h:+enum class BarBottomDockCenterMode;Bar.BottomDock.h:+Free,;Bar.BottomDock.h:+Centered,	full patch + H0 current shared-contract static review	BarPresentDecision/MappingTracker 与 BarWindowPresentationTransaction 成功提交、失败 Retry、底栏快照	静态审查未确认本项新缺陷；真实 GUI/设备行为未验证		static only; existing tests located, not independently run
ea7da6502e1916b8228c505cc27853f6e1a65079	batch1:172;H0 reachable	Inkeys/Inkeys/UI/Bar/Bar.BottomDock.h;Inkeys/Inkeys/UI/Bar/Bar.RenderLoop.cpp;InkeysHeadlessTests/bar_bottom_dock_tests.cpp	ordinary/product-code/assets	p1:6files:43759d72a8774951 | uniq=6 +103/-60 | @@ -20 +20 @@;@@ -32 +32 @@ | code_change=Bar.BottomDock.h:-inline constexpr double BarBottomDockFeedbackFadeInSeconds = 0.16;;Bar.BottomDock.h:-inline constexpr double BarBottomDockFeedbackFadeOutSeconds = 0.20;;Bar.BottomDock.h:+[[nodiscard]] inline RECT ResolveBarBottomDockIndicatorVisualEnvelope(	full patch + H0 current shared-contract static review	BarPresentDecision/MappingTracker 与 BarWindowPresentationTransaction 成功提交、失败 Retry、底栏快照	静态审查未确认本项新缺陷；真实 GUI/设备行为未验证		static only; existing tests located, not independently run
f41fd3e2bc7466df15d1a5916f2f4ca1a0e22363	batch1:173;H0 reachable	Inkeys/Inkeys/UI/Bar/Bar.BottomDock.h;Inkeys/Inkeys/UI/Bar/Bar.Interaction.cpp;Inkeys/Inkeys/UI/Bar/Bar.Main.cppm;Inkeys/Inkeys/UI/Bar/Bar.RenderLoop.cpp;InkeysHeadlessTests/bar_bottom_dock_tests.cpp	ordinary/product-code/assets	p1:8files:cf0642d321137598 | uniq=8 +260/-89 | @@ -20 +20 @@;@@ -22 +22 @@ | code_change=Bar.BottomDock.h:-inline constexpr double BarBottomDockIndicatorTopInsetDip = 5.0;;Bar.BottomDock.h:-inline constexpr double BarBottomDockIndicatorHeightDip = 20.0;;Bar.BottomDock.h:+inline constexpr double BarBottomDockIndicatorHeightDip = 30.0;	full patch + H0 current shared-contract static review	BarPresentDecision/MappingTracker 与 BarWindowPresentationTransaction 成功提交、失败 Retry、底栏快照	静态审查未确认本项新缺陷；真实 GUI/设备行为未验证		static only; existing tests located, not independently run
0c38b92bab1601f5d780cb6eeebb1ddea7c08300	batch1:174;H0 reachable	Inkeys/Inkeys/UI/Bar/Bar.BottomDock.h;Inkeys/Inkeys/UI/Bar/Bar.Interaction.cpp;Inkeys/Inkeys/UI/Bar/Bar.Main.cppm;Inkeys/Inkeys/UI/Bar/Bar.RenderLoop.cpp;InkeysHeadlessTests/bar_bottom_dock_tests.cpp	ordinary/product-code/assets	p1:10files:d12df72a8badd011 | uniq=10 +71/-426 | @@ -371 +371 @@;@@ -390 +389,0 @@ | code_change=Bar.BottomDock.h:-inline constexpr double BarBottomDockFeedbackOutsetDip = 10.0;;Bar.BottomDock.h:-inline constexpr double BarBottomDockBackgroundCornerRadiusDip = 10.0;;Bar.BottomDock.h:-inline constexpr double BarBottomDockBackgroundPeakOpacity = 0.18;	full patch + H0 current shared-contract static review	BarPresentDecision/MappingTracker 与 BarWindowPresentationTransaction 成功提交、失败 Retry、底栏快照	静态审查未确认本项新缺陷；真实 GUI/设备行为未验证		static only; existing tests located, not independently run
89dcb51040a54fecb3bd21a8637ae877d2a2d0b4	batch1:175;H0 reachable	Inkeys/Inkeys/UI/Bar/Bar.BottomDock.h;Inkeys/Inkeys/UI/Bar/Bar.Interaction.cpp;Inkeys/Inkeys/UI/Bar/Bar.Main.cppm;Inkeys/Inkeys/UI/Bar/Bar.RenderLoop.cpp;InkeysHeadlessTests/bar_bottom_dock_tests.cpp	ordinary/product-code/assets	p1:7files:7491a839ca2c1717 | uniq=7 +236/-19 | @@ -479,0 +480,58 @@;@@ -0,0 +1,108 @@ | code_change=Bar.BottomDock.h:-BarBottomDockMode previousMode, BarBottomDockMode currentMode,;Bar.BottomDock.h:-BarBottomDockPhase currentPhase, bool dragActive,;Bar.BottomDock.h:-bool springActive, bool captureLatched) noexcept	full patch + H0 current shared-contract static review	BarPresentDecision/MappingTracker 与 BarWindowPresentationTransaction 成功提交、失败 Retry、底栏快照	静态审查未确认本项新缺陷；真实 GUI/设备行为未验证		static only; existing tests located, not independently run
b64f6303d9f480f9f96343c410f97aaf1c18a013	batch1:176;H0 reachable	Inkeys/IdtI18nKeys.g.h;Inkeys/Inkeys/UI/Bar/Bar.BottomDock.h;Inkeys/Inkeys/UI/Bar/Bar.Interaction.cpp;Inkeys/Inkeys/UI/Bar/Bar.Main.cppm;Inkeys/Inkeys/UI/Bar/Bar.PresentDecision.h;Inkeys/Inkeys/UI/Bar/Bar.RenderLoop.cpp;Inkeys/src/i18n/en-US.jsonc;Inkeys/src/i18n/zh-CN.jsonc	ordinary/product-code/assets	p1:19files:094b14ea5c9a4bac | uniq=19 +997/-263 | @@ -342,0 +343,13 @@;@@ -349 +362 @@ | code_change=Bar.BottomDock.h:-inline constexpr double BarBottomDockTargetIndicatorOutsetDip = 3.0;;Bar.BottomDock.h:-inline constexpr double BarBottomDockTargetIndicatorHeightDip = 80.0;;Bar.BottomDock.h:-inline constexpr double BarBottomDockTargetIndicatorCornerRadiusDip = 8.0;	full patch + H0 current shared-contract static review	BarPresentDecision/MappingTracker 与 BarWindowPresentationTransaction 成功提交、失败 Retry、底栏快照	静态审查未确认本项新缺陷；真实 GUI/设备行为未验证		static only; existing tests located, not independently run
139d2fb7b7fd4321b63c990620d064bc99ced70a	batch1:177;H0 reachable	docs/Trellis	ordinary/documentation/task-state	p1:2files:6a8bfe5e9d72c862 | uniq=2 +24/-1 | @@ -11 +11 @@;@@ -22 +22 @@	brief full patch/path/security-token scan	metadata only	仅 Trellis 文档/任务记录，未改产品代码；本项无确认产品缺陷		static diff only; runtime not applicable
75c54c0d498d794212d05b2ccb368659c4f04bca	batch1:178;H0 reachable	Inkeys/IdtPlug-in.cpp;Inkeys/IdtState.cpp;Inkeys/IdtState.h;Inkeys/Inkeys.vcxproj;Inkeys/Inkeys.vcxproj.filters;Inkeys/Inkeys/Business/PenToolState.hpp;Inkeys/Inkeys/UI/Bar/Bar.Button.cpp;Inkeys/Inkeys/UI/Bar/Bar.Interaction.cpp	ordinary/product-code/assets	p1:12files:0dc8473f967dfeaa | uniq=12 +80/-48 | @@ -94 +94 @@;@@ -108,0 +109 @@ | code_change=IdtPlug-in.cpp:+stateMode.laserActive = false;;IdtPlug-in.cpp:+stateMode.Pen.ModeSelect = PenModeSelectEnum::IdtPenBrush1;;IdtPlug-in.cpp:-if (res)	full diff + current caller/callee/failure-path static review	Bar pen-mode direct writes remain alongside new IdtState PPT revision transaction	当前代码确认 AUD-B1-003：Bar 裸写与 PPT 锁内写竞争	AUD-B1-003	static only; relevant headless/GUI execution not independently run
b690bc19342ab440e8e9c0cc81444e76085a930b	batch1:179;H0 reachable	Inkeys/Inkeys/UI/Bar/Bar.Button.cpp;Inkeys/Inkeys/UI/Bar/Bar.ToggleClickCoalescer.cppm;InkeysHeadlessTests/toggle_click_coalescer_tests.cpp	ordinary/product-code/assets	p1:4files:2eb95055f11c1793 | uniq=4 +43/-6 | @@ -849,0 +850 @@;@@ -851 +852 @@ | code_change=Bar.Button.cpp:+using Inkeys::UI::Bar::ResolveBarDrawButtonToggleDecision;;Bar.Button.cpp:-if (stateMode.laserActive);Bar.Button.cpp:+if (!barUISet.TryBeginToggle(	full patch + H0 current shared-contract static review	H0 Bar.ToggleClickCoalescer draw attribute visibility decision	静态审查未确认本项新缺陷；真实输入/视觉行为未验证		static only; tests located, not independently run
88113f097be7ed9a564cc2321544ff6c654f9ebc	batch1:180;H0 reachable	Inkeys/Inkeys/UI/Bar/Bar.Button.cpp	ordinary/product-code/assets	p1:1files:436d4712cdab694e | uniq=1 +0/-12 | @@ -757,12 +756,0 @@ | code_change=Bar.Button.cpp:-static int lastToolStateKey = -1;;Bar.Button.cpp:-const int toolStateKey =;Bar.Button.cpp:-(static_cast<int>(stateMode.StateModeSelect) << 8)	full patch + focused current-code/test static review	移除属性栏切笔时关闭面板的旧分支	静态审查未确认新缺陷；可见 UI 行为需人工验证		static only; relevant UI not run
07fcb1c3642d8ac080154de63ad1dbce16e85eb7	batch1:181;H0 reachable	Inkeys/IdtFreezeFrame.cpp;Inkeys/IdtFreezeFrame.h;Inkeys/IdtMain.cpp;Inkeys/IdtPlug-in.cpp;Inkeys/IdtState.cpp;Inkeys/IdtState.h;Inkeys/Inkeys.rc;Inkeys/Inkeys.vcxproj	merge/import-integration	p1:63files:323ee64acd74bfa6 | p2:102files:599288b2dae7b6e7 | uniq=148 +8862/-1268 | @@ -156,0 +157,62 @@;@@ -37 +37 @@	two-parent full patch indexed; remerge-diff empty	Inkeys/IdtFreezeFrame.cpp;Inkeys/IdtFreezeFrame.h;Inkeys/IdtMain.cpp;Inkeys/IdtPlug-in.cpp;Inkeys/IdtState.cpp	合并自身无独立冲突解决；分支内容在各 SHA 单审		git --remerge-diff static check; runtime not run
e184dbc37b338b82e39f85d6e64da62aeb9974c4	batch1:182;H0 reachable	docs/Trellis	ordinary/documentation/task-state	p1:7files:3e6a71e34b000512 | uniq=7 +271/-26 | @@ -156,0 +157,62 @@;@@ -37 +37 @@	brief full patch/path/security-token scan	metadata only	仅 Trellis 文档/任务记录，未改产品代码；本项无确认产品缺陷		static diff only; runtime not applicable
f375df9f9c226cce1ab65061b66902b4aa5f50ec	batch1:183;H0 reachable	Trellis scripts/hooks/skills	ordinary/trellis-workflow	p1:21files:922624df04875896 | uniq=21 +602/-182 | @@ -38 +38,12 @@;@@ -64,0 +65,8 @@	full patch classified; Trellis workflow code, auto-commit path checked	.trellis/scripts/task.py archive --no-commit; add_session.py --no-commit / session_auto_commit	非产品运行时；确认正式禁用自动提交路径；未确认本项发布代码问题		static only; task archive not run
584b420804b47ae9c792ce8ffadd4322b50da86b	batch1:184;H0 reachable	Inkeys/IdtState.cpp;Inkeys/Inkeys/UI/Bar/Bar.Main.cpp;Inkeys/Inkeys/UI/Bar/Bar.RenderLoop.cpp;Inkeys/Inkeys/UI/Whiteboard/Whiteboard.cpp;Inkeys/Inkeys/Window/Window.cpp	ordinary/product-code/assets	p1:5files:85da246650654973 | uniq=5 +37/-8 | @@ -461 +460,0 @@;@@ -462,0 +462 @@ | code_change=IdtState.cpp:-(void)service.SetOverlayTopmost(true);;IdtState.cpp:+(void)service.SetOverlayTopmost(true);;IdtState.cpp:+(void)service.SetClickThrough(	full patch + H0 current caller/callee/failure-path static review	H0 IsWhiteboardFeatureEnabled=false gates Initialize/Request; shared Bar scene, Draw3 host and Window callbacks	静态审查未确认本项新缺陷；真机/GUI 路径仍未验证		static only; targeted tests located, not independently run
2e21bf87b7d4e814740cb4a1d7e841d04cbc2739	batch1:185;H0 reachable	Inkeys/IdtMain.cpp;Inkeys/IdtState.cpp;Inkeys/Inkeys/Drawing/Draw3/Draw3.Host.cpp;Inkeys/Inkeys/Drawing/Draw3/Draw3.Host.h;Inkeys/Inkeys/Drawing/Draw3/Draw3.Product.cpp;Inkeys/Inkeys/Drawing/Draw3/Draw3.Product.h;Inkeys/Inkeys/Drawing/Draw3/Draw3.WindowControl.cpp;Inkeys/Inkeys/Drawing/Draw3/Draw3.WindowControl.cppm	ordinary/product-code/assets	p1:22files:2b5bd7a5e1702b59 | uniq=22 +981/-118 | @@ -1428 +1428 @@;@@ -94,0 +95,20 @@ | code_change=IdtMain.cpp:-DefWindowProcW, WS_EX_TRANSPARENT, {});;IdtMain.cpp:+nullptr, WS_EX_TRANSPARENT, {});;IdtState.cpp:+[[nodiscard]] bool Draw3WorkspaceReady(	full patch + H0 current caller/callee/failure-path static review	H0 IsWhiteboardFeatureEnabled=false gates Initialize/Request; shared Bar scene, Draw3 host and Window callbacks	静态审查未确认本项新缺陷；真机/GUI 路径仍未验证		static only; targeted tests located, not independently run
341b66327806c7d75fd0b029e54344c5e180ce5c	batch1:186;H0 reachable	Inkeys/Inkeys/UI/Bar/Bar.RenderLoop.cpp;Inkeys/Inkeys/UI/Bar/Bar.Scene.cpp;Inkeys/Inkeys/UI/Bar/Bar.Scene.cppm;Inkeys/Inkeys/UI/Whiteboard/Whiteboard.cpp;Inkeys/Inkeys/UI/Whiteboard/Whiteboard.cppm;InkeysHeadlessTests/whiteboard_ui_tests.cpp	ordinary/product-code/assets	p1:6files:d8b65aa598249c23 | uniq=6 +186/-50 | @@ -2531,2 +2530,0 @@;@@ -282 +282 @@ | code_change=Bar.RenderLoop.cpp:-state.barState.drawAttribute = true;;Bar.RenderLoop.cpp:-state.barState.geometryAttribute = false;;Bar.Scene.cpp:-&& widget->spec.selected;	full patch + H0 current caller/callee/failure-path static review	H0 IsWhiteboardFeatureEnabled=false gates Initialize/Request; shared Bar scene, Draw3 host and Window callbacks	静态审查未确认本项新缺陷；真机/GUI 路径仍未验证		static only; targeted tests located, not independently run
02102c8dcbc653369f624f73a34a35e9d764ef90	batch1:187;H0 reachable	Inkeys/Inkeys/UI/Bar/Bar.Button.cpp;Inkeys/Inkeys/UI/Bar/Bar.Interaction.cpp;Inkeys/Inkeys/UI/Bar/Bar.Main.cpp;Inkeys/Inkeys/UI/Bar/Bar.Main.cppm;Inkeys/Inkeys/UI/Bar/Bar.Scene.cpp;Inkeys/Inkeys/UI/Whiteboard/Whiteboard.cppm;Inkeys/src/UI/barAdd.svg;InkeysHeadlessTests/whiteboard_ui_tests.cpp	ordinary/product-code/assets	p1:8files:aa7a73fd349d448a | uniq=8 +44/-12 | @@ -756,0 +757,12 @@;@@ -973,0 +974,11 @@ | code_change=Bar.Button.cpp:+static int lastToolStateKey = -1;;Bar.Button.cpp:+const int toolStateKey =;Bar.Button.cpp:+(static_cast<int>(stateMode.StateModeSelect) << 8)	full patch + H0 current caller/callee/failure-path static review	H0 IsWhiteboardFeatureEnabled=false gates Initialize/Request; shared Bar scene, Draw3 host and Window callbacks	静态审查未确认本项新缺陷；真机/GUI 路径仍未验证		static only; targeted tests located, not independently run
436f9a90099eee6ab78e1a11bb29b87a0ac028ec	batch1:188;H0 reachable	Inkeys/Inkeys.rc;Inkeys/Inkeys/UI/Bar/Bar.Button.cpp;Inkeys/Inkeys/UI/Bar/Bar.Main.cpp;Inkeys/Inkeys/UI/Bar/Bar.Scene.cpp;Inkeys/Inkeys/UI/Bar/Bar.Scene.cppm;Inkeys/Inkeys/UI/Whiteboard/Whiteboard.cpp;Inkeys/Inkeys/UI/Whiteboard/Whiteboard.cppm;Inkeys/src/UI/barAdd.svg	ordinary/product-code/assets	p1:9files:9e6f3fea6495d1e1 | uniq=9 +80/-19 | @@ -339,0 +340,2 @@;@@ -1198,6 +1198,2 @@ | code_change=Bar.Button.cpp:-if (whiteboard);Bar.Button.cpp:-barUISet.barState.drawAttribute = !barUISet.barState.fold;;Bar.Button.cpp:-barUISet.barState.geometryAttribute = false;	full patch + H0 current caller/callee/failure-path static review	H0 IsWhiteboardFeatureEnabled=false gates Initialize/Request; shared Bar scene, Draw3 host and Window callbacks	静态审查未确认本项新缺陷；真机/GUI 路径仍未验证		static only; targeted tests located, not independently run
786212ccce1033b6432a1ac8d6bfe145fa11ac42	batch1:189;H0 reachable	Inkeys/Inkeys/UI/Bar/Bar.Scene.cpp	ordinary/product-code/assets	p1:1files:3f34f42477d3d2ac | uniq=1 +6/-5 | @@ -401,5 +401,6 @@ | code_change=Bar.Scene.cpp:-widget.button->icon.SetWH(;Bar.Scene.cpp:-std::isfinite(widget.spec.iconSizeDip);Bar.Scene.cpp:-? widget.spec.iconSizeDip : BarButtonTwoTwoIconSizeDip,	full patch + focused current-code/test static review	白板分页 SVG icon 尺寸换算	静态审查未确认新缺陷；可见 UI 行为需人工验证		static only; relevant UI not run
d88aef17063e5c4b6c2f8d564cb4d151a1f9d894	batch1:190;H0 reachable	Inkeys/Inkeys/UI/Whiteboard/Whiteboard.cpp	ordinary/product-code/assets	p1:1files:f0730d3627f4d40f | uniq=1 +20/-2 | @@ -137,0 +138,11 @@;@@ -144,0 +156 @@ | code_change=Whiteboard.cpp:+const COLORREF darkPressedFill = GetThemeColor(;Whiteboard.cpp:+BarThemeModeEnum::Dark, BarThemeColorEnum::PressedFill);;Whiteboard.cpp:+const COLORREF darkText = GetThemeColor(	full patch + focused current-code/test static review	白板分页主题色状态	静态审查未确认新缺陷；可见 UI 行为需人工验证		static only; relevant UI not run
bee31492acaeb25bdcf20b4f0a26bd450e2d1d23	batch1:191;H0 reachable	Inkeys/Inkeys.vcxproj;Inkeys/Inkeys.vcxproj.filters;Inkeys/Inkeys/UI/Bar/Bar.Interaction.cpp;Inkeys/Inkeys/UI/Bar/Bar.Main.cppm;Inkeys/Inkeys/UI/Bar/Bar.RenderLoop.cpp;Inkeys/Inkeys/UI/Bar/Bar.Rendering.cpp;Inkeys/Inkeys/UI/Bar/Bar.Rendering.cppm;Inkeys/Inkeys/UI/Bar/Bar.Scene.cpp	ordinary/product-code/assets	p1:15files:739f43e1fe1e1d35 | uniq=15 +2141/-823 | @@ -915,0 +916,3 @@;@@ -1687,0 +1688,9 @@ | code_change=Bar.Interaction.cpp:-void NotifyWhiteboardControlPointerActivity(bool inside) noexcept;Bar.Interaction.cpp:-if (offSignal || !floating_window || !IsWindow(floating_window)) return;;Bar.Interaction.cpp:-if (inside) barUISet.ActivateBorderCursorTracking(floating_window);	full patch + H0 current caller/callee/failure-path static review	H0 IsWhiteboardFeatureEnabled=false gates Initialize/Request; shared Bar scene, Draw3 host and Window callbacks	静态审查未确认本项新缺陷；真机/GUI 路径仍未验证		static only; targeted tests located, not independently run
5f4156c2c5360c6cde5f8fb83e735b5f10af3a8d	batch1:192;H0 reachable	Inkeys/Inkeys.vcxproj;Inkeys/Inkeys/UI/Bar/Bar.Animation.cppm;Inkeys/Inkeys/UI/Bar/Bar.Initialization.cpp;Inkeys/Inkeys/UI/Bar/Bar.Interaction.cpp;Inkeys/Inkeys/UI/Bar/Bar.Layout.cppm;Inkeys/Inkeys/UI/Bar/Bar.Main.cpp;Inkeys/Inkeys/UI/Bar/Bar.Metrics.cppm;Inkeys/Inkeys/UI/Bar/Bar.RenderLoop.cpp	ordinary/product-code/assets	p1:15files:60f7899ccbf25983 | uniq=15 +314/-160 | @@ -921,0 +922 @@;@@ -163,0 +164,12 @@ | code_change=Bar.Animation.cppm:+inline BarUiCurveSpecClass BarButtonPressCurve() noexcept;Bar.Animation.cppm:+return { BarUiCurveEnum::EaseOutCubic,;Bar.Animation.cppm:+BarUiCurveEnum::EaseOutCubic, 0.0, false };	full patch + H0 current caller/callee/failure-path static review	H0 IsWhiteboardFeatureEnabled=false gates Initialize/Request; shared Bar scene, Draw3 host and Window callbacks	静态审查未确认本项新缺陷；真机/GUI 路径仍未验证		static only; targeted tests located, not independently run
f73e563fef45a3f05e3bb7d501d9711efd73c8fe	batch1:193;H0 reachable	Inkeys/IdtMain.cpp;Inkeys/IdtState.cpp;Inkeys/Inkeys/UI/Bar/Bar.BottomDock.h;Inkeys/Inkeys/UI/Bar/Bar.Interaction.cpp;Inkeys/Inkeys/UI/Bar/Bar.Main.cpp;Inkeys/Inkeys/UI/Bar/Bar.Main.cppm;Inkeys/Inkeys/UI/Bar/Bar.RenderLoop.cpp;Inkeys/Inkeys/UI/Bar/Bar.Rendering.cpp	ordinary/product-code/assets	p1:20files:ed0d25feec83589f | uniq=20 +1022/-436 | @@ -878,2 +878,4 @@;@@ -892 +894 @@ | code_change=IdtMain.cpp:-spec.height = 60;;IdtMain.cpp:+spec.height = 70;;IdtState.cpp:-Inkeys::UI::Bar::SetWhiteboardActive(true);	full patch + H0 current caller/callee/failure-path static review	H0 IsWhiteboardFeatureEnabled=false gates Initialize/Request; shared Bar scene, Draw3 host and Window callbacks	静态审查未确认本项新缺陷；真机/GUI 路径仍未验证		static only; targeted tests located, not independently run
57ae9c093eccfe32fff40087f766301033c4bf84	batch1:194;H0 reachable	Inkeys/IdtFreezeFrame.cpp;Inkeys/IdtFreezeFrame.h;Inkeys/IdtMain.cpp;Inkeys/IdtPlug-in.cpp;Inkeys/IdtState.cpp;Inkeys/IdtState.h;Inkeys/Inkeys.rc;Inkeys/Inkeys.vcxproj	ordinary/product-code/assets	p1:44files:79945c8aaf795fff | uniq=44 +1553/-53 | @@ -0,0 +1 @@;@@ -0,0 +1,37 @@ | code_change=IdtFreezeFrame.cpp:+namespace;IdtFreezeFrame.cpp:+std::mutex freezeSurfaceMutex;;IdtFreezeFrame.cpp:+std::atomic_bool whiteboardFreezeSurfaceOwned = false;	full patch + H0 current caller/callee/failure-path static review	H0 IsWhiteboardFeatureEnabled=false gates Initialize/Request; shared Bar scene, Draw3 host and Window callbacks	静态审查未确认本项新缺陷；真机/GUI 路径仍未验证		static only; targeted tests located, not independently run
5b639968845a8d1bc9abdaf285cd81fc652ccf1b	batch1:195;H0 reachable	docs/Trellis	ordinary/documentation/task-state	p1:2files:215fa97237a744bb | uniq=2 +25/-1 | @@ -11 +11 @@;@@ -22 +22 @@	brief full patch/path/security-token scan	metadata only	仅 Trellis 文档/任务记录，未改产品代码；本项无确认产品缺陷		static diff only; runtime not applicable
10b9753c5149bfb59d8957d6ed9c9fd141b190b8	batch1:196;H0 reachable	docs/Trellis	ordinary/documentation/task-state	p1:1files:f76ff946a497bba3 | uniq=1 +1/-1 | @@ -22 +22 @@	brief full patch/path/security-token scan	metadata only	仅 Trellis 文档/任务记录，未改产品代码；本项无确认产品缺陷		static diff only; runtime not applicable
23083d7197b10343f90d183470b73324280db2f0	batch1:197;H0 reachable	docs/Trellis	ordinary/documentation/task-state	p1:8files:edad6dfb068350c4 | uniq=8 +138/-108 | @@ -1 +0,0 @@;@@ -1 +0,0 @@	brief full patch/path/security-token scan	metadata only	仅 Trellis 文档/任务记录，未改产品代码；本项无确认产品缺陷		static diff only; runtime not applicable
5eb7fe1e2afa7e03fc86a574c20e100c67af6ad6	batch1:198;H0 reachable	docs/Trellis	ordinary/documentation/task-state	p1:10files:a562b25d60b6af5c | uniq=10 +168/-107 | @@ -1,38 +0,0 @@;@@ -1,38 +0,0 @@	brief full patch/path/security-token scan	metadata only	仅 Trellis 文档/任务记录，未改产品代码；本项无确认产品缺陷		static diff only; runtime not applicable
17c196021439d2ca99c7ef49d9c11c776d2a70aa	batch1:199;H0 reachable	docs/Trellis	ordinary/documentation/task-state	p1:12files:9447ea52fa3211a0 | uniq=12 +174/-125 | @@ -1,8 +0,0 @@;@@ -1,47 +0,0 @@	brief full patch/path/security-token scan	metadata only	仅 Trellis 文档/任务记录，未改产品代码；本项无确认产品缺陷		static diff only; runtime not applicable
08009918692399c3ded9673602402365cdf59a2c	batch1:200;H0 reachable	docs/Trellis	ordinary/documentation/task-state	p1:12files:bc3d2a09a3759314 | uniq=12 +175/-103 | @@ -1 +0,0 @@;@@ -1,53 +0,0 @@	brief full patch/path/security-token scan	metadata only	仅 Trellis 文档/任务记录，未改产品代码；本项无确认产品缺陷		static diff only; runtime not applicable
