ordinal	sha	scope	modules	type	diff_evidence	review_depth	current_mapping	conclusion	finding_id	verification	subject
201	02355f364b730e9ebb034e55b3a1726b080f784f	H0 reachable	workflow/docs	documentation/workflow	p1:4f,+83/-84,sha256:485809a71200,paths:.trellis/tasks/07-17-investigate-unified-ui-d3d11-pipeline/prd.md,.trellis/tasks/07-17-investigate-unified-ui-d3d11-pipeline/task.json,.trellis/tasks/archive/2026-08/07-17-investigate-unified-ui-d3d11-pipeline/prd.md,.trellis/tasks/archive/2026-08/07-17-investigate-unified-ui-d3d11-pipeline/task.json,hunks:4; focus=file-level	diff content (documentation/workflow)	no runtime source path	不适用产品运行：仅规范、任务或 journal 内容变更；未修改运行时代码		静态差异与 H0 路径核对；未运行本批测试	chore(task): archive 07-17-investigate-unified-ui-d3d11-pipeline
202	0908225976d7685b3e116aa3a7191e67630fe85f	H0 reachable	workflow/docs	documentation/workflow	p1:18f,+455/-256,sha256:1df663591bc5,paths:.trellis/tasks/08-15-migrate-draw3-into-inkeys/check.jsonl,.trellis/tasks/08-15-migrate-draw3-into-inkeys/design.md,.trellis/tasks/08-15-migrate-draw3-into-inkeys/implement.jsonl,.trellis/tasks/08-15-migrate-draw3-into-inkeys/implement.md…,hunks:18; focus=file-level	diff content (documentation/workflow)	no runtime source path	不适用产品运行：仅规范、任务或 journal 内容变更；未修改运行时代码		静态差异与 H0 路径核对；未运行本批测试	chore(task): archive completed draw3 tasks
203	60ef7cb226b6ed040147fb708a61332aac9925d4	H0 reachable	workflow/docs	documentation/workflow	p1:12f,+0/-455,sha256:703ae7817ae5,paths:.trellis/tasks/archive/2026-08/08-15-migrate-draw3-into-inkeys/check.jsonl,.trellis/tasks/archive/2026-08/08-15-migrate-draw3-into-inkeys/design.md,.trellis/tasks/archive/2026-08/08-15-migrate-draw3-into-inkeys/implement.jsonl,.trellis/tasks/archive/2026-08/08-15-migrate-draw3-into-inkeys/implement.md…,hunks:12; focus=file-level	diff content (documentation/workflow)	no runtime source path	不适用产品运行：仅规范、任务或 journal 内容变更；未修改运行时代码		静态差异与 H0 路径核对；未运行本批测试	chore: exclude unrelated task archives
204	a1327e1eab61069b8872dcd4f3ba4ff3f5839675	H0 reachable	workflow/docs	documentation/workflow	p1:2f,+27/-3,sha256:664eaef10d6c,paths:.trellis/workspace/codex/index.md,.trellis/workspace/codex/journal-1.md,hunks:4; focus=file-level	diff content (documentation/workflow)	no runtime source path	不适用产品运行：仅规范、任务或 journal 内容变更；未修改运行时代码		静态差异与 H0 路径核对；未运行本批测试	chore: record journal
205	0e2d3444af09b2684f23293b1d490fe5ee42bfaf	H0 reachable	workflow/docs	documentation/workflow	p1:24f,+575/-120,sha256:b3059eaed12a,paths:.trellis/tasks/08-20-fix-draw-attribute-pen-animations/check.jsonl,.trellis/tasks/08-20-fix-draw-attribute-pen-animations/design.md,.trellis/tasks/08-20-fix-draw-attribute-pen-animations/implement.jsonl,.trellis/tasks/08-20-fix-draw-attribute-pen-animations/implement.md…,hunks:24; focus=file-level	diff content (documentation/workflow)	no runtime source path	不适用产品运行：仅规范、任务或 journal 内容变更；未修改运行时代码		静态差异与 H0 路径核对；未运行本批测试	chore(task): archive 08-20-fix-draw-attribute-pen-animations
206	cf05a3d73c34e25cd1441fd7eea2c5955f65ac2e	H0 reachable	UI3-Bar	fix	p1:7f,+181/-20,sha256:3a566f4508af,paths:.trellis/spec/native-desktop/rendering-and-ui.md,.trellis/tasks/08-20-fix-draw-attribute-pen-animations/design.md,.trellis/tasks/08-20-fix-draw-attribute-pen-animations/implement.md,.trellis/tasks/08-20-fix-draw-attribute-pen-animations/prd.md…,hunks:20; focus=double ResolveBarLaserPreviewEnvelopeThickness(,BarRenderLoopStageResult BarRenderLoopCoordinator::CalculateDirtyAndDrawPre,BarRenderLoopStageResult BarRenderLoopCoordinator::CalculateDirtyAndDrawPre	diff semantics + H0 UI3/Draw3/State path map	H0 tracked counterpart:Inkeys/Inkeys/UI/Bar/Bar.Animation.cppm,Inkeys/Inkeys/UI/Bar/Bar.RenderLoop.cpp (2/2 changed code paths map)	静态未确认该提交引入的现存严重缺陷；模式/属性/selection 跨入口和 GUI 行为仍需专项复验		静态差异与 H0 路径核对；未运行本批测试	fix laser preview cap centers
207	ae914033ef6c0c7dbc6228b99f66a6820894eed1	H0 reachable	UI3-Bar	fix	p1:3f,+20/-6,sha256:11f3cd94301b,paths:.trellis/spec/native-desktop/rendering-and-ui.md,.trellis/tasks/08-20-fix-draw-attribute-pen-animations/implement.md,Inkeys/Inkeys/UI/Bar/Bar.RenderLoop.cpp,hunks:7; focus=double ResolveBarLaserPreviewEnvelopeThickness(,shell.SetTar(policy.shellExpanded ? 1.0 : 0.0, duration);,BarRenderLoopStageResult BarRenderLoopCoordinator::CalculateDirtyAndDrawPre	diff semantics + H0 UI3/Draw3/State path map	H0 tracked counterpart:Inkeys/Inkeys/UI/Bar/Bar.RenderLoop.cpp (1/1 changed code paths map)	静态未确认该提交引入的现存严重缺陷；模式/属性/selection 跨入口和 GUI 行为仍需专项复验		静态差异与 H0 路径核对；未运行本批测试	fix laser preview core color
208	ea277bf26f77178c1892ebbfad10cbec28c924b7	H0 reachable	UI3-Bar	fix	p1:11f,+691/-113,sha256:4574d1aa57a4,paths:.trellis/spec/native-desktop/rendering-and-ui.md,.trellis/tasks/08-20-fix-draw-attribute-pen-animations/check.jsonl,.trellis/tasks/08-20-fix-draw-attribute-pen-animations/design.md,.trellis/tasks/08-20-fix-draw-attribute-pen-animations/implement.jsonl…,hunks:33; focus=BarPenTypeExtensionPresentation ResolveBarPenTypeExtensionPresentation(,module;,namespace Inkeys::UI::Bar	diff semantics + H0 UI3/Draw3/State path map	H0 tracked counterpart:Inkeys/Inkeys/UI/Bar/Bar.Animation.cppm,Inkeys/Inkeys/UI/Bar/Bar.Initialization.cpp,Inkeys/Inkeys/UI/Bar/Bar.RenderLoop.cpp (3/3 changed code paths map)	静态未确认该提交引入的现存严重缺陷；模式/属性/selection 跨入口和 GUI 行为仍需专项复验		静态差异与 H0 路径核对；未运行本批测试	fix draw attribute pen animations
209	9c9faeed6e11f071652f192efb327de3c450e18c	H0 reachable	workflow/docs	documentation/workflow	p1:21f,+602/-185,sha256:f9e3c6616edc,paths:.agents/skills/trellis-before-dev/SKILL.md,.agents/skills/trellis-check/SKILL.md,.agents/skills/trellis-meta/SKILL.md,.agents/skills/trellis-meta/references/local-architecture/bundled-skills.md…,hunks:85; focus=Execute these steps:,Run the project's lint, type-check, and test commands. Fix any failures bef,Skip this step if your change is confined to a single layer.	diff content (documentation/workflow)	no runtime source path	不适用产品运行：仅规范、任务或 journal 内容变更；未修改运行时代码		静态差异与 H0 路径核对；未运行本批测试	trellis update
210	a6bf819c2f1722add352cf67358b32e41f05d648	H0 reachable	UI3-Bar	fix	p1:5f,+588/-188,sha256:d509c1671502,paths:.trellis/spec/native-desktop/rendering-and-ui.md,Inkeys/Inkeys/UI/Bar/Bar.Animation.cppm,Inkeys/Inkeys/UI/Bar/Bar.Layout.cppm,Inkeys/Inkeys/UI/Bar/Bar.RenderLoop.cpp…,hunks:34; focus=shape.frameCursorLightIntensityScale = buttonIntensity;,import :Theme;,enum class BarDirtyFixedVisual : BarDirtyVisualKey	diff semantics + H0 UI3/Draw3/State path map	H0 tracked counterpart:Inkeys/Inkeys/UI/Bar/Bar.Animation.cppm,Inkeys/Inkeys/UI/Bar/Bar.Layout.cppm,Inkeys/Inkeys/UI/Bar/Bar.RenderLoop.cpp (3/3 changed code paths map)	静态未确认该提交引入的现存严重缺陷；模式/属性/selection 跨入口和 GUI 行为仍需专项复验		静态差异与 H0 路径核对；未运行本批测试	fix bar tool transition state animations
211	6dccc5979ad9c26602fb817c5501eaf6a178ca13	H0 reachable	Draw3,StateBridge,UI3-Bar	fix	p1:9f,+51/-54,sha256:818e635c53c4,paths:Inkeys/IdtState.cpp,Inkeys/IdtState.h,Inkeys/Inkeys/Drawing/Draw3/Draw3.DrawingController.cpp,Inkeys/Inkeys/Drawing/Draw3/Draw3.StrokeGeometry.cpp…,hunks:27; focus=namespace Inkeys::Drawing::Draw3,auto annotationLabel = make_shared<BarUiWordClass>(,private:	diff semantics + H0 UI3/Draw3/State path map	H0 tracked counterpart:Inkeys/IdtState.cpp,Inkeys/IdtState.h,Inkeys/Inkeys/Drawing/Draw3/Draw3.DrawingController.cpp,Inkeys/Inkeys/Drawing/Draw3/Draw3.StrokeGeometry.cpp… (9/9 changed code paths map)	静态未确认该提交引入的现存严重缺陷；模式/属性/selection 跨入口和 GUI 行为仍需专项复验		静态差异与 H0 路径核对；未运行本批测试	fix pen modes, thickness interaction and bar transitions
212	97b90fbae4c3048bac2e20ac0ed427fc33e72c8a	H0 reachable	Draw3,StateBridge,UI3-Bar	feature	p1:14f,+305/-115,sha256:f2b3d3682c8d,paths:Inkeys/IdtState.cpp,Inkeys/IdtState.h,Inkeys/Inkeys/Drawing/Draw3/Draw3.Bridge.h,Inkeys/Inkeys/Drawing/Draw3/Draw3.DrawingController.cpp…,hunks:79; focus=bool SetPenWidth(float targetWidth, bool setMemory),bool SetPenColor(COLORREF targetColor, bool setMemory),enum class PenModeSelectEnum	diff semantics + H0 UI3/Draw3/State path map	H0 tracked counterpart:Inkeys/IdtState.cpp,Inkeys/IdtState.h,Inkeys/Inkeys/Drawing/Draw3/Draw3.Bridge.h,Inkeys/Inkeys/Drawing/Draw3/Draw3.DrawingController.cpp… (14/14 changed code paths map)	静态未确认该提交引入的现存严重缺陷；模式/属性/selection 跨入口和 GUI 行为仍需专项复验		静态差异与 H0 路径核对；未运行本批测试	Add HardPen/SoftPen modes and update UI/geometry
213	5f6201c45492fbb01c33e1a0013c6b48431e9dff	H0 reachable	UI3-Bar	ordinary	p1:1f,+19/-8,sha256:0fcc7d84f781,paths:Inkeys/Inkeys/UI/Bar/Bar.RenderLoop.cpp,hunks:2; focus=BarRenderLoopStageResult BarRenderLoopCoordinator::CalculateDirtyAndDrawPre,BarRenderLoopStageResult BarRenderLoopCoordinator::CalculateDirtyAndDrawPre,BarRenderLoopStageResult BarRenderLoopCoordinator::CalculateDirtyAndDrawPre	diff semantics + H0 UI3/Draw3/State path map	H0 tracked counterpart:Inkeys/Inkeys/UI/Bar/Bar.RenderLoop.cpp (1/1 changed code paths map)	静态未确认该提交引入的现存严重缺陷；模式/属性/selection 跨入口和 GUI 行为仍需专项复验		静态差异与 H0 路径核对；未运行本批测试	Smooth laser preview thickness transition
214	18619a4193374b492206cc36fdafcd5625c4d967	H0 reachable	UI3-Bar	fix	p1:4f,+51/-9,sha256:70dd9cfe6e5c,paths:Inkeys/Inkeys/UI/Bar/Bar.Interaction.cpp,Inkeys/Inkeys/UI/Bar/Bar.Main.cppm,Inkeys/Inkeys/UI/Bar/Bar.RenderLoop.cpp,Inkeys/Inkeys/UI/Bar/Bar.State.cppm,hunks:21; focus=private:,public:,case IndependentHoverTargetEnum::DrawAttributeThicknessFine:	diff semantics + H0 UI3/Draw3/State path map	H0 tracked counterpart:Inkeys/Inkeys/UI/Bar/Bar.Interaction.cpp,Inkeys/Inkeys/UI/Bar/Bar.Main.cppm,Inkeys/Inkeys/UI/Bar/Bar.RenderLoop.cpp,Inkeys/Inkeys/UI/Bar/Bar.State.cppm (4/4 changed code paths map)	静态未确认该提交引入的现存严重缺陷；模式/属性/selection 跨入口和 GUI 行为仍需专项复验		静态差异与 H0 路径核对；未运行本批测试	Fix laser tool interaction states
215	9064374be07fdf8b82a2b89916392816ed8b1e41	H0 reachable	Draw3,UI3-Bar	fix	p1:3f,+226/-61,sha256:ea8beffd3ac0,paths:Inkeys/Inkeys/Drawing/Draw3/Draw3.DrawingController.cpp,Inkeys/Inkeys/UI/Bar/Bar.Layout.cppm,Inkeys/Inkeys/UI/Bar/Bar.RenderLoop.cpp,hunks:23; focus=namespace Inkeys::Drawing::Draw3,struct BarRenderLoopState,if (stateMode.StateModeSelect == StateModeSelectEnum::IdtPen)	diff semantics + H0 UI3/Draw3/State path map	H0 tracked counterpart:Inkeys/Inkeys/Drawing/Draw3/Draw3.DrawingController.cpp,Inkeys/Inkeys/UI/Bar/Bar.Layout.cppm,Inkeys/Inkeys/UI/Bar/Bar.RenderLoop.cpp (3/3 changed code paths map)	静态未确认该提交引入的现存严重缺陷；模式/属性/selection 跨入口和 GUI 行为仍需专项复验		静态差异与 H0 路径核对；未运行本批测试	Fix laser-to-highlighter transition animation
216	39c32be1205ece6db7c076fb8dc8a5f11351c77a	H0 reachable	Draw3,StateBridge,UI3-Bar	feature	p1:6f,+143/-35,sha256:b4e5f9104e56,paths:Inkeys/IdtState.cpp,Inkeys/IdtState.h,Inkeys/Inkeys/Drawing/Draw3/Draw3.DrawingController.cpp,Inkeys/Inkeys/UI/Bar/Bar.Interaction.cpp…,hunks:28; focus=bool SetPenWidth(float targetWidth, bool setMemory),float GetPenWidth(),public:	diff semantics + H0 UI3/Draw3/State path map	H0 tracked counterpart:Inkeys/IdtState.cpp,Inkeys/IdtState.h,Inkeys/Inkeys/Drawing/Draw3/Draw3.DrawingController.cpp,Inkeys/Inkeys/UI/Bar/Bar.Interaction.cpp… (6/6 changed code paths map)	静态未确认该提交引入的现存严重缺陷；模式/属性/selection 跨入口和 GUI 行为仍需专项复验		静态差异与 H0 路径核对；未运行本批测试	Support laser pen with independent thickness presets
217	540cd8b9814a48221940f87e2566ca605b7bbc5f	H0 reachable	Draw3,StateBridge,UI3-Bar	revert	p1:13f,+59/-314,sha256:66d4f986464a,paths:.trellis/spec/native-desktop/draw3-integration.md,.trellis/tasks/08-18-laser-pointer-independent-width/check.jsonl,.trellis/tasks/08-18-laser-pointer-independent-width/design.md,.trellis/tasks/08-18-laser-pointer-independent-width/implement.jsonl…,hunks:35; focus=Windows 对创建时带 `WS_EX_NOREDIRECTIONBITMAP` 且已经绑定过 DComp tar,bool SetPenWidth(float targetWidth, bool setMemory),float GetPenWidth()	paired diff/revert + H0 state map	H0 tracked counterpart:Inkeys/IdtState.cpp,Inkeys/IdtState.h,Inkeys/Inkeys/Drawing/Draw3/Draw3.DrawingController.cpp,Inkeys/Inkeys/UI/Bar/Bar.Interaction.cpp… (6/6 changed code paths map)	历史变更与撤销成对；当前独立激光宽度由后续 39c32be12 路径决定，非此 patch 单独生效		静态差异与 H0 路径核对；未运行本批测试	"Revert ""feat(draw3): add independent laser pointer widths"""
218	5d0777b68c23a4d368690ce69aea0f80b635b7c9	H0 reachable	Draw3,StateBridge,UI3-Bar	feature	p1:13f,+314/-59,sha256:b7ff799a7cbf,paths:.trellis/spec/native-desktop/draw3-integration.md,.trellis/tasks/08-18-laser-pointer-independent-width/check.jsonl,.trellis/tasks/08-18-laser-pointer-independent-width/design.md,.trellis/tasks/08-18-laser-pointer-independent-width/implement.jsonl…,hunks:35; focus=Windows 对创建时带 `WS_EX_NOREDIRECTIONBITMAP` 且已经绑定过 DComp tar,bool SetPenWidth(float targetWidth, bool setMemory),float GetPenWidth()	paired diff/revert + H0 state map	H0 tracked counterpart:Inkeys/IdtState.cpp,Inkeys/IdtState.h,Inkeys/Inkeys/Drawing/Draw3/Draw3.DrawingController.cpp,Inkeys/Inkeys/UI/Bar/Bar.Interaction.cpp… (6/6 changed code paths map)	历史变更与撤销成对；当前独立激光宽度由后续 39c32be12 路径决定，非此 patch 单独生效		静态差异与 H0 路径核对；未运行本批测试	feat(draw3): add independent laser pointer widths
219	e62b2f17b93cfb1fb1240a2a229904b07ae9732c	H0 reachable	workflow/docs	documentation/workflow	p1:2f,+26/-4,sha256:b1ca6c75ec47,paths:.trellis/workspace/codex/index.md,.trellis/workspace/codex/journal-1.md,hunks:5; focus=file-level	diff content (documentation/workflow)	no runtime source path	不适用产品运行：仅规范、任务或 journal 内容变更；未修改运行时代码		静态差异与 H0 路径核对；未运行本批测试	chore: record journal
220	7a6db3f68ea29659c0b92e4c696a9344d94764fc	H0 reachable	workflow/docs	documentation/workflow	p1:14f,+212/-212,sha256:4c0728e22b68,paths:.trellis/tasks/08-17-draw3-tool-cursor-visuals/check.jsonl,.trellis/tasks/08-17-draw3-tool-cursor-visuals/design.md,.trellis/tasks/08-17-draw3-tool-cursor-visuals/implement.jsonl,.trellis/tasks/08-17-draw3-tool-cursor-visuals/implement.md…,hunks:14; focus=file-level	diff content (documentation/workflow)	no runtime source path	不适用产品运行：仅规范、任务或 journal 内容变更；未修改运行时代码		静态差异与 H0 路径核对；未运行本批测试	chore(task): archive 08-17-draw3-tool-cursor-visuals
221	ca8d06e393652f42835b9686a586647a382917a0	H0 reachable	Build,Draw3,StateBridge,UI3-Bar	fix	p1:17f,+462/-44,sha256:c545a1f8d52a,paths:.trellis/spec/native-desktop/draw3-integration.md,.trellis/tasks/08-15-migrate-draw3-into-inkeys/task.json,.trellis/tasks/08-17-draw3-tool-cursor-visuals/check.jsonl,.trellis/tasks/08-17-draw3-tool-cursor-visuals/design.md…,hunks:29; focus=Windows 对创建时带 `WS_EX_NOREDIRECTIONBITMAP` 且已经绑定过 DComp tar,COLORREF GetPenColor(),COLORREF GetPenColor();	diff semantics + H0 UI3/Draw3/State path map	H0 tracked counterpart:Inkeys/IdtState.cpp,Inkeys/IdtState.h,Inkeys/Inkeys/Drawing/Draw3/Draw3.Bridge.h,Inkeys/Inkeys/Drawing/Draw3/Draw3.DrawingController.cpp… (6/6 changed code paths map)	静态未确认该提交引入的现存严重缺陷；模式/属性/selection 跨入口和 GUI 行为仍需专项复验		静态差异与 H0 路径核对；未运行本批测试	fix(draw3): align tool cursor visuals
222	348de674930a192a10871d79e2610b536fdbf9cf	H0 reachable	Draw3,Inkeys,StateBridge,UI3-Bar	fix	p1:10f,+220/-81,sha256:55c2cd0f7427,paths:.trellis/spec/native-desktop/input-and-ink.md,Inkeys/IdtState.cpp,Inkeys/Inkeys/Drawing/Draw3/Draw3.DrawingController.cpp,Inkeys/Inkeys/Drawing/Draw3/Draw3.HiddenWindowTest.cpp…,hunks:30; focus=Draw3 Host 在图形资源准备后才初始化 RTS，退出时先停止 produce,void ReconcileDraw3Presentation(),namespace Inkeys::Drawing::Draw3	diff semantics + H0 UI3/Draw3/State path map	H0 tracked counterpart:Inkeys/IdtState.cpp,Inkeys/Inkeys/Drawing/Draw3/Draw3.DrawingController.cpp,Inkeys/Inkeys/Drawing/Draw3/Draw3.HiddenWindowTest.cpp,Inkeys/Inkeys/Drawing/Draw3/Draw3.Host.cpp… (8/8 changed code paths map)	静态未确认该提交引入的现存严重缺陷；模式/属性/selection 跨入口和 GUI 行为仍需专项复验		静态差异与 H0 路径核对；未运行本批测试	fix(draw3): stabilize pen and bar input handling
223	017883f6e77a6c78454aecb66a925f1be2807c86	H0 reachable	Draw3,Host/PPT,Inkeys,StateBridge	fix	p1:22f,+715/-216,sha256:2f8060a5db1e,paths:.trellis/spec/native-desktop/draw3-integration.md,.trellis/spec/native-desktop/index.md,.trellis/spec/native-desktop/input-and-ink.md,.trellis/spec/native-desktop/rendering-and-ui.md…,hunks:117; focus=Correct：`Debug 保留调试信息 + /MT + undef _DEBUG + Release Vcpkg libs ->,Windows 对创建时带 `WS_EX_NOREDIRECTIONBITMAP` 且已经绑定过 DComp tar,Wrong：`selection = current WS_EX_TRANSPARENT`，或 `Clear -> append erase/bla	diff semantics + H0 UI3/Draw3/State path map	H0 tracked counterpart:Inkeys/IdtMain.cpp,Inkeys/IdtState.cpp,Inkeys/Inkeys/Drawing/Draw3/Draw3.DrawingController.cpp,Inkeys/Inkeys/Drawing/Draw3/Draw3.DrawingController.cppm… (14/14 changed code paths map)	静态未确认该提交引入的现存严重缺陷；模式/属性/selection 跨入口和 GUI 行为仍需专项复验		静态差异与 H0 路径核对；未运行本批测试	fix(draw3): add selection presentation window
224	6303e3387cf87584ab0d46684e52b38c207ab765	H0 reachable	Build,Draw3,Host/PPT,Inkeys,PptCOM,StateBridge,UI3-Bar,binary	fix	p1:43f,+895/-239,sha256:2e75e6c06970,paths:.trellis/spec/native-desktop/configuration-i18n-and-assets.md,.trellis/spec/native-desktop/draw3-integration.md,Inkeys/IdtMain.cpp,Inkeys/IdtPlug-in.cpp…,hunks:133; focus=SetDebugOptions(config.Debug.Enable, config.Debug.ShowFrameRate);,Windows 对创建时带 `WS_EX_NOREDIRECTIONBITMAP` 且已经绑定过 DComp tar,import Inkeys.Display;	diff semantics + H0 UI3/Draw3/State path map	H0 tracked counterpart:Inkeys/IdtMain.cpp,Inkeys/IdtPlug-in.cpp,Inkeys/IdtState.cpp,Inkeys/IdtState.h… (36/36 changed code paths map)	静态未确认该提交引入的现存严重缺陷；模式/属性/selection 跨入口和 GUI 行为仍需专项复验		静态差异与 H0 路径核对；未运行本批测试	fix(draw3): repair selection clear and diagnostics behavior
225	2bef49bf9bc38c5af132cb2a4d467049089e1077	H0 reachable	Build,Host/PPT	ordinary	p1:3f,+1525/-14,sha256:17bc933764e1,paths:Inkeys/IdtMain.h,Inkeys/Inkeys.vcxproj,Inkeys/Inkeys.vcxproj.filters,hunks:5; focus=file-level	diff semantics + H0 project/diagnostic gate map	H0 tracked counterpart:Inkeys/IdtMain.h (1/1 changed code paths map)	IDT_RELEASE 注释使诊断受配置启用；头文件枚举为项目登记变更；正式 Debug/Release 行为须构建和产物核对		静态差异与 H0 路径核对；未运行本批测试	Disable IDT_RELEASE and enumerate headers
226	13e81fa0cee233bab91dc2b112d1d518aa2f2f8c	H0 reachable	Build,Draw3,Draw3-demo,Inkeys,binary	build/refactor	p1:452f,+84/-125751,sha256:3ef850205e42,paths:.trellis/spec/native-desktop/draw3-integration.md,.trellis/tasks/08-15-migrate-draw3-into-inkeys/design.md,.trellis/tasks/08-15-migrate-draw3-into-inkeys/implement.md,.trellis/tasks/08-15-migrate-draw3-into-inkeys/prd.md…,hunks:469; focus=Windows 对创建时带 `WS_EX_NOREDIRECTIONBITMAP` 且已经绑定过 DComp tar,Draw3 作为 Inkeys Drawpad 的新实现进入主进程，但不成为新的顶,used by Draw3.	diff semantics + H0 fixed-library ABI/build map	H0 tracked counterpart:Inkeys/Inkeys/Drawing/Draw3/Draw3.InkPrediction.cpp (1/441 changed code paths map)	固定 Modeler 静态库取代源码编译，Debug 改 Release CRT/vcpkg；三架构 ABI/链接及许可证来源须发布构建验证		静态差异与 H0 路径核对；未运行本批测试	build(draw3): use fixed stroke modeler libraries
227	fc9a8b865cd8233f0fca66363dc10f35823465a4	H0 reachable	Build,Draw3,Draw3-demo,Host/PPT,Inkeys,StateBridge,UI3-Bar,binary	feature	p1:953f,+189854/-6010,sha256:ee6b4c8b71fb,paths:.gitignore,.trellis/spec/native-desktop/draw3-integration.md,.trellis/spec/native-desktop/draw3-shaders.md,.trellis/spec/native-desktop/index.md…,hunks:1020; focus=PPT/WPS 的托管 COM 服务和原生边界另见 [../ppt-interop/index.md](../p,import Inkeys.Other.Config;,bool ReadSetting()	full-parent diff index + production import map; deep current review pending	H0 tracked counterpart:Inkeys/IdtConfiguration.cpp,Inkeys/IdtDrawpadFacade.cpp,Inkeys/IdtFloating.cpp,Inkeys/IdtMain.cpp… (442/663 changed code paths map)	未验证：953-file Draw3 integration requires production call-chain/ABI review; DWM route violates requested gate	B2-001	静态差异与 H0 路径核对；未运行本批测试	feat(draw3): integrate Draw3 drawpad runtime
228	1bc302d105b71c2831b6746e012a641b210a6a06	H0 reachable	Build,Draw3,Draw3-demo,Host/PPT,Inkeys,PptCOM,StateBridge,UI3-Bar,binary	merge	"p1:951f,+213849/-490,sha256:51ae7fbd8690,paths:.agents/skills/trellis-before-dev/SKILL.md,.agents/skills/trellis-brainstorm/SKILL.md,.agents/skills/trellis-break-loop/SKILL.md,.agents/skills/trellis-channel/SKILL.md…,hunks:961 | p2:671f,+306934/-297,sha256:cc13305f7242,paths:.coderabbit.yaml,.gitattributes,.github/workflows/build-windows.yml,.gitignore…,hunks:614; focus=When you copy-paste or rewrite existing logic:,grep -r ""functionName"" .,grep -r ""keyword"" ."	two-parent diffs + combined merge inspection	H0 tracked counterpart:Inkeys/additional/absl/algorithm/algorithm.h,Inkeys/additional/absl/algorithm/container.h,Inkeys/additional/absl/base/attributes.h,Inkeys/additional/absl/base/call_once.h… (737/963 changed code paths map)	已审合并范围：source history imported; combined diff has no runtime-code conflict resolution; imported source requires current-product review	B2-001	静态差异与 H0 路径核对；未运行本批测试	merge: import Draw3 source history
229	8d045298eaaac76f752b4f8b5f3303b3520e50b7	H0 reachable	Draw3	feature	p1:14f,+1590/-37,sha256:ac193a94824c,paths:.trellis/spec/native/runtime-and-rendering.md,.trellis/tasks/08-15-speed-eraser-oc/check.jsonl,.trellis/tasks/08-15-speed-eraser-oc/design.md,.trellis/tasks/08-15-speed-eraser-oc/implement.jsonl…,hunks:70; focus=Correct：关闭时直接回收后续 Touch 的 consumer slot；该手指必须,Correct：`mouseUsesSystemCursor -> WindowController 原子单一真值 -> 同,export namespace draw3	diff semantics + H0 product source map	H0 tracked counterpart:Inkeys/Inkeys/Drawing/Draw3/Draw3.DrawingController.cpp,Inkeys/Inkeys/Drawing/Draw3/Draw3.InkPrediction.cpp,Inkeys/Inkeys/Drawing/Draw3/Draw3.InkPrediction.cppm,Inkeys/Inkeys/Drawing/Draw3/Draw3.StrokeGeometry.cpp… (6/6 changed code paths map)	静态未确认该历史差异带来的现存缺陷；生产行为与自动/真机回归由 Draw3 专项验证		静态差异与 H0 路径核对；未运行本批测试	feat(eraser): add speed eraser OC smoothing
230	d32816b0e05d8f26a457199709179fbf5a4e37a6	H0 reachable	workflow/docs	documentation/workflow	p1:2f,+25/-3,sha256:aa676405d869,paths:.trellis/workspace/AlanCRL/index.md,.trellis/workspace/AlanCRL/journal-1.md,hunks:4; focus=Adjusted dashed-line center spacing from 4:2 to 4:6 so round-capped visible	diff content (documentation/workflow)	no runtime source path	不适用产品运行：仅规范、任务或 journal 内容变更；未修改运行时代码		静态差异与 H0 路径核对；未运行本批测试	chore: record journal
231	56f778a7d6fc4c0b87622dc97103570872daac01	H0 reachable	workflow/docs	documentation/workflow	p1:12f,+111/-111,sha256:48a1d5bc29a9,paths:.trellis/tasks/08-14-redo-history/check.jsonl,.trellis/tasks/08-14-redo-history/design.md,.trellis/tasks/08-14-redo-history/implement.jsonl,.trellis/tasks/08-14-redo-history/implement.md…,hunks:12; focus=file-level	diff content (documentation/workflow)	no runtime source path	不适用产品运行：仅规范、任务或 journal 内容变更；未修改运行时代码		静态差异与 H0 路径核对；未运行本批测试	chore(task): archive 08-14-redo-history
232	9de6b7beaa029682b5f2bea7de7fa8c993dc3496	H0 reachable	Draw3	feature	p1:14f,+462/-21,sha256:7bca522a9cb9,paths:.trellis/spec/native/runtime-and-rendering.md,.trellis/tasks/08-14-redo-history/check.jsonl,.trellis/tasks/08-14-redo-history/design.md,.trellis/tasks/08-14-redo-history/implement.jsonl…,hunks:29; focus=contact 结束时，Pen 用已确认真实点合并稳定前缀和完成态 tape,Correct：`活动 Touch 跟手 + Pen mailbox -> suppression 锁存到 Up；惯,Correct：`只用确认真实点生成最终 Stroke；先 Append，再从该对	diff semantics + H0 history/document call-chain map	H0 tracked counterpart:Inkeys/Inkeys/Drawing/Draw3/Draw3.DrawingController.cpp,Inkeys/Inkeys/Drawing/Draw3/Draw3.InkHistory.cpp,Inkeys/Inkeys/Drawing/Draw3/Draw3.InkHistory.cppm,Inkeys/Inkeys/Drawing/Draw3/Draw3.WindowControl.cpp… (5/5 changed code paths map)	静态映射到 H0 InkDocument/InkHistory；撤销/重做/页恢复真实持久化行为未由本审计验证		静态差异与 H0 路径核对；未运行本批测试	feat(history): add runtime redo and branch discard
233	92671d0ef0a2c6925ea06f4a65c6fd269959e88b	H0 reachable	Draw3	fix	p1:9f,+615/-43,sha256:da240fdeb91f,paths:inkStrokeModelerTest/draw3/drawing_controller.cpp,inkStrokeModelerTest/draw3/pen_cursor.cpp,inkStrokeModelerTest/draw3/pen_cursor.cppm,inkStrokeModelerTest/draw3/realtime_stylus.cpp…,hunks:52; focus=export namespace draw3,import draw3.ink_prediction;,int wmain(int argc, wchar_t* argv[])	diff semantics + H0 product source map	H0 tracked counterpart:Inkeys/Inkeys/Drawing/Draw3/Draw3.DrawingController.cpp,Inkeys/Inkeys/Drawing/Draw3/Draw3.PenCursor.cpp,Inkeys/Inkeys/Drawing/Draw3/Draw3.PenCursor.cppm,Inkeys/Inkeys/Drawing/Draw3/Draw3.RealtimeStylus.cpp… (7/7 changed code paths map)	静态未确认该历史差异带来的现存缺陷；生产行为与自动/真机回归由 Draw3 专项验证		静态差异与 H0 路径核对；未运行本批测试	fix(input): reject stale mouse cursor events after touch
234	73caf7ae57f53b3332e4d974d0070656f345e006	H0 reachable	workflow/docs	documentation/workflow	p1:2f,+26/-3,sha256:e6bcbfab9fb2,paths:.trellis/workspace/AlanCRL/index.md,.trellis/workspace/AlanCRL/journal-1.md,hunks:4; focus=Adjusted dashed-line center spacing from 4:2 to 4:6 so round-capped visible	diff content (documentation/workflow)	no runtime source path	不适用产品运行：仅规范、任务或 journal 内容变更；未修改运行时代码		静态差异与 H0 路径核对；未运行本批测试	chore: record journal
235	f44f9388802a5570e204aa7b09f9096884f4059f	H0 reachable	workflow/docs	documentation/workflow	p1:12f,+124/-124,sha256:5ed1ccf961e3,paths:.trellis/tasks/08-12-canvas-pan-dynamic-rendering/check.jsonl,.trellis/tasks/08-12-canvas-pan-dynamic-rendering/design.md,.trellis/tasks/08-12-canvas-pan-dynamic-rendering/implement.jsonl,.trellis/tasks/08-12-canvas-pan-dynamic-rendering/implement.md…,hunks:12; focus=file-level	diff content (documentation/workflow)	no runtime source path	不适用产品运行：仅规范、任务或 journal 内容变更；未修改运行时代码		静态差异与 H0 路径核对；未运行本批测试	chore(task): archive 08-12-canvas-pan-dynamic-rendering
236	5c29821a083ad0b6ea41ce322ebf79771ad37499	H0 reachable	Draw3	ordinary	p1:6f,+49/-12,sha256:576bbb5a877a,paths:.trellis/spec/native/runtime-and-rendering.md,inkStrokeModelerTest/draw3/diagnostics.cpp,inkStrokeModelerTest/draw3/drawing_controller.cpp,inkStrokeModelerTest/draw3/window_control.cpp…,hunks:10; focus=Correct：`Error 只清 active contact state；decoder/binding 通过 rare-write,export namespace draw3,int RunLaserIncrementalCoverageTests()	diff semantics + H0 gate/call-site map	H0 tracked counterpart:Inkeys/Inkeys/Drawing/Draw3/Draw3.Diagnostics.cpp,Inkeys/Inkeys/Drawing/Draw3/Draw3.DrawingController.cpp,Inkeys/Inkeys/Drawing/Draw3/Draw3.WindowControl.cpp,Inkeys/Inkeys/Drawing/Draw3/Draw3.WindowControl.cppm (4/4 changed code paths map)	当前发布入口未开放：H0 Canvas Navigation gate=false；共用输入/渲染代码仍需 Draw3 常规回归		静态差异与 H0 路径核对；未运行本批测试	chore: disable canvas navigation until integration
237	e4ddd5c9e010f2bea5c3df62966d7445fe85891f	H0 reachable	Draw3	fix	p1:14f,+661/-229,sha256:a739195a6b2f,paths:.trellis/spec/native/runtime-and-rendering.md,.trellis/tasks/08-12-canvas-pan-dynamic-rendering/design.md,.trellis/tasks/08-12-canvas-pan-dynamic-rendering/implement.md,.trellis/tasks/08-12-canvas-pan-dynamic-rendering/prd.md…,hunks:76; focus=Correct：`Error 只清 active contact state；decoder/binding 通过 rare-write,Wrong：`screen point 直接写文档 -> viewport 进入 history key -> 平移,export namespace draw3	diff semantics + H0 gate/call-site map	H0 tracked counterpart:Inkeys/Inkeys/Drawing/Draw3/Draw3.CanvasNavigation.cpp,Inkeys/Inkeys/Drawing/Draw3/Draw3.CanvasNavigation.cppm,Inkeys/Inkeys/Drawing/Draw3/Draw3.DrawingController.cpp,Inkeys/Inkeys/Drawing/Draw3/Draw3.PenCursor.cpp… (7/7 changed code paths map)	当前发布入口未开放：H0 Canvas Navigation gate=false；共用输入/渲染代码仍需 Draw3 常规回归		静态差异与 H0 路径核对；未运行本批测试	fix: correct pan velocity and cursor ownership
238	a227744446f97cd5e090a8f8b262ab7318a70b48	H0 reachable	Draw3	fix	p1:10f,+120/-33,sha256:14217d514a74,paths:.trellis/spec/native/runtime-and-rendering.md,inkStrokeModelerTest/draw3/canvas_navigation.cpp,inkStrokeModelerTest/draw3/canvas_navigation.cppm,inkStrokeModelerTest/draw3/drawing_controller.cpp…,hunks:28; focus=Correct：`Error 只清 active contact state；decoder/binding 通过 rare-write,Wrong：`screen point 直接写文档 -> viewport 进入 history key -> 平移,export namespace draw3	diff semantics + H0 gate/call-site map	H0 tracked counterpart:Inkeys/Inkeys/Drawing/Draw3/Draw3.CanvasNavigation.cpp,Inkeys/Inkeys/Drawing/Draw3/Draw3.CanvasNavigation.cppm,Inkeys/Inkeys/Drawing/Draw3/Draw3.DrawingController.cpp,Inkeys/Inkeys/Drawing/Draw3/Draw3.PenCursor.cpp… (7/7 changed code paths map)	当前发布入口未开放：H0 Canvas Navigation gate=false；共用输入/渲染代码仍需 Draw3 常规回归		静态差异与 H0 路径核对；未运行本批测试	fix: stabilize pan momentum and pen cursor
239	dfa0d4f8700a968b2e4119738e80fbf449f29d80	H0 reachable	Draw3	ordinary	p1:6f,+609/-14,sha256:1344976d52f8,paths:inkStrokeModelerTest/draw3/drawing_controller.cpp,inkStrokeModelerTest/draw3/pen_cursor.cpp,inkStrokeModelerTest/draw3/pen_cursor.cppm,inkStrokeModelerTest/draw3/window_control.cpp…,hunks:34; focus=export namespace draw3,int RunLaserIncrementalCoverageTests()	diff semantics + H0 gate/call-site map	H0 tracked counterpart:Inkeys/Inkeys/Drawing/Draw3/Draw3.DrawingController.cpp,Inkeys/Inkeys/Drawing/Draw3/Draw3.PenCursor.cpp,Inkeys/Inkeys/Drawing/Draw3/Draw3.PenCursor.cppm,Inkeys/Inkeys/Drawing/Draw3/Draw3.WindowControl.cpp… (5/5 changed code paths map)	当前发布入口未开放：H0 Canvas Navigation gate=false；共用输入/渲染代码仍需 Draw3 常规回归		静态差异与 H0 路径核对；未运行本批测试	chore: add canvas pan cursor diagnostics
240	281c7400a3c1f75631ab759e109da965e24c2c73	H0 reachable	Draw3	fix	p1:12f,+157/-49,sha256:084bea149304,paths:.trellis/spec/guides/cross-layer-thinking-guide.md,.trellis/spec/native/runtime-and-rendering.md,.trellis/tasks/08-12-canvas-pan-dynamic-rendering/design.md,.trellis/tasks/08-12-canvas-pan-dynamic-rendering/implement.md…,hunks:25; focus=Win32 window message,Correct：`Error 只清 active contact state；decoder/binding 通过 rare-write,export namespace draw3	diff semantics + H0 gate/call-site map	H0 tracked counterpart:Inkeys/Inkeys/Drawing/Draw3/Draw3.CanvasNavigation.cpp,Inkeys/Inkeys/Drawing/Draw3/Draw3.CanvasNavigation.cppm,Inkeys/Inkeys/Drawing/Draw3/Draw3.DrawingController.cpp,Inkeys/Inkeys/Drawing/Draw3/Draw3.WindowControl.cpp… (5/5 changed code paths map)	当前发布入口未开放：H0 Canvas Navigation gate=false；共用输入/渲染代码仍需 Draw3 常规回归		静态差异与 H0 路径核对；未运行本批测试	fix: stabilize canvas pan transitions
241	7b8bdd30f1495897bd8aa70d50311b1052d57b9f	H0 reachable	Draw3	fix	p1:10f,+503/-396,sha256:9130a42a33d7,paths:.trellis/spec/native/runtime-and-rendering.md,.trellis/tasks/08-12-canvas-pan-dynamic-rendering/design.md,.trellis/tasks/08-12-canvas-pan-dynamic-rendering/implement.md,inkStrokeModelerTest/draw3/canvas_navigation.cpp…,hunks:46; focus=Correct：`Error 只清 active contact state；decoder/binding 通过 rare-write,Wrong：`screen point 直接写文档 -> viewport 进入 history key -> 平移,export namespace draw3	diff semantics + H0 gate/call-site map	H0 tracked counterpart:Inkeys/Inkeys/Drawing/Draw3/Draw3.CanvasNavigation.cpp,Inkeys/Inkeys/Drawing/Draw3/Draw3.CanvasNavigation.cppm,Inkeys/Inkeys/Drawing/Draw3/Draw3.Diagnostics.cpp,Inkeys/Inkeys/Drawing/Draw3/Draw3.Diagnostics.cppm… (5/5 changed code paths map)	当前发布入口未开放：H0 Canvas Navigation gate=false；共用输入/渲染代码仍需 Draw3 常规回归		静态差异与 H0 路径核对；未运行本批测试	fix: replace canvas inertia backend
242	bafb58f4abc6a4eb161b7b61fff1e5fde5f5fa9b	H0 reachable	Draw3	fix	p1:11f,+162/-43,sha256:d0f11bde7268,paths:.trellis/spec/native/platform-and-resources.md,.trellis/spec/native/runtime-and-rendering.md,.trellis/tasks/08-12-canvas-pan-dynamic-rendering/design.md,.trellis/tasks/08-12-canvas-pan-dynamic-rendering/implement.md…,hunks:31; focus=bool TransparentPresentationController::Present(RECT dirty, bool presentFul,bool TransparentPresentationController::Present(RECT dirty, bool presentFul,bool TransparentPresentationController::Present(RECT dirty, bool presentFul	diff semantics + H0 gate/call-site map	H0 tracked counterpart:Inkeys/Inkeys/Drawing/Draw3/Draw3.CanvasNavigation.cpp,Inkeys/Inkeys/Drawing/Draw3/Draw3.CanvasNavigation.cppm,Inkeys/Inkeys/Drawing/Draw3/Draw3.DrawingController.cpp,Inkeys/Inkeys/Drawing/Draw3/Draw3.WindowControl.cpp (4/4 changed code paths map)	当前发布入口未开放：H0 Canvas Navigation gate=false；共用输入/渲染代码仍需 Draw3 常规回归		静态差异与 H0 路径核对；未运行本批测试	fix: refine canvas inertia and window behavior
243	bcaac0d4b93d9cb05a910772dadbc852654111a6	H0 reachable	Draw3	fix	p1:14f,+301/-33,sha256:d51f4c81e75e,paths:.trellis/spec/guides/cross-layer-thinking-guide.md,.trellis/spec/native/runtime-and-rendering.md,.trellis/tasks/08-12-canvas-pan-dynamic-rendering/design.md,.trellis/tasks/08-12-canvas-pan-dynamic-rendering/implement.md…,hunks:39; focus=Win32 window message,Correct：`Error 只清 active contact state；decoder/binding 通过 rare-write,Correct：`真实 Touch Move + Touch QPC 更新速度 -> Up 前锁存 -> Windows	diff semantics + H0 gate/call-site map	H0 tracked counterpart:Inkeys/Inkeys/Drawing/Draw3/Draw3.CanvasNavigation.cpp,Inkeys/Inkeys/Drawing/Draw3/Draw3.CanvasNavigation.cppm,Inkeys/Inkeys/Drawing/Draw3/Draw3.DrawingController.cpp,Inkeys/Inkeys/Drawing/Draw3/Draw3.PenCursor.cpp… (7/7 changed code paths map)	当前发布入口未开放：H0 Canvas Navigation gate=false；共用输入/渲染代码仍需 Draw3 常规回归		静态差异与 H0 路径核对；未运行本批测试	fix: refine canvas pan pen suppression
244	08d95d3fe419fc75270d370d496169ab160a78dc	H0 reachable	Draw3	fix	p1:16f,+629/-181,sha256:409437d833bb,paths:.trellis/spec/native/runtime-and-rendering.md,.trellis/tasks/08-12-canvas-pan-dynamic-rendering/design.md,.trellis/tasks/08-12-canvas-pan-dynamic-rendering/implement.md,.trellis/tasks/08-12-canvas-pan-dynamic-rendering/prd.md…,hunks:63; focus=Correct：`Error 只清 active contact state；decoder/binding 通过 rare-write,Wrong：`screen point 直接写文档 -> viewport 进入 history key -> 平移,Correct：`只用确认真实点生成最终 Stroke；先 Append，再从该对	diff semantics + H0 gate/call-site map	H0 tracked counterpart:Inkeys/Inkeys/Drawing/Draw3/Draw3.CanvasNavigation.cpp,Inkeys/Inkeys/Drawing/Draw3/Draw3.CanvasNavigation.cppm,Inkeys/Inkeys/Drawing/Draw3/Draw3.DrawingController.cpp,Inkeys/Inkeys/Drawing/Draw3/Draw3.InkHistory.cpp… (9/9 changed code paths map)	当前发布入口未开放：H0 Canvas Navigation gate=false；共用输入/渲染代码仍需 Draw3 常规回归		静态差异与 H0 路径核对；未运行本批测试	fix: refine canvas navigation and restore behavior
245	04081c6e17ee7e42ef253edf600f3fefa67b55a3	H0 reachable	Build,Draw3,Draw3-demo,binary	feature	p1:39f,+2478/-119,sha256:b1c8f376fb5a,paths:.trellis/spec/native/runtime-and-rendering.md,.trellis/spec/shaders/cpu-gpu-contracts.md,.trellis/tasks/08-12-canvas-pan-dynamic-rendering/check.jsonl,.trellis/tasks/08-12-canvas-pan-dynamic-rendering/design.md…,hunks:138; focus=Correct：`Error 只清 active contact state；decoder/binding 通过 rare-write,VS/PS 显式解绑。,Laser 矩形 shape `8/11/12/13` 不读取 `InkData`：CPU 把 `(left, top, right	diff semantics + H0 gate/call-site map	H0 tracked counterpart:Inkeys/Inkeys/Drawing/Draw3/Draw3.CanvasNavigation.cpp,Inkeys/Inkeys/Drawing/Draw3/Draw3.CanvasNavigation.cppm,Inkeys/Inkeys/Drawing/Draw3/Draw3.ContactInput.cpp,Inkeys/Inkeys/Drawing/Draw3/Draw3.ContactInput.cppm… (21/21 changed code paths map)	当前发布入口未开放：H0 Canvas Navigation gate=false；共用输入/渲染代码仍需 Draw3 常规回归		静态差异与 H0 路径核对；未运行本批测试	feat: add free canvas navigation and rendering
246	ca63944ed9b0f3ac994a6255c9dcb7b105b657cd	H0 reachable	Draw3	fix	p1:11f,+186/-33,sha256:f2c3f0fa7d05,paths:.trellis/spec/native/runtime-and-rendering.md,inkStrokeModelerTest/draw3/drawing_controller.cpp,inkStrokeModelerTest/draw3/drawing_controller.cppm,inkStrokeModelerTest/draw3/ink_prediction.cppm…,hunks:32; focus=Correct：关闭时直接回收后续 Touch 的 consumer slot；该手指必须,Correct：`drawingCursorDuringContactEnabled -> ResolvePrimaryDrawingCursorVi,export namespace draw3	diff semantics + H0 product source map	H0 tracked counterpart:Inkeys/Inkeys/Drawing/Draw3/Draw3.DrawingController.cpp,Inkeys/Inkeys/Drawing/Draw3/Draw3.DrawingController.cppm,Inkeys/Inkeys/Drawing/Draw3/Draw3.InkPrediction.cppm,Inkeys/Inkeys/Drawing/Draw3/Draw3.PenCursor.cpp… (7/7 changed code paths map)	静态未确认该历史差异带来的现存缺陷；生产行为与自动/真机回归由 Draw3 专项验证		静态差异与 H0 路径核对；未运行本批测试	fix: refine drawing cursor input behavior
247	ba375f4dc398c18691c594645ba1e69c357be761	H0 reachable	workflow/docs	documentation/workflow	p1:2f,+25/-3,sha256:4c51b566da6e,paths:.trellis/workspace/AlanCRL/index.md,.trellis/workspace/AlanCRL/journal-1.md,hunks:4; focus=Implemented Q/W/E/R analytic Shape tools with predicted L0 rendering, store	diff content (documentation/workflow)	no runtime source path	不适用产品运行：仅规范、任务或 journal 内容变更；未修改运行时代码		静态差异与 H0 路径核对；未运行本批测试	chore: record journal
248	1aba44fb98b802febbf2e66c08d6fc99f6c20329	H0 reachable	workflow/docs	documentation/workflow	p1:12f,+168/-168,sha256:0afa871b67dc,paths:.trellis/tasks/08-11-shape-tools-line-rectangle/check.jsonl,.trellis/tasks/08-11-shape-tools-line-rectangle/design.md,.trellis/tasks/08-11-shape-tools-line-rectangle/implement.jsonl,.trellis/tasks/08-11-shape-tools-line-rectangle/implement.md…,hunks:12; focus=file-level	diff content (documentation/workflow)	no runtime source path	不适用产品运行：仅规范、任务或 journal 内容变更；未修改运行时代码		静态差异与 H0 路径核对；未运行本批测试	chore(task): archive 08-11-shape-tools-line-rectangle
249	dfbbd2acffdd1c0878d2ddf822c8664df596e2f6	H0 reachable	Draw3,Draw3-demo,binary	fix	p1:19f,+182/-179,sha256:313db8499e98,paths:.trellis/spec/native/runtime-and-rendering.md,.trellis/spec/shaders/cpu-gpu-contracts.md,.trellis/tasks/08-11-shape-tools-line-rectangle/check.jsonl,.trellis/tasks/08-11-shape-tools-line-rectangle/design.md…,hunks:21; focus=float2 halfSize,Laser 矩形 shape `8/11/12/13` 不读取 `InkData`：CPU 把 `(left, top, right,MSBuild.exe .\inkStrokeModelerTest.sln /m /p:Configuration=Debug /p:Platfor	diff semantics + H0 product source map	H0 tracked counterpart:Inkeys/Inkeys/Drawing/Draw3/Draw3.Renderer.cppm,Inkeys/Inkeys/Drawing/Draw3/Assets/inkPixelShader.hlsl (2/2 changed code paths map)	静态未确认该历史差异带来的现存缺陷；生产行为与自动/真机回归由 Draw3 专项验证		静态差异与 H0 路径核对；未运行本批测试	fix: tune shape dash spacing and corner radius
250	40a0b5ec5aeaa0782bc0e7a78cd438d1e39ffbf6	H0 reachable	workflow/docs	documentation/workflow	p1:2f,+24/-2,sha256:8881b8aa2e77,paths:.trellis/workspace/AlanCRL/index.md,.trellis/workspace/AlanCRL/journal-1.md,hunks:4; focus=Fixed Pen/Mouse cursor authority handoff, immediate Pen hover coordinates, 	diff content (documentation/workflow)	no runtime source path	不适用产品运行：仅规范、任务或 journal 内容变更；未修改运行时代码		静态差异与 H0 路径核对；未运行本批测试	chore: record journal
251	f7ee8911a1e21aa0466500d1d61fb9e0f8df2a9f	H0 reachable	workflow/docs	documentation/workflow	p1:12f,+168/-168,sha256:0076dd74db20,paths:.trellis/tasks/08-11-shape-tools-line-rectangle/check.jsonl,.trellis/tasks/08-11-shape-tools-line-rectangle/design.md,.trellis/tasks/08-11-shape-tools-line-rectangle/implement.jsonl,.trellis/tasks/08-11-shape-tools-line-rectangle/implement.md…,hunks:12; focus=file-level	diff content (documentation/workflow)	no runtime source path	不适用产品运行：仅规范、任务或 journal 内容变更；未修改运行时代码		静态差异与 H0 路径核对；未运行本批测试	chore(task): archive 08-11-shape-tools-line-rectangle
252	d192f249ec45f495f25a339c74ad371ef5aa7a4b	H0 reachable	Draw3,Draw3-demo,binary	feature	p1:29f,+1262/-56,sha256:01fd3d4cde49,paths:.trellis/spec/guides/cross-layer-thinking-guide.md,.trellis/spec/native/runtime-and-rendering.md,.trellis/spec/shaders/cpu-gpu-contracts.md,.trellis/tasks/08-11-shape-tools-line-rectangle/check.jsonl…,hunks:84; focus=Win32 window message,C++ 用 `static_assert(sizeof(InkPoint) == 16)`，D3D buffer 的 `StructureByteS,float2 halfSize	diff semantics + H0 product source map	H0 tracked counterpart:Inkeys/Inkeys/Drawing/Draw3/Draw3.DrawingController.cpp,Inkeys/Inkeys/Drawing/Draw3/Draw3.InkDocument.cpp,Inkeys/Inkeys/Drawing/Draw3/Draw3.InkDocument.cppm,Inkeys/Inkeys/Drawing/Draw3/Draw3.InkHistory.cpp… (13/13 changed code paths map)	静态未确认该历史差异带来的现存缺陷；生产行为与自动/真机回归由 Draw3 专项验证		静态差异与 H0 路径核对；未运行本批测试	feat: add analytic line and rectangle tools
253	f217b19c8feba3cc3d78bda3f352317192ba3359	H0 reachable	workflow/docs	documentation/workflow	p1:2f,+26/-3,sha256:1bf538e48b91,paths:.trellis/workspace/AlanCRL/index.md,.trellis/workspace/AlanCRL/journal-1.md,hunks:4; focus=Fixed Pen/Mouse cursor authority handoff, immediate Pen hover coordinates, 	diff content (documentation/workflow)	no runtime source path	不适用产品运行：仅规范、任务或 journal 内容变更；未修改运行时代码		静态差异与 H0 路径核对；未运行本批测试	chore: record journal
254	f3a573bcc91fc93d387daa3b5826fb8778086e28	H0 reachable	workflow/docs	documentation/workflow	p1:12f,+385/-385,sha256:3958a725b6e3,paths:.trellis/tasks/08-09-ink-persistence-document-model/check.jsonl,.trellis/tasks/08-09-ink-persistence-document-model/design.md,.trellis/tasks/08-09-ink-persistence-document-model/implement.jsonl,.trellis/tasks/08-09-ink-persistence-document-model/implement.md…,hunks:12; focus=file-level	diff content (documentation/workflow)	no runtime source path	不适用产品运行：仅规范、任务或 journal 内容变更；未修改运行时代码		静态差异与 H0 路径核对；未运行本批测试	chore(task): archive 08-09-ink-persistence-document-model
255	ebfd0ed63b837632d265e1f79ec23d785088fbdf	H0 reachable	Build,Draw3,Draw3-demo,binary	feature	p1:30f,+4765/-227,sha256:594a9d33c8bf,paths:.trellis/spec/guides/cross-layer-thinking-guide.md,.trellis/spec/native/runtime-and-rendering.md,.trellis/spec/shaders/cpu-gpu-contracts.md,.trellis/tasks/08-09-ink-persistence-document-model/design.md…,hunks:75; focus=Win32 window message,Correct：关闭时直接回收后续 Touch 的 consumer slot；该手指必须,Wrong：`每个 RTS/WM_POINTER Contact cursor 样本都 SetEvent`，或为避免	diff semantics + H0 history/document call-chain map	H0 tracked counterpart:Inkeys/Inkeys/Drawing/Draw3/Draw3.DrawingController.cpp,Inkeys/Inkeys/Drawing/Draw3/Draw3.DrawingController.cppm,Inkeys/Inkeys/Drawing/Draw3/Draw3.InkHistory.cpp,Inkeys/Inkeys/Drawing/Draw3/Draw3.InkHistory.cppm… (15/15 changed code paths map)	静态映射到 H0 InkDocument/InkHistory；撤销/重做/页恢复真实持久化行为未由本审计验证		静态差异与 H0 路径核对；未运行本批测试	feat: add tiled ink undo and page restore
256	1cc746e7442ac62dd9dd069ab6b386a591fa63a4	H0 reachable	Build,Draw3	feature	p1:27f,+1207/-246,sha256:e61b196df8b0,paths:.trellis/spec/guides/cross-layer-thinking-guide.md,.trellis/spec/native/quality-and-validation.md,.trellis/spec/native/runtime-and-rendering.md,.trellis/spec/open-questions.md…,hunks:68; focus=Win32 window message,Release 运行指标用 `--metrics-output <json> --strict-metrics` 启用；关,Correct：关闭时直接回收后续 Touch 的 consumer slot；该手指必须	diff semantics + H0 history/document call-chain map	H0 tracked counterpart:Inkeys/Inkeys/Drawing/Draw3/Draw3.DrawingController.cpp,Inkeys/Inkeys/Drawing/Draw3/Draw3.DrawingController.cppm,Inkeys/Inkeys/Drawing/Draw3/Draw3.InkDocument.cpp,Inkeys/Inkeys/Drawing/Draw3/Draw3.InkDocument.cppm… (8/8 changed code paths map)	静态映射到 H0 InkDocument/InkHistory；撤销/重做/页恢复真实持久化行为未由本审计验证		静态差异与 H0 路径核对；未运行本批测试	feat: add ink document persistence model
257	87f58dd0c4a711748b02545d260a163a89062e50	H0 reachable	workflow/docs	documentation/workflow	p1:2f,+25/-3,sha256:3bcd509a0e6b,paths:.trellis/workspace/AlanCRL/index.md,.trellis/workspace/AlanCRL/journal-1.md,hunks:4; focus=Fixed Pen/Mouse cursor authority handoff, immediate Pen hover coordinates, 	diff content (documentation/workflow)	no runtime source path	不适用产品运行：仅规范、任务或 journal 内容变更；未修改运行时代码		静态差异与 H0 路径核对；未运行本批测试	chore: record journal
258	ab208713cb492ce56800fd042e215e5cc5a3a5e6	H0 reachable	workflow/docs	documentation/workflow	p1:14f,+733/-733,sha256:d38847992564,paths:.trellis/tasks/08-08-windows-ink-input-lag-regression/check.jsonl,.trellis/tasks/08-08-windows-ink-input-lag-regression/design.md,.trellis/tasks/08-08-windows-ink-input-lag-regression/implement.jsonl,.trellis/tasks/08-08-windows-ink-input-lag-regression/implement.md…,hunks:14; focus=file-level	diff content (documentation/workflow)	no runtime source path	不适用产品运行：仅规范、任务或 journal 内容变更；未修改运行时代码		静态差异与 H0 路径核对；未运行本批测试	chore(task): archive 08-08-windows-ink-input-lag-regression
259	49dcbfebc1537ea31506d7e53b54c5c735f0a8c2	H0 reachable	Build,Draw3,Draw3-demo	fix	p1:24f,+354/-2839,sha256:5e5b0b19e10f,paths:.trellis/spec/native/runtime-and-rendering.md,.trellis/tasks/08-08-windows-ink-input-lag-regression/design.md,.trellis/tasks/08-08-windows-ink-input-lag-regression/implement.md,.trellis/tasks/08-08-windows-ink-input-lag-regression/prd.md…,hunks:116; focus=Correct：关闭时直接回收后续 Touch 的 consumer slot；该手指必须,Correct：`Contact sample -> latest mailbox only`；已有 120 Hz 活动帧读,DrawingController 每帧只在 trace 已启用时执行少量 QPC、标量复制	diff semantics + H0 product source map	H0 tracked counterpart:Inkeys/Inkeys/Drawing/Draw3/Draw3.ContactInput.cpp,Inkeys/Inkeys/Drawing/Draw3/Draw3.Diagnostics.cpp,Inkeys/Inkeys/Drawing/Draw3/Draw3.Diagnostics.cppm,Inkeys/Inkeys/Drawing/Draw3/Draw3.DrawingController.cpp… (12/13 changed code paths map)	静态未确认该历史差异带来的现存缺陷；生产行为与自动/真机回归由 Draw3 专项验证		静态差异与 H0 路径核对；未运行本批测试	fix: clean up Windows Ink diagnostics and add contact cursor setting
260	2520c2ccf1559cf975aa3e95f51163cb2ef75a99	H0 reachable	Draw3	feature	p1:10f,+1608/-26,sha256:86a9c5b6597a,paths:.trellis/tasks/08-08-windows-ink-input-lag-regression/design.md,.trellis/tasks/08-08-windows-ink-input-lag-regression/implement.md,.trellis/tasks/08-08-windows-ink-input-lag-regression/prd.md,inkStrokeModelerTest/draw3/diagnostics.cpp…,hunks:60; focus=RTS decoder 的 `TDK_Mouse` 映射为 MouseLeft，Down 时按既有按键状态,export namespace draw3,import draw3.contact_input;	diff semantics + H0 product source map	H0 tracked counterpart:Inkeys/Inkeys/Drawing/Draw3/Draw3.Diagnostics.cpp,Inkeys/Inkeys/Drawing/Draw3/Draw3.Diagnostics.cppm,Inkeys/Inkeys/Drawing/Draw3/Draw3.DrawingController.cpp,Inkeys/Inkeys/Drawing/Draw3/Draw3.DrawingController.cppm… (6/6 changed code paths map)	静态未确认该历史差异带来的现存缺陷；生产行为与自动/真机回归由 Draw3 专项验证		静态差异与 H0 路径核对；未运行本批测试	Add Modeler->Present diagnostics (Phase 2)
261	418338aca007127ac87a379012fec698638bd6c2	H0 reachable	Build,Draw3,Draw3-demo	feature	p1:16f,+1756/-192,sha256:800059d1560f,paths:.trellis/tasks/08-08-windows-ink-input-lag-regression/check.jsonl,.trellis/tasks/08-08-windows-ink-input-lag-regression/design.md,.trellis/tasks/08-08-windows-ink-input-lag-regression/implement.jsonl,.trellis/tasks/08-08-windows-ink-input-lag-regression/implement.md…,hunks:64; focus=cursor-before-Move 在 0729 已存在。区别是旧 `WaitForWake` 会让 cursor,Drawing thread,RTS 与 `WM_POINTER` 继续使用同一个 `PublishPenCursorSample`，两者的	diff semantics + H0 product source map	H0 tracked counterpart:Inkeys/Inkeys/Drawing/Draw3/Draw3.Diagnostics.cpp,Inkeys/Inkeys/Drawing/Draw3/Draw3.Diagnostics.cppm,Inkeys/Inkeys/Drawing/Draw3/Draw3.DrawingController.cpp,Inkeys/Inkeys/Drawing/Draw3/Draw3.RealtimeStylus.cpp… (5/6 changed code paths map)	静态未确认该历史差异带来的现存缺陷；生产行为与自动/真机回归由 Draw3 专项验证		静态差异与 H0 路径核对；未运行本批测试	Add RTS input diagnostics and tracing
262	949752a15746375e25befb615ad98675198f6e9f	H0 reachable	Draw3	fix	p1:9f,+187/-6,sha256:b0872d5b5365,paths:.trellis/spec/native/runtime-and-rendering.md,.trellis/tasks/08-08-windows-ink-input-lag-regression/check.jsonl,.trellis/tasks/08-08-windows-ink-input-lag-regression/design.md,.trellis/tasks/08-08-windows-ink-input-lag-regression/implement.jsonl…,hunks:14; focus=Correct：关闭时直接回收后续 Touch 的 consumer slot；该手指必须,Correct：`StylusUp/WM_POINTERUP -> clear Pen sample`；后续真实 InAir/Point,contact 结束时由 `StrokeModelConfiguration::retainPredictionOnUp` 选择收	diff semantics + H0 product source map	H0 tracked counterpart:Inkeys/Inkeys/Drawing/Draw3/Draw3.RealtimeStylus.cpp,Inkeys/Inkeys/Drawing/Draw3/Draw3.WindowControl.cpp (2/2 changed code paths map)	静态未确认该历史差异带来的现存缺陷；生产行为与自动/真机回归由 Draw3 专项验证		静态差异与 H0 路径核对；未运行本批测试	fix: reduce Windows Ink contact wake latency
263	707cc0ffd8dd54fc5d0c1833e1af1fb63a3f4fb1	H0 reachable	workflow/docs	documentation/workflow	p1:2f,+26/-3,sha256:5f148fb790de,paths:.trellis/workspace/AlanCRL/index.md,.trellis/workspace/AlanCRL/journal-1.md,hunks:4; focus=Fixed Pen/Mouse cursor authority handoff, immediate Pen hover coordinates, 	diff content (documentation/workflow)	no runtime source path	不适用产品运行：仅规范、任务或 journal 内容变更；未修改运行时代码		静态差异与 H0 路径核对；未运行本批测试	chore: record journal
264	462097a3e8e939030ae9b4bdda9f09f9abc40992	H0 reachable	workflow/docs	documentation/workflow	p1:12f,+420/-420,sha256:b121f41782f2,paths:.trellis/tasks/08-07-rts-packet-decoder-hot-path/check.jsonl,.trellis/tasks/08-07-rts-packet-decoder-hot-path/design.md,.trellis/tasks/08-07-rts-packet-decoder-hot-path/implement.jsonl,.trellis/tasks/08-07-rts-packet-decoder-hot-path/implement.md…,hunks:12; focus=file-level	diff content (documentation/workflow)	no runtime source path	不适用产品运行：仅规范、任务或 journal 内容变更；未修改运行时代码		静态差异与 H0 路径核对；未运行本批测试	chore(task): archive 08-07-rts-packet-decoder-hot-path
265	74c33fc5abba599334f99bddc74ea78f7f013f25	H0 reachable	Draw3	fix	p1:8f,+363/-30,sha256:2b985f3cfca3,paths:.trellis/spec/native/runtime-and-rendering.md,.trellis/tasks/08-07-rts-packet-decoder-hot-path/design.md,.trellis/tasks/08-07-rts-packet-decoder-hot-path/implement.md,.trellis/tasks/08-07-rts-packet-decoder-hot-path/prd.md…,hunks:36; focus=contact 结束时由 `StrokeModelConfiguration::retainPredictionOnUp` 选择收,Correct：`非空 ContactRecord* 只表示 Down，nullptr 只表示 ControlWake,InAirPackets	diff semantics + H0 RTS/contact capacity and publication map	H0 tracked counterpart:Inkeys/Inkeys/Drawing/Draw3/Draw3.RealtimeStylus.cpp,Inkeys/Inkeys/Drawing/Draw3/Draw3.RealtimeStylus.cppm (2/2 changed code paths map)	静态未确认现存竞态/越界；RTS 4096 槽边界与状态门仍在 H0；高并发设备行为未验证		静态差异与 H0 路径核对；未运行本批测试	fix: harden RTS decoder lifecycle synchronization
266	415ee5ef767a97edd5f31216293fbbb455ea255f	H0 reachable	Draw3	performance	p1:10f,+1611/-285,sha256:376516d7daa8,paths:.trellis/tasks/08-07-rts-packet-decoder-hot-path/check.jsonl,.trellis/tasks/08-07-rts-packet-decoder-hot-path/design.md,.trellis/tasks/08-07-rts-packet-decoder-hot-path/implement.jsonl,.trellis/tasks/08-07-rts-packet-decoder-hot-path/implement.md…,hunks:34; focus=export namespace draw3,int wmain(int argc, wchar_t* argv[]),int RunLaserIncrementalCoverageTests()	diff semantics + H0 RTS/contact capacity and publication map	H0 tracked counterpart:Inkeys/Inkeys/Drawing/Draw3/Draw3.RealtimeStylus.cpp,Inkeys/Inkeys/Drawing/Draw3/Draw3.RealtimeStylus.cppm (2/2 changed code paths map)	静态未确认现存竞态/越界；RTS 4096 槽边界与状态门仍在 H0；高并发设备行为未验证		静态差异与 H0 路径核对；未运行本批测试	perf: optimize RTS packet decoder hot path
267	e92d0b51f1a764f44d79bff9f760150f9c155587	H0 reachable	workflow/docs	documentation/workflow	p1:12f,+253/-244,sha256:47da5d530ff2,paths:.trellis/tasks/08-05-fix-touchpad-drag-drawing/check.jsonl,.trellis/tasks/08-05-fix-touchpad-drag-drawing/design.md,.trellis/tasks/08-05-fix-touchpad-drag-drawing/implement.jsonl,.trellis/tasks/08-05-fix-touchpad-drag-drawing/implement.md…,hunks:12; focus=file-level	diff content (documentation/workflow)	no runtime source path	不适用产品运行：仅规范、任务或 journal 内容变更；未修改运行时代码		静态差异与 H0 路径核对；未运行本批测试	chore(task): archive fix-touchpad-drag-drawing
268	d417cba1407bcb746e453172a5ec9de8f191b9c4	H0 reachable	Draw3,Draw3-demo	performance	p1:17f,+340/-834,sha256:baebfcc0b2ef,paths:.trellis/spec/native/runtime-and-rendering.md,inkStrokeModelerTest/draw3/diagnostics.cpp,inkStrokeModelerTest/draw3/diagnostics.cppm,inkStrokeModelerTest/draw3/drawing_controller.cpp…,hunks:84; focus=contact 结束时由 `StrokeModelConfiguration::retainPredictionOnUp` 选择收,export namespace draw3,int wmain(int argc, wchar_t* argv[])	diff semantics + H0 product source map	H0 tracked counterpart:Inkeys/Inkeys/Drawing/Draw3/Draw3.Diagnostics.cpp,Inkeys/Inkeys/Drawing/Draw3/Draw3.Diagnostics.cppm,Inkeys/Inkeys/Drawing/Draw3/Draw3.DrawingController.cpp,Inkeys/Inkeys/Drawing/Draw3/Draw3.DrawingController.cppm… (11/13 changed code paths map)	静态未确认该历史差异带来的现存缺陷；生产行为与自动/真机回归由 Draw3 专项验证		静态差异与 H0 路径核对；未运行本批测试	perf: simplify HUD and harden RTS diagnostics
269	16c0d8912dbd9e5a5643c723cc52fabd29571d9b	H0 reachable	Build,Draw3,Draw3-demo	ordinary	p1:16f,+1122/-92,sha256:d0f4ee215ac1,paths:.trellis/spec/native/runtime-and-rendering.md,.trellis/tasks/08-05-fix-touchpad-drag-drawing/check.jsonl,.trellis/tasks/08-05-fix-touchpad-drag-drawing/design.md,.trellis/tasks/08-05-fix-touchpad-drag-drawing/implement.jsonl…,hunks:54; focus=export namespace draw3,module draw3.window_control;,int wmain(int argc, wchar_t* argv[])	diff semantics + H0 product source map	H0 tracked counterpart:Inkeys/Inkeys/Drawing/Draw3/Draw3.Diagnostics.cpp,Inkeys/Inkeys/Drawing/Draw3/Draw3.Diagnostics.cppm,Inkeys/Inkeys/Drawing/Draw3/Draw3.RealtimeStylus.cpp,Inkeys/Inkeys/Drawing/Draw3/Draw3.RealtimeStylus.cppm… (6/7 changed code paths map)	静态未确认该历史差异带来的现存缺陷；生产行为与自动/真机回归由 Draw3 专项验证		静态差异与 H0 路径核对；未运行本批测试	20260806 1403 update
270	dfe606c8b6a4425dca998695c4700dbe809270ec	H0 reachable	Build,Draw3	fix	p1:23f,+586/-92,sha256:f19d4a85b4ba,paths:.trellis/spec/native/quality-and-validation.md,.trellis/tasks/08-02-staged-code-acceptance/implement.md,.trellis/tasks/08-02-staged-code-acceptance/prd.md,inkStrokeModelerTest/draw3/contact_input.cpp…,hunks:65; focus=MSBuild.exe .\inkStrokeModelerTest.sln /m /p:Configuration=Debug /p:Platfor,int wmain(int argc, wchar_t* argv[]),HIGHLIGHTER_CHECK(NearlyEqual(	diff semantics + H0 device/input/failure-path inspection	H0 tracked counterpart:Inkeys/Inkeys/Drawing/Draw3/Draw3.ContactInput.cpp,Inkeys/Inkeys/Drawing/Draw3/Draw3.Diagnostics.cpp,Inkeys/Inkeys/Drawing/Draw3/Draw3.DrawingController.cpp,Inkeys/Inkeys/Drawing/Draw3/Draw3.HapticFeedback.cpp… (12/12 changed code paths map)	静态映射：H0 有 11_1→11_0、HARDWARE→WARP 与输入边界保护；Win7 FL11 有/无真实运行未验证		静态差异与 H0 路径核对；未运行本批测试	fix: harden draw3 security and Win7 compatibility
271	817ebde7160341acbb1af34cffae3cc0478c7d22	H0 reachable	Draw3	fix	p1:5f,+118/-25,sha256:e857247518a0,paths:.trellis/tasks/08-02-staged-code-acceptance/prd.md,.trellis/tasks/08-02-staged-code-acceptance/task.json,inkStrokeModelerTest/draw3/realtime_stylus.cpp,inkStrokeModelerTest/draw3/realtime_stylus.cppm…,hunks:20; focus=export namespace draw3	diff semantics + H0 product source map	H0 tracked counterpart:Inkeys/Inkeys/Drawing/Draw3/Draw3.RealtimeStylus.cpp,Inkeys/Inkeys/Drawing/Draw3/Draw3.RealtimeStylus.cppm (2/2 changed code paths map)	静态未确认该历史差异带来的现存缺陷；生产行为与自动/真机回归由 Draw3 专项验证		静态差异与 H0 路径核对；未运行本批测试	fix: publish RTS touch contact size
272	b54676a0e6e083dc5b5365c28e463fb2c33273a0	H0 reachable	Draw3	performance	p1:11f,+325/-96,sha256:0cba0dddf924,paths:.trellis/tasks/08-02-staged-code-acceptance/design.md,.trellis/tasks/08-02-staged-code-acceptance/implement.md,.trellis/tasks/08-02-staged-code-acceptance/prd.md,inkStrokeModelerTest/draw3/drawing_controller.cpp…,hunks:33; focus=HUD 不进入 D3D backbuffer。当前 presenter 只接受一个矩形 dirty；,export namespace draw3,int RunLaserIncrementalCoverageTests()	diff semantics + H0 product source map	H0 tracked counterpart:Inkeys/Inkeys/Drawing/Draw3/Draw3.DrawingController.cpp,Inkeys/Inkeys/Drawing/Draw3/Draw3.DrawingController.cppm,Inkeys/Inkeys/Drawing/Draw3/Draw3.RuntimeMetrics.cpp,Inkeys/Inkeys/Drawing/Draw3/Draw3.RuntimeMetrics.cppm… (5/6 changed code paths map)	静态未确认该历史差异带来的现存缺陷；生产行为与自动/真机回归由 Draw3 专项验证		静态差异与 H0 路径核对；未运行本批测试	Performance HUD: per-frame contacts & Chinese UI
273	8f1ee5a2279c48929a5d4b49eaa5145c9c0bdbd9	H0 reachable	Draw3	fix	p1:10f,+68/-6,sha256:908dccf5996d,paths:.trellis/spec/native/runtime-and-rendering.md,.trellis/tasks/08-02-staged-code-acceptance/design.md,.trellis/tasks/08-02-staged-code-acceptance/implement.md,inkStrokeModelerTest/draw3/contact_input.cpp…,hunks:15; focus=contact 结束时由 `StrokeModelConfiguration::retainPredictionOnUp` 选择收,HUD 不进入 D3D backbuffer。当前 presenter 只接受一个矩形 dirty；,export namespace draw3	diff semantics + H0 product source map	H0 tracked counterpart:Inkeys/Inkeys/Drawing/Draw3/Draw3.ContactInput.cpp,Inkeys/Inkeys/Drawing/Draw3/Draw3.ContactInput.cppm,Inkeys/Inkeys/Drawing/Draw3/Draw3.DrawingController.cpp,Inkeys/Inkeys/Drawing/Draw3/Draw3.RuntimeMetrics.cpp… (5/5 changed code paths map)	静态未确认该历史差异带来的现存缺陷；生产行为与自动/真机回归由 Draw3 专项验证		静态差异与 H0 路径核对；未运行本批测试	fix: enforce drawing frame deadline
274	d1ba0c7d674bc6895d7c4a64fb4cb9ee3422786e	H0 reachable	Build,Draw3	performance	p1:21f,+889/-1,sha256:65ff1428c19b,paths:.trellis/spec/native/runtime-and-rendering.md,.trellis/tasks/08-02-staged-code-acceptance/design.md,.trellis/tasks/08-02-staged-code-acceptance/implement.md,.trellis/tasks/08-02-staged-code-acceptance/prd.md…,hunks:43; focus=contact 结束时由 `StrokeModelConfiguration::retainPredictionOnUp` 选择收,renderer 暴露单个 batched particle step：绑定 UAV/公共常量一次，,export namespace draw3	diff semantics + H0 product source map	H0 tracked counterpart:Inkeys/Inkeys/Drawing/Draw3/Draw3.DrawingController.cpp,Inkeys/Inkeys/Drawing/Draw3/Draw3.DrawingController.cppm,Inkeys/Inkeys/Drawing/Draw3/Draw3.InkPrediction.cppm,Inkeys/Inkeys/Drawing/Draw3/Draw3.Renderer.cpp… (9/10 changed code paths map)	静态未确认该历史差异带来的现存缺陷；生产行为与自动/真机回归由 Draw3 专项验证		静态差异与 H0 路径核对；未运行本批测试	feat: add drawing performance HUD
275	de5dbdf4ae5b680000c1dc1a7f9464db701c0fbe	H0 reachable	Draw3	fix	p1:2f,+20/-1,sha256:a677efbafbd3,paths:inkStrokeModelerTest/draw3/drawing_controller.cpp,inkStrokeModelerTestTests/laser_incremental_coverage_tests.cpp,hunks:4; focus=int RunLaserIncrementalCoverageTests()	diff semantics + H0 product source map	H0 tracked counterpart:Inkeys/Inkeys/Drawing/Draw3/Draw3.DrawingController.cpp (1/1 changed code paths map)	静态未确认该历史差异带来的现存缺陷；生产行为与自动/真机回归由 Draw3 专项验证		静态差异与 H0 路径核对；未运行本批测试	fix: restore laser dirty bounds after fade input
276	9ff123652a723e817baff5deec6d7a6c12c69cb9	H0 reachable	Build,Draw3	build/refactor	p1:20f,+1915/-1828,sha256:375022ff5eb3,paths:.trellis/spec/native/modules-and-code-style.md,.trellis/tasks/08-02-staged-code-acceptance/design.md,.trellis/tasks/08-02-staged-code-acceptance/implement.md,.trellis/tasks/08-02-staged-code-acceptance/prd.md…,hunks:50; focus=renderer 暴露单个 batched particle step：绑定 UAV/公共常量一次，,double ResolveLiveTipTaperDurationSeconds(StrokeWidthMode widthMode,,export namespace draw3	diff semantics + H0 product source map	H0 tracked counterpart:Inkeys/Inkeys/Drawing/Draw3/Draw3.InkPrediction.cpp,Inkeys/Inkeys/Drawing/Draw3/Draw3.InkPrediction.cppm,Inkeys/Inkeys/Drawing/Draw3/Draw3.LaserParticleSystem.cpp,Inkeys/Inkeys/Drawing/Draw3/Draw3.LaserParticles.cpp… (10/10 changed code paths map)	静态未确认该历史差异带来的现存缺陷；生产行为与自动/真机回归由 Draw3 专项验证		静态差异与 H0 路径核对；未运行本批测试	refactor: split draw3 implementation units
277	748c331d5b1454ac86848a44d0e6b0cc05c6cc82	H0 reachable	Draw3	fix	p1:6f,+79/-31,sha256:9c78abe66dd3,paths:.trellis/spec/native/runtime-and-rendering.md,inkStrokeModelerTest/draw3/drawing_controller.cpp,inkStrokeModelerTest/draw3/drawing_controller.cppm,inkStrokeModelerTest/draw3/ink_prediction.cpp…,hunks:21; focus=Correct：`StylusUp/WM_POINTERUP -> clear Pen sample`；后续真实 InAir/Point,export namespace draw3,double ResolveLiveTipTaperDurationSeconds(StrokeWidthMode widthMode,	diff semantics + H0 product source map	H0 tracked counterpart:Inkeys/Inkeys/Drawing/Draw3/Draw3.DrawingController.cpp,Inkeys/Inkeys/Drawing/Draw3/Draw3.DrawingController.cppm,Inkeys/Inkeys/Drawing/Draw3/Draw3.InkPrediction.cpp,Inkeys/Inkeys/Drawing/Draw3/Draw3.InkPrediction.cppm (4/4 changed code paths map)	静态未确认该历史差异带来的现存缺陷；生产行为与自动/真机回归由 Draw3 专项验证		静态差异与 H0 路径核对；未运行本批测试	fix: limit stroke reconnect to touch input
278	1a4ccd9060cc723bd58ed6a659687cb757e72fee	H0 reachable	Draw3,Draw3-demo,binary	performance	p1:24f,+1094/-329,sha256:4cd2c4fbd1db,paths:.trellis/spec/native/runtime-and-rendering.md,.trellis/spec/shaders/cpu-gpu-contracts.md,.trellis/tasks/08-02-staged-code-acceptance/check.jsonl,.trellis/tasks/08-02-staged-code-acceptance/design.md…,hunks:109; focus=float2 halfSize,Laser coverage 写入绑定当前 coverage RTV（稳定前缀为 `t7`、实时,Result = Add + Retain * Destination	diff semantics + H0 product source map	H0 tracked counterpart:Inkeys/Inkeys/Drawing/Draw3/Draw3.DrawingController.cpp,Inkeys/Inkeys/Drawing/Draw3/Draw3.InkPrediction.cpp,Inkeys/Inkeys/Drawing/Draw3/Draw3.InkPrediction.cppm,Inkeys/Inkeys/Drawing/Draw3/Draw3.LaserParticles.cpp… (9/9 changed code paths map)	静态未确认该历史差异带来的现存缺陷；生产行为与自动/真机回归由 Draw3 专项验证		静态差异与 H0 路径核对；未运行本批测试	perf: optimize drawing pipelines and laser particles
279	7e61a4f7d73c766cd5ef578ae6639a85cf8b4416	H0 reachable	workflow/docs	documentation/workflow	p1:54f,+805/-761,sha256:4f600bff191c,paths:.trellis/tasks/07-25-laser-pointer-glow-trail/design.md,.trellis/tasks/07-25-laser-pointer-glow-trail/implement.md,.trellis/tasks/07-25-laser-pointer-glow-trail/prd.md,.trellis/tasks/07-25-laser-pointer-glow-trail/task.json…,hunks:56; focus=Fixed Pen/Mouse cursor authority handoff, immediate Pen hover coordinates, 	diff content (documentation/workflow)	no runtime source path	不适用产品运行：仅规范、任务或 journal 内容变更；未修改运行时代码		静态差异与 H0 路径核对；未运行本批测试	chore(task): archive completed tasks 4-8
280	b035a675478e8b5f202c8ea6556868dfdc6e6dce	H0 reachable	Draw3	feature	p1:5f,+6/-6,sha256:274281c11bf1,paths:.trellis/spec/native/runtime-and-rendering.md,inkStrokeModelerTest/draw3/drawing_controller.cpp,inkStrokeModelerTest/draw3/drawing_controller.cppm,inkStrokeModelerTest/draw3/ink_prediction.cppm…,hunks:6; focus=export namespace draw3,int RunHighlighterGeometryTests()	diff semantics + H0 product source map	H0 tracked counterpart:Inkeys/Inkeys/Drawing/Draw3/Draw3.DrawingController.cpp,Inkeys/Inkeys/Drawing/Draw3/Draw3.DrawingController.cppm,Inkeys/Inkeys/Drawing/Draw3/Draw3.InkPrediction.cppm (3/3 changed code paths map)	静态未确认该历史差异带来的现存缺陷；生产行为与自动/真机回归由 Draw3 专项验证		静态差异与 H0 路径核对；未运行本批测试	feat: shorten default laser hold duration
281	be50ae40c1e4ee5201904bb52ee955d1a9947471	H0 reachable	Draw3	feature	p1:10f,+93/-16,sha256:00b03ab6b19a,paths:.trellis/spec/native/runtime-and-rendering.md,inkStrokeModelerTest/draw3/drawing_controller.cpp,inkStrokeModelerTest/draw3/drawing_controller.cppm,inkStrokeModelerTest/draw3/ink_prediction.cppm…,hunks:24; focus=Correct：`从当前 L0 笔尖/切线创建发射请求 -> GPU Update/Emit ->,Correct：`Pen leave -> clear Pen sample + keep Pen authority；新 WM_MOUSEMOVE,export namespace draw3	diff semantics + H0 product source map	H0 tracked counterpart:Inkeys/Inkeys/Drawing/Draw3/Draw3.DrawingController.cpp,Inkeys/Inkeys/Drawing/Draw3/Draw3.DrawingController.cppm,Inkeys/Inkeys/Drawing/Draw3/Draw3.InkPrediction.cppm,Inkeys/Inkeys/Drawing/Draw3/Draw3.PenCursor.cpp… (7/7 changed code paths map)	静态未确认该历史差异带来的现存缺陷；生产行为与自动/真机回归由 Draw3 专项验证		静态差异与 H0 路径核对；未运行本批测试	feat: add laser input settings and fix cursor cleanup
282	b91366d6c5dc4fda6c58b999b391088948fa8ff3	H0 reachable	Build,Draw3,Draw3-demo,binary	build/refactor	p1:89f,+329/-15110,sha256:160628335be2,paths:.trellis/spec/guides/code-reuse-thinking-guide.md,.trellis/spec/guides/cross-layer-thinking-guide.md,.trellis/spec/index.md,.trellis/spec/native/index.md…,hunks:108; focus=Win32/HiEasyX message,Windows/标准库头放在模块声明前；模块依赖用 `import draw3.xxx;`,bool TransparentPresentationController::Present(RECT dirty, bool presentFul	diff semantics + historical host/product integration map	H0 tracked counterpart:Inkeys/Inkeys/Drawing/Draw3/Draw3.DrawingController.cpp,Inkeys/Inkeys/Drawing/Draw3/Draw3.DrawingController.cppm,Inkeys/Inkeys/Drawing/Draw3/Draw3.WindowControl.cpp,Inkeys/Inkeys/Drawing/Draw3/Draw3.WindowControl.cppm (4/65 changed code paths map)	旧 Draw3 demo 改用 Win32 host；产品经 227 导入与 Window Service 结合，历史 HiEasyX 删除本身无 H0 产品入口		静态差异与 H0 路径核对；未运行本批测试	refactor: replace HiEasyX with native Win32 host
283	41754d16152abedd2d6c22ffb9dbd38ff6d8b675	H0 reachable	Build,Draw3	fix	p1:8f,+77/-5,sha256:4e926c4a683d,paths:.trellis/spec/guides/cross-layer-thinking-guide.md,.trellis/spec/native/platform-and-resources.md,.trellis/spec/native/quality-and-validation.md,.trellis/tasks/08-02-dcomp-unexpected-ulw-fallback/design.md…,hunks:18; focus=Win32/HiEasyX message,bool TransparentPresentationController::Present(RECT dirty, bool presentFul,bool TransparentPresentationController::Present(RECT dirty, bool presentFul	diff semantics + H0 presenter/fallback path	H0 tracked counterpart:Inkeys/Inkeys/Drawing/Draw3/Draw3.TransparentPresentation.cpp (1/1 changed code paths map)	DComp 样式保持检查在 H0 presenter；本提交未引入 DWM 选择，Win7 DComp 不可用→ULW 仍待运行验证		静态差异与 H0 路径核对；未运行本批测试	fix: preserve DComp window style in release
284	bc22d077c64807939ce96d364dcd617393da8577	H0 reachable	Draw3	fix	p1:10f,+155/-27,sha256:1ef5321fc003,paths:.trellis/spec/guides/cross-layer-thinking-guide.md,.trellis/spec/native/platform-and-resources.md,.trellis/spec/native/runtime-and-rendering.md,.trellis/tasks/08-02-dcomp-unexpected-ulw-fallback/check.jsonl…,hunks:12; focus=Win32/HiEasyX message,Windows 7 SP1 + KB2670838 是 Inkeys 的正式项目级兼容目标。面向平,DirectCompositionVisualTree	diff semantics + H0 presenter/fallback path	H0 tracked counterpart:Inkeys/Inkeys/Drawing/Draw3/Draw3.TransparentPresentation.cpp (1/1 changed code paths map)	已映射 H0 presenter；FLIP_SEQUENTIAL 保留；自动/强制路径仍可选 DWM，见 B2-001；Win7 device runtime 未验证	B2-001	静态差异与 H0 路径核对；未运行本批测试	fix: restore DComp-first transparent presentation
285	28bd0005e2a6153aaa7e616097bee1c853bfc110	H0 reachable	workflow/docs	documentation/workflow	p1:2f,+25/-3,sha256:e6f44acc4f09,paths:.trellis/workspace/AlanCRL/index.md,.trellis/workspace/AlanCRL/journal-1.md,hunks:4; focus=Fixed Pen/Mouse cursor authority handoff, immediate Pen hover coordinates, 	diff content (documentation/workflow)	no runtime source path	不适用产品运行：仅规范、任务或 journal 内容变更；未修改运行时代码		静态差异与 H0 路径核对；未运行本批测试	chore: record journal
286	67b264a0d0601b38dd644046f41691a69c1f52b8	H0 reachable	workflow/docs	documentation/workflow	p1:12f,+175/-182,sha256:6877ddc46a2b,paths:.trellis/tasks/08-02-pen-live-tip-policy/check.jsonl,.trellis/tasks/08-02-pen-live-tip-policy/design.md,.trellis/tasks/08-02-pen-live-tip-policy/implement.jsonl,.trellis/tasks/08-02-pen-live-tip-policy/implement.md…,hunks:12; focus=file-level	diff content (documentation/workflow)	no runtime source path	不适用产品运行：仅规范、任务或 journal 内容变更；未修改运行时代码		静态差异与 H0 路径核对；未运行本批测试	chore(task): archive 08-02-pen-live-tip-policy
287	56e95d75c3ef96e4f8de85ba3526c95f851ee9e0	H0 reachable	Draw3,Draw3-demo,binary	ordinary	p1:14f,+250/-167,sha256:80b178befaab,paths:.trellis/spec/native/runtime-and-rendering.md,.trellis/tasks/08-02-laser-particle-core-red-white/check.jsonl,.trellis/tasks/08-02-laser-particle-core-red-white/implement.jsonl,.trellis/tasks/08-02-laser-particle-core-red-white/prd.md…,hunks:18; focus=export namespace draw3,OperatorOutput main(PS_INPUT input),PS_INPUT main(uint id : SV_VertexID, uint instanceId : SV_InstanceID)	diff semantics + H0 product source map	H0 tracked counterpart:Inkeys/Inkeys/Drawing/Draw3/Draw3.LaserParticles.cpp,Inkeys/Inkeys/Drawing/Draw3/Draw3.LaserParticles.cppm,Inkeys/Inkeys/Drawing/Draw3/Draw3.Renderer.cpp,Inkeys/Inkeys/Drawing/Draw3/Draw3.Renderer.cppm… (6/6 changed code paths map)	静态未确认该历史差异带来的现存缺陷；生产行为与自动/真机回归由 Draw3 专项验证		静态差异与 H0 路径核对；未运行本批测试	style: use laser border red for particle cores
288	b7af67fdb62272d307033400728676115a0d8e8a	H0 reachable	Draw3	fix	p1:12f,+358/-60,sha256:89ca5b5f7f5e,paths:.trellis/spec/native/runtime-and-rendering.md,.trellis/tasks/08-02-pen-live-tip-policy/check.jsonl,.trellis/tasks/08-02-pen-live-tip-policy/design.md,.trellis/tasks/08-02-pen-live-tip-policy/implement.jsonl…,hunks:29; focus=Correct：`Pen leave -> clear Pen sample + keep Pen authority；新 WM_MOUSEMOVE,Correct：`保持预测弦走廊不变；其失败后只在预测末端速度方,liveTipDuration + predictionDuration	diff semantics + H0 product source map	H0 tracked counterpart:Inkeys/Inkeys/Drawing/Draw3/Draw3.DrawingController.cpp,Inkeys/Inkeys/Drawing/Draw3/Draw3.InkPrediction.cpp,Inkeys/Inkeys/Drawing/Draw3/Draw3.InkPrediction.cppm (3/3 changed code paths map)	静态未确认该历史差异带来的现存缺陷；生产行为与自动/真机回归由 Draw3 专项验证		静态差异与 H0 路径核对；未运行本批测试	fix: restore pen live tip and freeze tip on up
289	aa305d30daf67a5b4ed9ae95790a0473d1a246f3	H0 reachable	Build,Draw3,Draw3-demo,binary	ordinary	p1:22f,+1080/-50,sha256:51bc52367bf9,paths:.trellis/spec/native/runtime-and-rendering.md,.trellis/spec/shaders/cpu-gpu-contracts.md,.trellis/tasks/07-31-laser-incremental-coverage-optimization/check.jsonl,.trellis/tasks/07-31-laser-incremental-coverage-optimization/design.md…,hunks:67; focus=float2 halfSize,Laser coverage 写入只绑定 `t7` RTV，并以 `D3D11_BLEND_OP_MAX` 累积单,Result = Add + Retain * Destination	diff semantics + H0 product source map	H0 tracked counterpart:Inkeys/Inkeys/Drawing/Draw3/Draw3.DrawingController.cpp,Inkeys/Inkeys/Drawing/Draw3/Draw3.InkPrediction.cpp,Inkeys/Inkeys/Drawing/Draw3/Draw3.InkPrediction.cppm,Inkeys/Inkeys/Drawing/Draw3/Draw3.Renderer.cpp… (8/8 changed code paths map)	静态未确认该历史差异带来的现存缺陷；生产行为与自动/真机回归由 Draw3 专项验证		静态差异与 H0 路径核对；未运行本批测试	20260731 激光笔增量 coverage：单 contact L1/L0 快路与完整回退
290	c241e4d74242420e9b4a8a3251169fd5ebae1bfd	H0 reachable	Draw3	revert	p1:5f,+26/-111,sha256:8cce976aaaa0,paths:inkStrokeModelerTest/draw3/drawing_controller.cpp,inkStrokeModelerTest/draw3/ink_prediction.cpp,inkStrokeModelerTest/draw3/ink_prediction.cppm,inkStrokeModelerTest/draw3/renderer.cpp…,hunks:9; focus=export namespace draw3	paired diff/revert + H0 render map	H0 tracked counterpart:Inkeys/Inkeys/Drawing/Draw3/Draw3.DrawingController.cpp,Inkeys/Inkeys/Drawing/Draw3/Draw3.InkPrediction.cpp,Inkeys/Inkeys/Drawing/Draw3/Draw3.InkPrediction.cppm,Inkeys/Inkeys/Drawing/Draw3/Draw3.Renderer.cpp… (5/5 changed code paths map)	历史增量渲染 patch 被后续 revert 撤回；当前增量路径按 aa305d30d 与产品导入审		静态差异与 H0 路径核对；未运行本批测试	Revert 989b443: 回滚激光笔增量渲染优化
291	989b443c81d5e6cae55b1c9ac42c9ae7544737b8	H0 reachable	Draw3	ordinary	p1:5f,+111/-26,sha256:304a4857e787,paths:inkStrokeModelerTest/draw3/drawing_controller.cpp,inkStrokeModelerTest/draw3/ink_prediction.cpp,inkStrokeModelerTest/draw3/ink_prediction.cppm,inkStrokeModelerTest/draw3/renderer.cpp…,hunks:9; focus=export namespace draw3	paired diff/revert + H0 render map	H0 tracked counterpart:Inkeys/Inkeys/Drawing/Draw3/Draw3.DrawingController.cpp,Inkeys/Inkeys/Drawing/Draw3/Draw3.InkPrediction.cpp,Inkeys/Inkeys/Drawing/Draw3/Draw3.InkPrediction.cppm,Inkeys/Inkeys/Drawing/Draw3/Draw3.Renderer.cpp… (5/5 changed code paths map)	历史增量渲染 patch 被后续 revert 撤回；当前增量路径按 aa305d30d 与产品导入审		静态差异与 H0 路径核对；未运行本批测试	20260731 激光笔增量渲染：L0→L1 样式，O(N)→O(delta+tip) 绘制
292	5884f391bb0485807e45bda78d113e3cad0e6121	H0 reachable	Draw3	fix	p1:1f,+13/-6,sha256:0d5a8f0c7cd4,paths:inkStrokeModelerTest/draw3/drawing_controller.cpp,hunks:6; focus=file-level	diff semantics + H0 product source map	H0 tracked counterpart:Inkeys/Inkeys/Drawing/Draw3/Draw3.DrawingController.cpp (1/1 changed code paths map)	静态未确认该历史差异带来的现存缺陷；生产行为与自动/真机回归由 Draw3 专项验证		静态差异与 H0 路径核对；未运行本批测试	fix: defer particle toggle to next session after screen clears
293	eb75478c8d07e462160101011902f81e951ae17c	H0 reachable	workflow/docs	documentation/workflow	p1:3f,+19/-15,sha256:35e6a5efad2e,paths:.trellis/tasks/07-25-laser-pointer-glow-trail/design.md,.trellis/tasks/07-25-laser-pointer-glow-trail/implement.md,.trellis/tasks/07-25-laser-pointer-glow-trail/prd.md,hunks:4; focus=coverage 四通道分别保存白芯、白色散射脊、红色实体外套和	diff content (documentation/workflow)	no runtime source path	不适用产品运行：仅规范、任务或 journal 内容变更；未修改运行时代码		静态差异与 H0 路径核对；未运行本批测试	docs: sync particle refinement params to prd/design/implement
294	77094f0e15375dc91af0924fd399b08a2c1bcc51	H0 reachable	Draw3,Draw3-demo,binary	ordinary	p1:3f,+18/-16,sha256:e33630a7576f,paths:inkStrokeModelerTest/draw3/laser_particles.cppm,inkStrokeModelerTest/inkPixelShader.cso,inkStrokeModelerTest/inkPixelShader.hlsl,hunks:2; focus=export namespace draw3,OperatorOutput main(PS_INPUT input)	diff semantics + H0 product source map	H0 tracked counterpart:Inkeys/Inkeys/Drawing/Draw3/Draw3.LaserParticles.cppm,Inkeys/Inkeys/Drawing/Draw3/Assets/inkPixelShader.hlsl (2/2 changed code paths map)	静态未确认该历史差异带来的现存缺陷；生产行为与自动/真机回归由 Draw3 专项验证		静态差异与 H0 路径核对；未运行本批测试	tweak: particle size/density/travel/color refinements
295	e277a35a45540260840a8f5536220aa62e007f86	H0 reachable	Draw3	performance	p1:3f,+48/-0,sha256:141f6e420a50,paths:inkStrokeModelerTest/draw3/drawing_controller.cpp,inkStrokeModelerTest/draw3/renderer.cpp,inkStrokeModelerTest/draw3/renderer.cppm,hunks:3; focus=export namespace draw3	diff semantics + H0 product source map	H0 tracked counterpart:Inkeys/Inkeys/Drawing/Draw3/Draw3.DrawingController.cpp,Inkeys/Inkeys/Drawing/Draw3/Draw3.Renderer.cpp,Inkeys/Inkeys/Drawing/Draw3/Draw3.Renderer.cppm (3/3 changed code paths map)	静态未确认该历史差异带来的现存缺陷；生产行为与自动/真机回归由 Draw3 专项验证		静态差异与 H0 路径核对；未运行本批测试	perf: pre-warm all laser shader paths before main loop
296	13f3ab385c92986a85568cc7fe1858268de55752	H0 reachable	workflow/docs	documentation/workflow	p1:1f,+2/-1,sha256:192821bec5a1,paths:.trellis/tasks/07-25-laser-pointer-glow-trail/implement.md,hunks:1; focus=file-level	diff content (documentation/workflow)	no runtime source path	不适用产品运行：仅规范、任务或 journal 内容变更；未修改运行时代码		静态差异与 H0 路径核对；未运行本批测试	docs: record stutter root cause analysis in implement.md
297	7f4dd4ffea9365594c268647f5b9aa182a90674c	H0 reachable	Draw3	performance	p1:1f,+0/-39,sha256:8960fcd5c289,paths:inkStrokeModelerTest/draw3/drawing_controller.cpp,hunks:4; focus=file-level	diff semantics + H0 product source map	H0 tracked counterpart:Inkeys/Inkeys/Drawing/Draw3/Draw3.DrawingController.cpp (1/1 changed code paths map)	静态未确认该历史差异带来的现存缺陷；生产行为与自动/真机回归由 Draw3 专项验证		静态差异与 H0 路径核对；未运行本批测试	cleanup: remove LaserPerf diagnostic timing code
298	3bafae927c3ee076510766edd2dcd458b9b536d4	H0 reachable	Draw3	performance	p1:1f,+40/-1,sha256:f95c754c5266,paths:inkStrokeModelerTest/draw3/drawing_controller.cpp,hunks:4; focus=file-level	diff semantics + H0 product source map	H0 tracked counterpart:Inkeys/Inkeys/Drawing/Draw3/Draw3.DrawingController.cpp (1/1 changed code paths map)	静态未确认该历史差异带来的现存缺陷；生产行为与自动/真机回归由 Draw3 专项验证		静态差异与 H0 路径核对；未运行本批测试	debug: add LaserPerf timing diagnostics for stutter investigation
299	ac31a1ef6791646a4e0c6d10ce87062d36ca65e1	H0 reachable	Draw3,Draw3-demo,binary	build/refactor	p1:7f,+11/-9,sha256:008284d3fc30,paths:.trellis/tasks/07-25-laser-pointer-glow-trail/design.md,.trellis/tasks/07-25-laser-pointer-glow-trail/implement.md,.trellis/tasks/07-25-laser-pointer-glow-trail/prd.md,inkStrokeModelerTest/draw3/drawing_controller.cpp…,hunks:8; focus=coverage 四通道分别保存白芯、白色散射脊、红色实体外套和,export namespace draw3,OperatorOutput main(PS_INPUT input)	diff semantics + H0 product source map	H0 tracked counterpart:Inkeys/Inkeys/Drawing/Draw3/Draw3.DrawingController.cpp,Inkeys/Inkeys/Drawing/Draw3/Draw3.LaserParticles.cppm,Inkeys/Inkeys/Drawing/Draw3/Assets/inkPixelShader.hlsl (3/3 changed code paths map)	静态未确认该历史差异带来的现存缺陷；生产行为与自动/真机回归由 Draw3 专项验证		静态差异与 H0 路径核对；未运行本批测试	refactor: 粒子层级下移 + 辉光收敛，减少对演示内容的遮挡
300	1f7a13debf3c12180189c9a9dfded6dc9018c9a8	H0 reachable	binary	ordinary	p1:5f,+9/-9,sha256:d03e57030cec,paths:.trellis/tasks/07-25-laser-pointer-glow-trail/design.md,.trellis/tasks/07-25-laser-pointer-glow-trail/implement.md,.trellis/tasks/07-25-laser-pointer-glow-trail/prd.md,inkStrokeModelerTest/inkPixelShader.cso…,hunks:4; focus=coverage 四通道分别保存白芯、白色散射脊、红色实体外套和	diff content + provenance map	no runtime source path	无当前产品源码映射；相关构建/二进制 provenance 需发布检查		静态差异与 H0 路径核对；未运行本批测试	docs: 同步粒子可见性调优参数到 prd/design/implement
301	234c942300788e6e9c532ce6c4e7abc61b6ed47b	H0 reachable	Draw3,Draw3-demo	ordinary	p1:5f,+18/-17,sha256:e1ea9a5623cf,paths:.trellis/tasks/07-25-laser-pointer-glow-trail/implement.md,inkStrokeModelerTest/draw3/laser_particles.cpp,inkStrokeModelerTest/draw3/laser_particles.cppm,inkStrokeModelerTest/inkPixelShader.hlsl…,hunks:5; focus=export namespace draw3,OperatorOutput main(PS_INPUT input),PS_INPUT main(uint id : SV_VertexID, uint instanceId : SV_InstanceID)	diff semantics + H0 product source map	H0 tracked counterpart:Inkeys/Inkeys/Drawing/Draw3/Draw3.LaserParticles.cpp,Inkeys/Inkeys/Drawing/Draw3/Draw3.LaserParticles.cppm,Inkeys/Inkeys/Drawing/Draw3/Assets/inkPixelShader.hlsl,Inkeys/Inkeys/Drawing/Draw3/Assets/inkVertexShader.hlsl (4/4 changed code paths map)	静态未确认该历史差异带来的现存缺陷；生产行为与自动/真机回归由 Draw3 专项验证		静态差异与 H0 路径核对；未运行本批测试	20260731 粒子效果可见性调优：扩大尺寸/速度/辉光范围，柔化 PS falloff
302	4bf27032fbb239dfc6b13323f6ea1fb330e388d2	H0 reachable	other	ordinary	"p1:86f,+10462/-319,sha256:43be60631f09,paths:.agents/skills/trellis-brainstorm/SKILL.md,.agents/skills/trellis-meta/SKILL.md,.agents/skills/trellis-meta/references/customize-local/change-skills-or-commands.md,.agents/skills/trellis-meta/references/platform-files/agents.md…,hunks:187; focus=description: ""Guides collaborative requirements discovery before implementa,description: ""Guides collaborative requirements discovery before implementa,Interview me relentlessly about every aspect of this plan until we reach a "	diff content + provenance map	no runtime source path	无当前产品源码映射；相关构建/二进制 provenance 需发布检查		静态差异与 H0 路径核对；未运行本批测试	20260731 0907 update
303	3cd751b4b53e00020b4027cede48da3d9cdc68b5	H0 reachable	Draw3,Draw3-demo,binary	ordinary	p1:16f,+256/-94,sha256:94957aad60ac,paths:.trellis/spec/native/runtime-and-rendering.md,.trellis/spec/shaders/cpu-gpu-contracts.md,.trellis/tasks/07-25-laser-pointer-glow-trail/design.md,.trellis/tasks/07-25-laser-pointer-glow-trail/implement.md…,hunks:36; focus=for (const auto& layer : layersInDownOrder) {,coverage 四通道分别保存白芯、白色散射脊、红色实体外套和,Pen/Mouse Hover 和所有活动 contact 的笔尖使用专用 LaserDot shader sh	diff semantics + H0 product source map	H0 tracked counterpart:Inkeys/Inkeys/Drawing/Draw3/Draw3.LaserParticles.cpp,Inkeys/Inkeys/Drawing/Draw3/Draw3.LaserParticles.cppm,Inkeys/Inkeys/Drawing/Draw3/Draw3.Renderer.cpp,Inkeys/Inkeys/Drawing/Draw3/Draw3.Renderer.cppm… (7/7 changed code paths map)	静态未确认该历史差异带来的现存缺陷；生产行为与自动/真机回归由 Draw3 专项验证		静态差异与 H0 路径核对；未运行本批测试	Update laser particle emission, sizing & shading
304	86a111600a529dbfdfa2006b3f5429dfd2d87540	H0 reachable	Draw3,Draw3-demo,binary	feature	p1:18f,+714/-1413,sha256:3cfd538e50c4,paths:.trellis/spec/native/runtime-and-rendering.md,.trellis/spec/shaders/cpu-gpu-contracts.md,.trellis/tasks/07-25-laser-pointer-glow-trail/design.md,.trellis/tasks/07-25-laser-pointer-glow-trail/implement.md…,hunks:83; focus=Wrong：`每帧 CPU 更新 vector<Particle> -> 上传 InkData -> Draw`，或 CS,for (const auto& layer : layersInDownOrder) {,coverage 四通道分别保存白芯、白色散射脊、红色实体外套和	diff semantics + H0 product source map	H0 tracked counterpart:Inkeys/Inkeys/Drawing/Draw3/Draw3.DrawingController.cpp,Inkeys/Inkeys/Drawing/Draw3/Draw3.LaserParticles.cpp,Inkeys/Inkeys/Drawing/Draw3/Draw3.LaserParticles.cppm,Inkeys/Inkeys/Drawing/Draw3/Draw3.Renderer.cpp… (8/8 changed code paths map)	静态未确认该历史差异带来的现存缺陷；生产行为与自动/真机回归由 Draw3 专项验证		静态差异与 H0 路径核对；未运行本批测试	Implement screen-space normal-ejected laser particles
305	eb020571ce0a5f715538bf791e43adf2a192e373	H0 reachable	Draw3,Draw3-demo,binary	fix	p1:15f,+142/-104,sha256:8b700f4cca50,paths:.trellis/spec/native/runtime-and-rendering.md,.trellis/spec/shaders/cpu-gpu-contracts.md,.trellis/tasks/07-25-laser-pointer-glow-trail/design.md,.trellis/tasks/07-25-laser-pointer-glow-trail/implement.md…,hunks:30; focus=for (const auto& layer : layersInDownOrder) {,coverage 四通道分别保存白芯、白色散射脊、红色实体外套和,export namespace draw3	diff semantics + H0 product source map	H0 tracked counterpart:Inkeys/Inkeys/Drawing/Draw3/Draw3.DrawingController.cpp,Inkeys/Inkeys/Drawing/Draw3/Draw3.LaserParticles.cpp,Inkeys/Inkeys/Drawing/Draw3/Draw3.LaserParticles.cppm,Inkeys/Inkeys/Drawing/Draw3/Assets/laserParticleCommon.hlsli… (6/6 changed code paths map)	静态未确认该历史差异带来的现存缺陷；生产行为与自动/真机回归由 Draw3 专项验证		静态差异与 H0 路径核对；未运行本批测试	Fix laser particle endpoint accumulation
306	7a53cb2a143160cb6d485704f9d29db4b44d7d19	H0 reachable	Draw3,Draw3-demo,binary	ordinary	p1:13f,+97/-38,sha256:5d83d0dbddda,paths:.trellis/spec/native/runtime-and-rendering.md,.trellis/spec/shaders/cpu-gpu-contracts.md,.trellis/tasks/07-25-laser-pointer-glow-trail/design.md,.trellis/tasks/07-25-laser-pointer-glow-trail/implement.md…,hunks:23; focus=for (const auto& layer : layersInDownOrder) {,coverage 四通道分别保存白芯、白色散射脊、红色实体外套和,Pen/Mouse Hover 和所有活动 contact 的笔尖使用专用 LaserDot shader sh	diff semantics + H0 product source map	H0 tracked counterpart:Inkeys/Inkeys/Drawing/Draw3/Draw3.LaserParticles.cpp,Inkeys/Inkeys/Drawing/Draw3/Draw3.LaserParticles.cppm,Inkeys/Inkeys/Drawing/Draw3/Assets/laserParticleCommon.hlsli,Inkeys/Inkeys/Drawing/Draw3/Assets/laserParticleUpdateCS.hlsl (4/4 changed code paths map)	静态未确认该历史差异带来的现存缺陷；生产行为与自动/真机回归由 Draw3 专项验证		静态差异与 H0 路径核对；未运行本批测试	Tune laser particle spread and prediction recovery
307	8ff31af8011497d583169e7077451a72a52802db	H0 reachable	Draw3,Draw3-demo,binary	ordinary	p1:22f,+793/-377,sha256:e58ebcdd859b,paths:.trellis/spec/native/runtime-and-rendering.md,.trellis/spec/shaders/cpu-gpu-contracts.md,.trellis/tasks/07-25-laser-pointer-glow-trail/design.md,.trellis/tasks/07-25-laser-pointer-glow-trail/implement.md…,hunks:76; focus=Wrong：`每帧 CPU 更新 vector<Particle> -> 上传 InkData -> Draw`，或 CS,for (const auto& layer : layersInDownOrder) {,coverage 四通道分别保存白芯、白色散射脊、红色实体外套和	diff semantics + H0 product source map	H0 tracked counterpart:Inkeys/Inkeys/Drawing/Draw3/Draw3.DrawingController.cpp,Inkeys/Inkeys/Drawing/Draw3/Draw3.InkPrediction.cpp,Inkeys/Inkeys/Drawing/Draw3/Draw3.InkPrediction.cppm,Inkeys/Inkeys/Drawing/Draw3/Draw3.LaserParticles.cpp… (12/12 changed code paths map)	静态未确认该历史差异带来的现存缺陷；生产行为与自动/真机回归由 Draw3 专项验证		静态差异与 H0 路径核对；未运行本批测试	Upgrade laser particles with L0 prediction following
308	f76a35add6b8bbdae85ad1253c8840fa5fee9869	H0 reachable	Build,Draw3,Draw3-demo,binary	feature	p1:33f,+2181/-593,sha256:d885837e2520,paths:.trellis/spec/native/index.md,.trellis/spec/native/runtime-and-rendering.md,.trellis/spec/shaders/build-and-encoding.md,.trellis/spec/shaders/cpu-gpu-contracts.md…,hunks:89; focus=Wrong：`Up -> ApplyOperatorLayers(layerL2) -> Present`，或 Hold 期间用固,Windows SDK FXC 10.1 不接受文件开头的 UTF-8 BOM，因此不要直接移,for (const auto& layer : layersInDownOrder) {	diff semantics + H0 product source map	H0 tracked counterpart:Inkeys/Inkeys/Drawing/Draw3/Draw3.DrawingController.cpp,Inkeys/Inkeys/Drawing/Draw3/Draw3.DrawingController.cppm,Inkeys/Inkeys/Drawing/Draw3/Draw3.InkPrediction.cpp,Inkeys/Inkeys/Drawing/Draw3/Draw3.InkPrediction.cppm… (14/15 changed code paths map)	静态未确认该历史差异带来的现存缺陷；生产行为与自动/真机回归由 Draw3 专项验证		静态差异与 H0 路径核对；未运行本批测试	Implement D3D11 path-bound laser particles
309	617a24a5b60e0fd451ffa82623601c286ca2900a	H0 reachable	Draw3,Draw3-demo,binary	ordinary	p1:12f,+71/-61,sha256:55a91d1d9cd5,paths:.trellis/spec/native/runtime-and-rendering.md,.trellis/spec/shaders/cpu-gpu-contracts.md,.trellis/tasks/07-25-laser-pointer-glow-trail/design.md,.trellis/tasks/07-25-laser-pointer-glow-trail/prd.md…,hunks:26; focus=float2 halfSize,Result = Add + Retain * Destination,Laser 复用现有 `RuntimeStroke` 的模型输入、真实点和 prediction，	diff semantics + H0 product source map	H0 tracked counterpart:Inkeys/Inkeys/Drawing/Draw3/Draw3.InkPrediction.cppm,Inkeys/Inkeys/Drawing/Draw3/Draw3.Renderer.cpp,Inkeys/Inkeys/Drawing/Draw3/Draw3.Renderer.cppm,Inkeys/Inkeys/Drawing/Draw3/Assets/inkPixelShader.hlsl (4/4 changed code paths map)	静态未确认该历史差异带来的现存缺陷；生产行为与自动/真机回归由 Draw3 专项验证		静态差异与 H0 路径核对；未运行本批测试	Adjust laser visuals: 5px solid & 5px diffuse
310	ad98c1c4c6891249f62eb7b47903b228c52585a9	H0 reachable	Draw3,Draw3-demo,binary	ordinary	p1:18f,+478/-218,sha256:160435cb2b92,paths:.trellis/spec/native/runtime-and-rendering.md,.trellis/spec/shaders/cpu-gpu-contracts.md,.trellis/tasks/07-25-laser-pointer-glow-trail/design.md,.trellis/tasks/07-25-laser-pointer-glow-trail/implement.md…,hunks:76; focus=Wrong：`Up -> ApplyOperatorLayers(layerL2) -> Present`，或 Hold 期间用固,float2 halfSize,Laser coverage 写入只绑定单张 coverage RTV，并以 `D3D11_BLEND_OP_MAX`	diff semantics + H0 product source map	H0 tracked counterpart:Inkeys/Inkeys/Drawing/Draw3/Draw3.DrawingController.cpp,Inkeys/Inkeys/Drawing/Draw3/Draw3.InkPrediction.cpp,Inkeys/Inkeys/Drawing/Draw3/Draw3.InkPrediction.cppm,Inkeys/Inkeys/Drawing/Draw3/Draw3.Renderer.cpp… (8/8 changed code paths map)	静态未确认该历史差异带来的现存缺陷；生产行为与自动/真机回归由 Draw3 专项验证		静态差异与 H0 路径核对；未运行本批测试	Laser: composited color + per-stroke coverage scratch
311	2f523beba05003af7a202ef7bf0215e20771a8ee	H0 reachable	Draw3	ordinary	p1:5f,+7/-7,sha256:1a91f5a5bb66,paths:.trellis/spec/native/runtime-and-rendering.md,inkStrokeModelerTest/draw3/drawing_controller.cpp,inkStrokeModelerTest/draw3/drawing_controller.cppm,inkStrokeModelerTest/draw3/ink_prediction.cppm…,hunks:6; focus=export namespace draw3,int RunHighlighterGeometryTests()	diff semantics + H0 product source map	H0 tracked counterpart:Inkeys/Inkeys/Drawing/Draw3/Draw3.DrawingController.cpp,Inkeys/Inkeys/Drawing/Draw3/Draw3.DrawingController.cppm,Inkeys/Inkeys/Drawing/Draw3/Draw3.InkPrediction.cppm (3/3 changed code paths map)	静态未确认该历史差异带来的现存缺陷；生产行为与自动/真机回归由 Draw3 专项验证		静态差异与 H0 路径核对；未运行本批测试	Adjust Laser sizing and disable particles
312	a607b48a6749184f5da7da960016bdfce0c39676	H0 reachable	Draw3,Draw3-demo,binary	ordinary	p1:19f,+512/-108,sha256:68c4e3183fff,paths:.trellis/spec/native/runtime-and-rendering.md,.trellis/spec/shaders/cpu-gpu-contracts.md,.trellis/tasks/07-25-laser-pointer-glow-trail/design.md,.trellis/tasks/07-25-laser-pointer-glow-trail/implement.md…,hunks:62; focus=Correct：`Up -> stable coverage + lifecycle Hold`；只在 Hold deadline/Fade,float2 halfSize,Laser coverage 写入只绑定单张 coverage RTV，并以 `D3D11_BLEND_OP_MAX`	diff semantics + H0 product source map	H0 tracked counterpart:Inkeys/Inkeys/Drawing/Draw3/Draw3.DrawingController.cpp,Inkeys/Inkeys/Drawing/Draw3/Draw3.InkPrediction.cpp,Inkeys/Inkeys/Drawing/Draw3/Draw3.InkPrediction.cppm,Inkeys/Inkeys/Drawing/Draw3/Draw3.Renderer.cpp… (9/9 changed code paths map)	静态未确认该历史差异带来的现存缺陷；生产行为与自动/真机回归由 Draw3 专项验证		静态差异与 H0 路径核对；未运行本批测试	Refine laser pointer visuals and pressure
313	d26908e98730be51cec8793fe6c4aff36435486d	H0 reachable	workflow/docs	documentation/workflow	p1:7f,+206/-2,sha256:b5623b11f682,paths:.trellis/spec/native/runtime-and-rendering.md,.trellis/spec/shaders/cpu-gpu-contracts.md,.trellis/tasks/07-25-laser-pointer-glow-trail/design.md,.trellis/tasks/07-25-laser-pointer-glow-trail/implement.md…,hunks:10; focus=float2 halfSize,MSBuild.exe .\inkStrokeModelerTest.sln /m /p:Configuration=Debug /p:Platfor,MSBuild.exe .\inkStrokeModelerTest.sln /m /p:Configuration=Debug /p:Platfor	diff content (documentation/workflow)	no runtime source path	不适用产品运行：仅规范、任务或 journal 内容变更；未修改运行时代码		静态差异与 H0 路径核对；未运行本批测试	Document laser pointer contracts
314	66fb74f38d3a6abed4560ec133c0de43b9f03909	H0 reachable	Draw3,Draw3-demo,binary	feature	p1:20f,+1341/-45,sha256:966851ca303c,paths:inkStrokeModelerTest/draw3/drawing_controller.cpp,inkStrokeModelerTest/draw3/drawing_controller.cppm,inkStrokeModelerTest/draw3/ink_prediction.cpp,inkStrokeModelerTest/draw3/ink_prediction.cppm…,hunks:91; focus=export namespace draw3,cbuffer ScreenBuffer : register(b0),Texture2D LiveOperatorRetain : register(t5);	diff semantics + H0 product source map	H0 tracked counterpart:Inkeys/Inkeys/Drawing/Draw3/Draw3.DrawingController.cpp,Inkeys/Inkeys/Drawing/Draw3/Draw3.DrawingController.cppm,Inkeys/Inkeys/Drawing/Draw3/Draw3.InkPrediction.cpp,Inkeys/Inkeys/Drawing/Draw3/Draw3.InkPrediction.cppm… (15/15 changed code paths map)	静态未确认该历史差异带来的现存缺陷；生产行为与自动/真机回归由 Draw3 专项验证		静态差异与 H0 路径核对；未运行本批测试	Implement glowing laser pointer
315	be552412c46a1447b20a85e169d35354c8d375bc	H0 reachable	workflow/docs	documentation/workflow	p1:2f,+36/-2,sha256:49d9e0bb6a32,paths:.trellis/workspace/AlanCRL/index.md,.trellis/workspace/AlanCRL/journal-1.md,hunks:4; focus=Aligned CreateIconIndirect cursor construction with the Microsoft alpha cur	diff content (documentation/workflow)	no runtime source path	不适用产品运行：仅规范、任务或 journal 内容变更；未修改运行时代码		静态差异与 H0 路径核对；未运行本批测试	chore: record journal
316	df55e1451b344eba71538f0db6e068fcc6546c39	H0 reachable	workflow/docs	documentation/workflow	p1:8f,+127/-127,sha256:1c19f29570b4,paths:.trellis/tasks/07-25-l0-transient-drawing-cursor/design.md,.trellis/tasks/07-25-l0-transient-drawing-cursor/implement.md,.trellis/tasks/07-25-l0-transient-drawing-cursor/prd.md,.trellis/tasks/07-25-l0-transient-drawing-cursor/task.json…,hunks:8; focus=file-level	diff content (documentation/workflow)	no runtime source path	不适用产品运行：仅规范、任务或 journal 内容变更；未修改运行时代码		静态差异与 H0 路径核对；未运行本批测试	chore(task): archive 07-25-l0-transient-drawing-cursor
317	03277967c0f7d4292d10eb83dccfb2aa450a4e73	H0 reachable	Draw3	fix	p1:6f,+83/-17,sha256:292b8ac05667,paths:.trellis/spec/native/runtime-and-rendering.md,.trellis/tasks/07-25-l0-transient-drawing-cursor/design.md,.trellis/tasks/07-25-l0-transient-drawing-cursor/prd.md,inkStrokeModelerTest/draw3/drawing_controller.cpp…,hunks:14; focus=Wrong：`renderer.SetOperatorTarget(renderer.layerL0); renderer.DrawTransient,int RunPenCursorTests()	diff semantics + H0 product source map	H0 tracked counterpart:Inkeys/Inkeys/Drawing/Draw3/Draw3.DrawingController.cpp,Inkeys/Inkeys/Drawing/Draw3/Draw3.WindowControl.cpp (2/2 changed code paths map)	静态未确认该历史差异带来的现存缺陷；生产行为与自动/真机回归由 Draw3 专项验证		静态差异与 H0 路径核对；未运行本批测试	Fix drawing cursor handoff and opacity
318	ec0f008b9d98860f5bb19e73c7d1381b0a4772c7	H0 reachable	Draw3,Draw3-demo,binary	feature	p1:20f,+1043/-639,sha256:5a77b1ec03ad,paths:.trellis/spec/native/runtime-and-rendering.md,.trellis/spec/shaders/cpu-gpu-contracts.md,.trellis/tasks/07-25-l0-transient-drawing-cursor/design.md,.trellis/tasks/07-25-l0-transient-drawing-cursor/implement.md…,hunks:62; focus=Wrong：`把 DrvSetPointerShape 的预乘要求直接套到 CreateIconIndirect,Correct：`runtime.selectedTool` 保留批次选择，`runtime.tool` 只保存,float2 halfSize	diff semantics + H0 product source map	H0 tracked counterpart:Inkeys/Inkeys/Drawing/Draw3/Draw3.DrawingController.cpp,Inkeys/Inkeys/Drawing/Draw3/Draw3.PenCursor.cpp,Inkeys/Inkeys/Drawing/Draw3/Draw3.PenCursor.cppm,Inkeys/Inkeys/Drawing/Draw3/Draw3.RealtimeStylus.cpp… (11/11 changed code paths map)	静态未确认该历史差异带来的现存缺陷；生产行为与自动/真机回归由 Draw3 专项验证		静态差异与 H0 路径核对；未运行本批测试	Implement L0 transient drawing cursor (GPU backbuffer)
319	90cd1698b7b92f513cafd8908a11b1761f5b7eca	H0 reachable	workflow/docs	documentation/workflow	p1:2f,+37/-3,sha256:d8d7a8696281,paths:.trellis/workspace/AlanCRL/index.md,.trellis/workspace/AlanCRL/journal-1.md,hunks:4; focus=Replaced tangent-oriented highlighter geometry with a fixed 6.25x50px verti	diff content (documentation/workflow)	no runtime source path	不适用产品运行：仅规范、任务或 journal 内容变更；未修改运行时代码		静态差异与 H0 路径核对；未运行本批测试	chore: record journal
320	603ad09afdbdab6f7a5e901d6b0fd8ea8081c79d	H0 reachable	workflow/docs	documentation/workflow	p1:8f,+137/-137,sha256:00d00e0fd121,paths:.trellis/tasks/07-25-windows-ink-pen-cursor/design.md,.trellis/tasks/07-25-windows-ink-pen-cursor/implement.md,.trellis/tasks/07-25-windows-ink-pen-cursor/prd.md,.trellis/tasks/07-25-windows-ink-pen-cursor/task.json…,hunks:8; focus=file-level	diff content (documentation/workflow)	no runtime source path	不适用产品运行：仅规范、任务或 journal 内容变更；未修改运行时代码		静态差异与 H0 路径核对；未运行本批测试	chore(task): archive 07-25-windows-ink-pen-cursor
321	2af3c9b1e16193c034939c9c55e1b73e28e6dfcf	H0 reachable	Draw3	ordinary	p1:8f,+146/-76,sha256:5fa8e88ae9d5,paths:.trellis/spec/native/runtime-and-rendering.md,.trellis/tasks/07-25-windows-ink-pen-cursor/design.md,.trellis/tasks/07-25-windows-ink-pen-cursor/implement.md,.trellis/tasks/07-25-windows-ink-pen-cursor/prd.md…,hunks:20; focus=Wrong：`RTS 回调直接 SetCursor/ShowCursor；鼠标离开本窗口后仍由,Windows 8+ 的 `WM_POINTER*` 通过动态解析 `GetPointerType`/`GetPointerPenI,git diff --check	diff semantics + H0 product source map	H0 tracked counterpart:Inkeys/Inkeys/Drawing/Draw3/Draw3.DrawingController.cpp,Inkeys/Inkeys/Drawing/Draw3/Draw3.PenCursor.cpp,Inkeys/Inkeys/Drawing/Draw3/Draw3.PenCursor.cppm (3/3 changed code paths map)	静态未确认该历史差异带来的现存缺陷；生产行为与自动/真机回归由 Draw3 专项验证		静态差异与 H0 路径核对；未运行本批测试	Refine eraser cursor alpha handling
322	8c9d59a2c6853e78f11c0700c6c00811748a469f	H0 reachable	Draw3	ordinary	p1:2f,+3/-2,sha256:17a20495a8ce,paths:.trellis/spec/native/runtime-and-rendering.md,inkStrokeModelerTest/draw3/drawing_controller.cpp,hunks:2; focus=file-level	diff semantics + H0 product source map	H0 tracked counterpart:Inkeys/Inkeys/Drawing/Draw3/Draw3.DrawingController.cpp (1/1 changed code paths map)	静态未确认该历史差异带来的现存缺陷；生产行为与自动/真机回归由 Draw3 专项验证		静态差异与 H0 路径核对；未运行本批测试	Use canvas pixels for EraserGripCircle diameter
323	4373ba373791e8e1e3565da92a9e63a704eb5109	H0 reachable	Draw3	ordinary	p1:4f,+5/-5,sha256:9f1f2b93448e,paths:.trellis/spec/native/runtime-and-rendering.md,.trellis/tasks/07-25-windows-ink-pen-cursor/design.md,.trellis/tasks/07-25-windows-ink-pen-cursor/prd.md,inkStrokeModelerTest/draw3/drawing_controller.cpp,hunks:5; focus=Windows 8+ 的 `WM_POINTER*` 通过动态解析 `GetPointerType`/`GetPointerPenI	diff semantics + H0 product source map	H0 tracked counterpart:Inkeys/Inkeys/Drawing/Draw3/Draw3.DrawingController.cpp (1/1 changed code paths map)	静态未确认该历史差异带来的现存缺陷；生产行为与自动/真机回归由 Draw3 专项验证		静态差异与 H0 路径核对；未运行本批测试	Reduce pen cursor min diameter to 5px
324	a19ec4bf154bf2ce8b618c1f3392c932e4171551	H0 reachable	Draw3	feature	p1:14f,+339/-101,sha256:5322a20fbd45,paths:.trellis/spec/native/runtime-and-rendering.md,.trellis/tasks/07-25-windows-ink-pen-cursor/design.md,.trellis/tasks/07-25-windows-ink-pen-cursor/implement.md,.trellis/tasks/07-25-windows-ink-pen-cursor/prd.md…,hunks:43; focus=Windows 8+ 的 `WM_POINTER*` 通过动态解析 `GetPointerType`/`GetPointerPenI,git diff --check,export namespace draw3	diff semantics + H0 product source map	H0 tracked counterpart:Inkeys/Inkeys/Drawing/Draw3/Draw3.DrawingController.cpp,Inkeys/Inkeys/Drawing/Draw3/Draw3.InkPrediction.cpp,Inkeys/Inkeys/Drawing/Draw3/Draw3.InkPrediction.cppm,Inkeys/Inkeys/Drawing/Draw3/Draw3.PenCursor.cpp… (8/8 changed code paths map)	静态未确认该历史差异带来的现存缺陷；生产行为与自动/真机回归由 Draw3 专项验证		静态差异与 H0 路径核对；未运行本批测试	Add eraser cursor and hover/contact behavior
325	81f7bfd1741658b01db666746ab9f74540d28f7f	H0 reachable	Build,Draw3,Draw3-demo	feature	p1:19f,+883/-45,sha256:064d696f2758,paths:.trellis/spec/native/runtime-and-rendering.md,.trellis/tasks/07-25-windows-ink-pen-cursor/design.md,.trellis/tasks/07-25-windows-ink-pen-cursor/implement.md,.trellis/tasks/07-25-windows-ink-pen-cursor/prd.md…,hunks:57; focus=import draw3.haptic_feedback;,import draw3.contact_input;,export namespace draw3	diff semantics + H0 product source map	H0 tracked counterpart:Inkeys/Inkeys/Drawing/Draw3/Draw3.DrawingController.cpp,Inkeys/Inkeys/Drawing/Draw3/Draw3.PenCursor.cpp,Inkeys/Inkeys/Drawing/Draw3/Draw3.PenCursor.cppm,Inkeys/Inkeys/Drawing/Draw3/Draw3.RealtimeStylus.cpp… (7/8 changed code paths map)	静态未确认该历史差异带来的现存缺陷；生产行为与自动/真机回归由 Draw3 专项验证		静态差异与 H0 路径核对；未运行本批测试	Add window-scoped pen cursor with RTS integration
326	9aea16b7676adcd88c2ba35d12c4bc8543169598	H0 reachable	workflow/docs	documentation/workflow	p1:2f,+36/-2,sha256:46a9fe9e2d0d,paths:.trellis/workspace/AlanCRL/index.md,.trellis/workspace/AlanCRL/journal-1.md,hunks:4; focus=Completed 80ms interrupted-stroke retention and model reuse across pen, hig	diff content (documentation/workflow)	no runtime source path	不适用产品运行：仅规范、任务或 journal 内容变更；未修改运行时代码		静态差异与 H0 路径核对；未运行本批测试	chore: record journal
327	4a8b04d938b305e6cc1478424ed240f799e7e14e	H0 reachable	workflow/docs	documentation/workflow	p1:8f,+142/-142,sha256:defdfeaec668,paths:.trellis/tasks/07-19-highlighter-start-cap-stability/design.md,.trellis/tasks/07-19-highlighter-start-cap-stability/implement.md,.trellis/tasks/07-19-highlighter-start-cap-stability/prd.md,.trellis/tasks/07-19-highlighter-start-cap-stability/task.json…,hunks:8; focus=file-level	diff content (documentation/workflow)	no runtime source path	不适用产品运行：仅规范、任务或 journal 内容变更；未修改运行时代码		静态差异与 H0 路径核对；未运行本批测试	chore(task): archive 07-19-highlighter-start-cap-stability
328	e5ebc97c02e71bb8af5961b489f8448b47c84077	H0 reachable	Draw3,Draw3-demo,binary	fix	p1:21f,+345/-750,sha256:eb70e77e87ca,paths:.trellis/spec/guides/code-reuse-thinking-guide.md,.trellis/spec/guides/cross-layer-thinking-guide.md,.trellis/spec/native/quality-and-validation.md,.trellis/spec/native/runtime-and-rendering.md…,hunks:57; focus=Win32/HiEasyX message,MSBuild.exe .\inkStrokeModelerTest.sln /m /p:Configuration=Debug /p:Platfor,Release 运行指标用 `--metrics-output <json> --strict-metrics` 启用；关	diff semantics + H0 product source map	H0 tracked counterpart:Inkeys/Inkeys/Drawing/Draw3/Draw3.DrawingController.cpp,Inkeys/Inkeys/Drawing/Draw3/Draw3.InkPrediction.cpp,Inkeys/Inkeys/Drawing/Draw3/Draw3.InkPrediction.cppm,Inkeys/Inkeys/Drawing/Draw3/Draw3.Renderer.cppm… (8/8 changed code paths map)	静态未确认该历史差异带来的现存缺陷；生产行为与自动/真机回归由 Draw3 专项验证		静态差异与 H0 路径核对；未运行本批测试	fix(draw3): use fixed vertical highlighter nib
329	016ed57bfc348c6ff123b7c8b2b8362b85fa9aad	H0 reachable	Build,Draw3,Draw3-demo	feature	p1:13f,+1144/-5,sha256:a02f027f8960,paths:inkStrokeModelerTest/draw3/drawing_controller.cpp,inkStrokeModelerTest/draw3/drawing_controller.cppm,inkStrokeModelerTest/draw3/haptic_feedback.cpp,inkStrokeModelerTest/draw3/haptic_feedback.cppm…,hunks:37; focus=import draw3.diagnostics;,import draw3.contact_input;,export namespace draw3	diff semantics + H0 product source map	H0 tracked counterpart:Inkeys/Inkeys/Drawing/Draw3/Draw3.DrawingController.cpp,Inkeys/Inkeys/Drawing/Draw3/Draw3.DrawingController.cppm,Inkeys/Inkeys/Drawing/Draw3/Draw3.HapticFeedback.cpp,Inkeys/Inkeys/Drawing/Draw3/Draw3.HapticFeedback.cppm… (7/8 changed code paths map)	静态未确认该历史差异带来的现存缺陷；生产行为与自动/真机回归由 Draw3 专项验证		静态差异与 H0 路径核对；未运行本批测试	feat(draw3): add pen haptic feedback compatibility
330	fb8620fa101f098e55dce3ec330460bf35d4724e	H0 reachable	workflow/docs	documentation/workflow	p1:2f,+37/-3,sha256:90322c9c1950,paths:.trellis/workspace/AlanCRL/index.md,.trellis/workspace/AlanCRL/journal-1.md,hunks:4; focus=Added MPP2.0 inverted-pen eraser routing, pressure suppression, runtime tog	diff content (documentation/workflow)	no runtime source path	不适用产品运行：仅规范、任务或 journal 内容变更；未修改运行时代码		静态差异与 H0 路径核对；未运行本批测试	chore: record journal
331	d0b31fdc0cef4bccac33e446ba0578d10dcb66ab	H0 reachable	workflow/docs	documentation/workflow	p1:8f,+244/-244,sha256:9859c71ed3b4,paths:.trellis/tasks/07-21-rts-interrupted-stroke-reconnect/design.md,.trellis/tasks/07-21-rts-interrupted-stroke-reconnect/implement.md,.trellis/tasks/07-21-rts-interrupted-stroke-reconnect/prd.md,.trellis/tasks/07-21-rts-interrupted-stroke-reconnect/task.json…,hunks:8; focus=file-level	diff content (documentation/workflow)	no runtime source path	不适用产品运行：仅规范、任务或 journal 内容变更；未修改运行时代码		静态差异与 H0 路径核对；未运行本批测试	chore(task): archive 07-21-rts-interrupted-stroke-reconnect
332	6104fd5bcea2f56230f97c8d3e47ac43ba09692e	H0 reachable	Draw3,Draw3-demo	fix	p1:13f,+1331/-170,sha256:809f1086f017,paths:.trellis/spec/native/platform-and-resources.md,.trellis/spec/native/runtime-and-rendering.md,.trellis/tasks/07-21-rts-interrupted-stroke-reconnect/design.md,.trellis/tasks/07-21-rts-interrupted-stroke-reconnect/implement.md…,hunks:53; focus=DirectCompositionVisualTree,Correct：`Up 暂作 kMove 并保存快照；命中后把新 Down 作为原模,Wrong：`只用真实尾部 12px 弦方向和固定 32px 上限判断曲线断	diff semantics + H0 product source map	H0 tracked counterpart:Inkeys/Inkeys/Drawing/Draw3/Draw3.DrawingController.cpp,Inkeys/Inkeys/Drawing/Draw3/Draw3.InkPrediction.cpp,Inkeys/Inkeys/Drawing/Draw3/Draw3.InkPrediction.cppm,Inkeys/Inkeys/Drawing/Draw3/Draw3.RealtimeStylus.cpp… (6/7 changed code paths map)	静态未确认该历史差异带来的现存缺陷；生产行为与自动/真机回归由 Draw3 专项验证		静态差异与 H0 路径核对；未运行本批测试	fix(draw3): harden interrupted stroke reconnect
333	e60bc2013ed595a4742cd58611f467002985ee36	H0 reachable	Draw3	feature	p1:9f,+1454/-58,sha256:f81337ebbb1a,paths:.trellis/spec/native/runtime-and-rendering.md,.trellis/tasks/07-21-rts-interrupted-stroke-reconnect/design.md,.trellis/tasks/07-21-rts-interrupted-stroke-reconnect/implement.md,.trellis/tasks/07-21-rts-interrupted-stroke-reconnect/prd.md…,hunks:35; focus=export namespace draw3,int wmain(int argc, wchar_t* argv[])	diff semantics + H0 product source map	H0 tracked counterpart:Inkeys/Inkeys/Drawing/Draw3/Draw3.DrawingController.cpp,Inkeys/Inkeys/Drawing/Draw3/Draw3.InkPrediction.cpp,Inkeys/Inkeys/Drawing/Draw3/Draw3.InkPrediction.cppm (3/3 changed code paths map)	静态未确认该历史差异带来的现存缺陷；生产行为与自动/真机回归由 Draw3 专项验证		静态差异与 H0 路径核对；未运行本批测试	feat(draw3): reconnect interrupted strokes
334	baa3e264522f3a29a1be279cc87a7fbf8564c954	H0 reachable	workflow/docs	documentation/workflow	"p1:3f,+7/-2,sha256:1e8da92d939c,paths:.codex/config.toml,.trellis/tasks/07-18-rts-multicontact-rendering/prd.md,.trellis/tasks/07-19-rts-contact-pool-lock-free/implement.md,hunks:3; focus=project_doc_fallback_filenames = [""AGENTS.md""]"	diff content (documentation/workflow)	no runtime source path	不适用产品运行：仅规范、任务或 journal 内容变更；未修改运行时代码		静态差异与 H0 路径核对；未运行本批测试	20260721 1422 update
335	0ceb20afff66314d8b745601bdbaa345c04c21d5	H0 reachable	workflow/docs	documentation/workflow	p1:8f,+192/-184,sha256:9d73ce98a704,paths:.trellis/tasks/07-19-draw3-runtime-validation/design.md,.trellis/tasks/07-19-draw3-runtime-validation/implement.md,.trellis/tasks/07-19-draw3-runtime-validation/prd.md,.trellis/tasks/07-19-draw3-runtime-validation/task.json…,hunks:8; focus=file-level	diff content (documentation/workflow)	no runtime source path	不适用产品运行：仅规范、任务或 journal 内容变更；未修改运行时代码		静态差异与 H0 路径核对；未运行本批测试	chore(task): archive 07-19-draw3-runtime-validation
336	e403024535aede5cefdfd22701d260c534599be3	H0 reachable	workflow/docs	documentation/workflow	p1:2f,+38/-4,sha256:8e771155665e,paths:.trellis/workspace/AlanCRL/index.md,.trellis/workspace/AlanCRL/journal-1.md,hunks:5; focus=file-level	diff content (documentation/workflow)	no runtime source path	不适用产品运行：仅规范、任务或 journal 内容变更；未修改运行时代码		静态差异与 H0 路径核对；未运行本批测试	chore: record journal
337	8a097e95e3970b61a41280272127db080eafa02d	H0 reachable	workflow/docs	documentation/workflow	p1:4f,+87/-87,sha256:74958af43abb,paths:.trellis/tasks/00-bootstrap-guidelines/prd.md,.trellis/tasks/00-bootstrap-guidelines/task.json,.trellis/tasks/archive/2026-07/00-bootstrap-guidelines/prd.md,.trellis/tasks/archive/2026-07/00-bootstrap-guidelines/task.json,hunks:4; focus=file-level	diff content (documentation/workflow)	no runtime source path	不适用产品运行：仅规范、任务或 journal 内容变更；未修改运行时代码		静态差异与 H0 路径核对；未运行本批测试	chore(task): archive 00-bootstrap-guidelines
338	af3f6433b1b152241f3262347e376072bbc58918	H0 reachable	workflow/docs	documentation/workflow	p1:8f,+136/-136,sha256:b53ed0247d56,paths:.trellis/tasks/07-20-rts-inverted-pen-eraser/design.md,.trellis/tasks/07-20-rts-inverted-pen-eraser/implement.md,.trellis/tasks/07-20-rts-inverted-pen-eraser/prd.md,.trellis/tasks/07-20-rts-inverted-pen-eraser/task.json…,hunks:8; focus=file-level	diff content (documentation/workflow)	no runtime source path	不适用产品运行：仅规范、任务或 journal 内容变更；未修改运行时代码		静态差异与 H0 路径核对；未运行本批测试	chore(task): archive 07-20-rts-inverted-pen-eraser
339	b4484e8477884ea5f15b576dc85956835aa6e026	H0 reachable	Draw3	feature	p1:14f,+314/-17,sha256:b71165cbb44c,paths:.trellis/spec/native/runtime-and-rendering.md,.trellis/tasks/07-18-rts-multicontact-rendering/task.json,.trellis/tasks/07-20-rts-inverted-pen-eraser/design.md,.trellis/tasks/07-20-rts-inverted-pen-eraser/implement.md…,hunks:37; focus=Correct：`按当前 tablet PROPERTY_METRICS 归一化；Down 时从单原子设,export namespace draw3,int wmain(int argc, wchar_t* argv[])	diff semantics + H0 product source map	H0 tracked counterpart:Inkeys/Inkeys/Drawing/Draw3/Draw3.ContactInput.cpp,Inkeys/Inkeys/Drawing/Draw3/Draw3.ContactInput.cppm,Inkeys/Inkeys/Drawing/Draw3/Draw3.DrawingController.cpp,Inkeys/Inkeys/Drawing/Draw3/Draw3.DrawingController.cppm… (7/7 changed code paths map)	静态未确认该历史差异带来的现存缺陷；生产行为与自动/真机回归由 Draw3 专项验证		静态差异与 H0 路径核对；未运行本批测试	Add RTS inverted pen eraser support
340	7f7d2e2ddca615dc05fa22161128eac06ccf0bdd	H0 reachable	Build,Draw3	feature	p1:16f,+874/-37,sha256:d7dd222250c2,paths:.trellis/spec/native/runtime-and-rendering.md,.trellis/tasks/07-18-rts-multicontact-rendering/task.json,.trellis/tasks/07-20-rts-pen-pressure-stylus-state/design.md,.trellis/tasks/07-20-rts-pen-pressure-stylus-state/implement.md…,hunks:59; focus=export namespace draw3,export module draw3.ink_prediction;,import draw3.contact_input;	diff semantics + H0 product source map	H0 tracked counterpart:Inkeys/Inkeys/Drawing/Draw3/Draw3.ContactInput.cpp,Inkeys/Inkeys/Drawing/Draw3/Draw3.ContactInput.cppm,Inkeys/Inkeys/Drawing/Draw3/Draw3.DrawingController.cpp,Inkeys/Inkeys/Drawing/Draw3/Draw3.DrawingController.cppm… (8/8 changed code paths map)	静态未确认该历史差异带来的现存缺陷；生产行为与自动/真机回归由 Draw3 专项验证		静态差异与 H0 路径核对；未运行本批测试	Add RTS pressure and stylus state support
341	3d52b33d82c20fc3757b4056c44d627a4ca00d90	H0 reachable	Draw3	feature	p1:10f,+75/-28,sha256:c61595881fae,paths:.trellis/spec/guides/cross-layer-thinking-guide.md,.trellis/spec/native/runtime-and-rendering.md,.trellis/spec/open-questions.md,.trellis/tasks/07-18-rts-multicontact-rendering/design.md…,hunks:18; focus=Win32/HiEasyX message,liveTipDuration + predictionDuration,contact 结束时保持抬起前最后一帧的视觉结果：重建此前已经	diff semantics + H0 product source map	H0 tracked counterpart:Inkeys/Inkeys/Drawing/Draw3/Draw3.DrawingController.cpp,Inkeys/Inkeys/Drawing/Draw3/Draw3.InkPrediction.cpp,Inkeys/Inkeys/Drawing/Draw3/Draw3.InkPrediction.cppm (3/3 changed code paths map)	静态未确认该历史差异带来的现存缺陷；生产行为与自动/真机回归由 Draw3 专项验证		静态差异与 H0 路径核对；未运行本批测试	Add retainPredictionOnUp option for pen tail
342	8c29263c910a2ac076e5da993062bb79a712609f	H0 reachable	Build,Draw3,Draw3-demo	ordinary	p1:38f,+2552/-121,sha256:3da8af7e0e85,paths:.gitignore,.trellis/spec/native/quality-and-validation.md,.trellis/spec/native/runtime-and-rendering.md,.trellis/tasks/00-bootstrap-guidelines/prd.md…,hunks:100; focus=MSBuild.exe .\inkStrokeModelerTest.sln /m /p:Configuration=Debug /p:Platfor,MSBuild.exe .\inkStrokeModelerTest.sln /m /p:Configuration=Debug /p:Platfor,MSBuild.exe .\inkStrokeModelerTest.sln /m /p:Configuration=Debug /p:Platfor	diff semantics + H0 RTS/contact capacity and publication map	H0 tracked counterpart:Inkeys/Inkeys/Drawing/Draw3/Draw3.ContactInput.cpp,Inkeys/Inkeys/Drawing/Draw3/Draw3.ContactInput.cppm,Inkeys/Inkeys/Drawing/Draw3/Draw3.DrawingController.cpp,Inkeys/Inkeys/Drawing/Draw3/Draw3.DrawingController.cppm… (9/10 changed code paths map)	静态未确认现存竞态/越界；RTS 4096 槽边界与状态门仍在 H0；高并发设备行为未验证		静态差异与 H0 路径核对；未运行本批测试	Lock-free RTS pool, runtime metrics & tests
343	a40801a5c032bcb8e85e0ba386cc6aa7374d6244	H0 reachable	Draw3	ordinary	p1:4f,+47/-14,sha256:b886dbb9f80a,paths:.trellis/spec/guides/cross-layer-thinking-guide.md,.trellis/spec/native/runtime-and-rendering.md,.trellis/tasks/07-18-rts-multicontact-rendering/implement.md,inkStrokeModelerTest/draw3/drawing_controller.cpp,hunks:10; focus=Win32/HiEasyX message,liveTipDuration + predictionDuration,contact 结束时保留上一帧可见 L0，同时加入本帧最终真实输入	diff semantics + H0 product source map	H0 tracked counterpart:Inkeys/Inkeys/Drawing/Draw3/Draw3.DrawingController.cpp (1/1 changed code paths map)	静态未确认该历史差异带来的现存缺陷；生产行为与自动/真机回归由 Draw3 专项验证		静态差异与 H0 路径核对；未运行本批测试	Freeze last visible L0 on Up; avoid kUp reconnection
344	69de548db6fde60556f4279dca0281aa3e238112	H0 reachable	Draw3	ordinary	p1:9f,+314/-64,sha256:47cec2a88b6d,paths:.trellis/spec/native/runtime-and-rendering.md,.trellis/tasks/07-18-rts-multicontact-rendering/design.md,.trellis/tasks/07-18-rts-multicontact-rendering/implement.md,.trellis/tasks/07-18-rts-multicontact-rendering/prd.md…,hunks:54; focus=contact 结束时保留上一帧可见 L0，同时加入本帧最终真实输入,Up 先以 CAS 将路由从 `Producing` 关闭到 `Closing`，等待当前写者,Touch/Pen 使用缓存 `TabletDeviceKind` 区分；鼠标通过实时按键状	diff semantics + H0 product source map	H0 tracked counterpart:Inkeys/Inkeys/Drawing/Draw3/Draw3.DrawingController.cpp,Inkeys/Inkeys/Drawing/Draw3/Draw3.RealtimeStylus.cpp,Inkeys/Inkeys/Drawing/Draw3/Draw3.WindowControl.cpp (3/3 changed code paths map)	静态未确认该历史差异带来的现存缺陷；生产行为与自动/真机回归由 Draw3 专项验证		静态差异与 H0 路径核对；未运行本批测试	RTS multi-contact: unify scale & tools
345	3f1d6e6c6482773d55a84c6bc218577a1fca1a05	H0 reachable	Draw3	ordinary	p1:8f,+166/-26,sha256:8e3b6a5d4daa,paths:.trellis/spec/guides/cross-layer-thinking-guide.md,.trellis/spec/native/runtime-and-rendering.md,.trellis/tasks/07-18-rts-multicontact-rendering/research/first-device-test-failures.md,inkStrokeModelerTest/draw3/drawing_controller.cpp…,hunks:25; focus=Win32/HiEasyX message,contact 结束时保留上一帧可见 L0，同时加入本帧最终真实输入,Correct：`route 用 generation+state 精确交接；同帧全部 terminal conta	diff semantics + H0 product source map	H0 tracked counterpart:Inkeys/Inkeys/Drawing/Draw3/Draw3.DrawingController.cpp,Inkeys/Inkeys/Drawing/Draw3/Draw3.InkPrediction.cpp,Inkeys/Inkeys/Drawing/Draw3/Draw3.RealtimeStylus.cpp,Inkeys/Inkeys/Drawing/Draw3/Draw3.TransparentPresentation.cpp… (5/5 changed code paths map)	静态未确认该历史差异带来的现存缺陷；生产行为与自动/真机回归由 Draw3 专项验证		静态差异与 H0 路径核对；未运行本批测试	RTS multitouch, speed smoothing, and transparency
346	f9c9ee703001c0fe1f87cd8495c352773c2f2c0d	H0 reachable	Build,Draw3,Draw3-demo	feature	p1:23f,+2172/-75,sha256:20d8a1a77899,paths:.trellis/spec/native/runtime-and-rendering.md,.trellis/tasks/07-18-rts-multicontact-rendering/check.jsonl,.trellis/tasks/07-18-rts-multicontact-rendering/design.md,.trellis/tasks/07-18-rts-multicontact-rendering/implement.jsonl…,hunks:57; focus=liveTipDuration + predictionDuration,export namespace draw3,export module draw3.drawing_controller;	diff semantics + H0 RTS/contact capacity and publication map	H0 tracked counterpart:Inkeys/Inkeys/Drawing/Draw3/Draw3.ContactInput.cpp,Inkeys/Inkeys/Drawing/Draw3/Draw3.ContactInput.cppm,Inkeys/Inkeys/Drawing/Draw3/Draw3.Diagnostics.cpp,Inkeys/Inkeys/Drawing/Draw3/Draw3.Diagnostics.cppm… (12/13 changed code paths map)	静态未确认现存竞态/越界；RTS 4096 槽边界与状态门仍在 H0；高并发设备行为未验证		静态差异与 H0 路径核对；未运行本批测试	Add RTS multi-contact input and rendering
347	01a5db1d0f38eaa6153cd900989ceb0a94b15a5d	H0 reachable	Build,Draw3-demo,binary	feature	p1:17f,+603/-0,sha256:dba7e6b76b10,paths:.gitignore,.gitmodules,Directory.Build.props,Directory.Build.targets…,hunks:11; focus=file-level	diff semantics + standalone-source provenance	standalone Draw3 source/prototype; product import fc9a8b865cd8; no 1:1 path	历史独立 Draw3 源码；没有 H0 产品 1:1 文件，需按集成单元确认实际保留语义		静态差异与 H0 路径核对；未运行本批测试	Add vcpkg integration and EasyX assets
348	26a2759e994acc5b4ea2daf3db39259b460af28e	H0 reachable	workflow/docs	documentation/workflow	"p1:29f,+1099/-1277,sha256:95262c36dd95,paths:.trellis/spec/backend/database-guidelines.md,.trellis/spec/backend/directory-structure.md,.trellis/spec/backend/error-handling.md,.trellis/spec/backend/index.md…,hunks:29; focus=When you copy-paste or rewrite existing logic:,grep -r ""functionName"" .,grep -r ""keyword"" ."	diff content (documentation/workflow)	no runtime source path	不适用产品运行：仅规范、任务或 journal 内容变更；未修改运行时代码		静态差异与 H0 路径核对；未运行本批测试	Document project architecture and Trellis guidelines
349	a4e410f50a7c0a4c0798d36dd5b4ef7604798785	H0 reachable	workflow/docs	documentation/workflow	p1:110f,+16838/-0,sha256:90f9048a973c,paths:.agents/skills/trellis-before-dev/SKILL.md,.agents/skills/trellis-brainstorm/SKILL.md,.agents/skills/trellis-break-loop/SKILL.md,.agents/skills/trellis-channel/SKILL.md…,hunks:110; focus=file-level	diff content (documentation/workflow)	no runtime source path	不适用产品运行：仅规范、任务或 journal 内容变更；未修改运行时代码		静态差异与 H0 路径核对；未运行本批测试	Initialize Trellis for Codex
350	a31613ddc5a42dd4893d46e12ad7cb2a352bacba	H0 reachable	Draw3	ordinary	p1:1f,+3/-0,sha256:794ffdd9b4b9,paths:inkStrokeModelerTest/draw3/renderer.cpp,hunks:3; focus=file-level	diff semantics + H0 product source map	H0 tracked counterpart:Inkeys/Inkeys/Drawing/Draw3/Draw3.Renderer.cpp (1/1 changed code paths map)	静态未确认该历史差异带来的现存缺陷；生产行为与自动/真机回归由 Draw3 专项验证		静态差异与 H0 路径核对；未运行本批测试	Bind global CB to pixel shader
351	78e644cb0b6f52d8477895e672ceead841359af3	H0 reachable	Draw3,Draw3-demo,binary	feature	p1:11f,+326/-215,sha256:26c4707f50a0,paths:inkStrokeModelerTest/draw3/drawing_controller.cpp,inkStrokeModelerTest/draw3/drawing_controller.cppm,inkStrokeModelerTest/draw3/ink_prediction.cpp,inkStrokeModelerTest/draw3/ink_prediction.cppm…,hunks:50; focus=export namespace draw3,cbuffer ScreenBuffer : register(b0),StructuredBuffer<InkPoint> InkData : register(t0);	diff semantics + H0 product source map	H0 tracked counterpart:Inkeys/Inkeys/Drawing/Draw3/Draw3.DrawingController.cpp,Inkeys/Inkeys/Drawing/Draw3/Draw3.DrawingController.cppm,Inkeys/Inkeys/Drawing/Draw3/Draw3.InkPrediction.cpp,Inkeys/Inkeys/Drawing/Draw3/Draw3.InkPrediction.cppm… (9/9 changed code paths map)	静态未确认该历史差异带来的现存缺陷；生产行为与自动/真机回归由 Draw3 专项验证		静态差异与 H0 路径核对；未运行本批测试	Add operator-layer pipeline & eraser handling
352	49aafa8f04236d22b4cd7a0b3e8eeac1f43a4f87	H0 reachable	Build,Draw3,Draw3-demo,binary	ordinary	p1:12f,+661/-356,sha256:6884f9260520,paths:Inkeys_D3D11_Ink_Renderer_Refactor_Plan_Phase1_Update.md,inkStrokeModelerTest/draw3/drawing_controller.cpp,inkStrokeModelerTest/draw3/ink_prediction.cpp,inkStrokeModelerTest/draw3/ink_prediction.cppm…,hunks:39; focus=protectedDuration = liveTipDuration + predictionDuration,maxRadiusDelta = min(maxRadiusDeltaByTime, maxRadiusDeltaByDistance),maxAngleChange = 0.8 * pointDistance / radius	diff semantics + H0 product source map	H0 tracked counterpart:Inkeys/Inkeys/Drawing/Draw3/Draw3.DrawingController.cpp,Inkeys/Inkeys/Drawing/Draw3/Draw3.InkPrediction.cpp,Inkeys/Inkeys/Drawing/Draw3/Draw3.InkPrediction.cppm,Inkeys/Inkeys/Drawing/Draw3/Draw3.Renderer.cpp… (8/8 changed code paths map)	静态未确认该历史差异带来的现存缺陷；生产行为与自动/真机回归由 Draw3 专项验证		静态差异与 H0 路径核对；未运行本批测试	Introduce highlighter primitives and short-stroke handling
353	8706fb8ca82ba28ca2a6b274608645d52b8bb83d	H0 reachable	Draw3,Draw3-demo,binary	feature	p1:14f,+606/-103,sha256:aa4a90293bae,paths:Inkeys_D3D11_Ink_Renderer_Refactor_Plan_Phase1_Update.md,inkStrokeModelerTest/draw3/drawing_controller.cpp,inkStrokeModelerTest/draw3/drawing_controller.cppm,inkStrokeModelerTest/draw3/ink_prediction.cpp…,hunks:56; focus=protectedDuration = liveTipDuration + predictionDuration,maxRadiusDelta = min(maxRadiusDeltaByTime, maxRadiusDeltaByDistance),Kalman 参数继续跟随当前帧率预设，包括 `prediction_interval_second	diff semantics + H0 product source map	H0 tracked counterpart:Inkeys/Inkeys/Drawing/Draw3/Draw3.DrawingController.cpp,Inkeys/Inkeys/Drawing/Draw3/Draw3.DrawingController.cppm,Inkeys/Inkeys/Drawing/Draw3/Draw3.InkPrediction.cpp,Inkeys/Inkeys/Drawing/Draw3/Draw3.InkPrediction.cppm… (11/11 changed code paths map)	静态未确认该历史差异带来的现存缺陷；生产行为与自动/真机回归由 Draw3 专项验证		静态差异与 H0 路径核对；未运行本批测试	Add highlighter, sharp-strip shape & composite modes
354	6da463c12cd2ee199f6f1dd650675d0f7c75b24b	H0 reachable	Draw3,Draw3-demo,binary	ordinary	p1:5f,+60/-7,sha256:8270ff4f9cdf,paths:Inkeys_D3D11_Ink_Renderer_Refactor_Plan_Phase1_Update.md,inkStrokeModelerTest/draw3/ink_prediction.cpp,inkStrokeModelerTest/draw3/ink_prediction.cppm,inkStrokeModelerTest/inkPixelShader.cso…,hunks:8; focus=protectedDuration = liveTipDuration + predictionDuration,export namespace draw3,float sdUnevenCapsule_Vertical(float2 p, float r1, float r2, float h)	diff semantics + H0 product source map	H0 tracked counterpart:Inkeys/Inkeys/Drawing/Draw3/Draw3.InkPrediction.cpp,Inkeys/Inkeys/Drawing/Draw3/Draw3.InkPrediction.cppm,Inkeys/Inkeys/Drawing/Draw3/Assets/inkPixelShader.hlsl (3/3 changed code paths map)	静态未确认该历史差异带来的现存缺陷；生产行为与自动/真机回归由 Draw3 专项验证		静态差异与 H0 路径核对；未运行本批测试	Constrain radius transitions and capsule degeneracy
355	a6bf49057e3bc839d129450348697625415460c4	H0 reachable	Build,Draw3,Draw3-demo,binary	feature	p1:18f,+223/-111,sha256:ecb5c846ca20,paths:Inkeys_D3D11_Ink_Renderer_Refactor_Plan_Phase1_Update.md,inkStrokeModelerTest/draw3/drawing_controller.cpp,inkStrokeModelerTest/draw3/drawing_controller.cppm,inkStrokeModelerTest/draw3/ink_prediction.cpp…,hunks:56; focus=protectedDuration = liveTipDuration + predictionDuration,kActiveLiveTipLengthMode = LiveTipLengthMode::Normal;,Kalman 参数继续跟随当前帧率预设，包括 `prediction_interval_second	diff semantics + H0 product source map	H0 tracked counterpart:Inkeys/Inkeys/Drawing/Draw3/Draw3.DrawingController.cpp,Inkeys/Inkeys/Drawing/Draw3/Draw3.DrawingController.cppm,Inkeys/Inkeys/Drawing/Draw3/Draw3.InkPrediction.cpp,Inkeys/Inkeys/Drawing/Draw3/Draw3.InkPrediction.cppm… (13/14 changed code paths map)	静态未确认该历史差异带来的现存缺陷；生产行为与自动/真机回归由 Draw3 专项验证		静态差异与 H0 路径核对；未运行本批测试	Add eraser support and destination-out compositing
356	6ad4f0d31f03a1b090c31e39c1bf1b8a76535bdb	H0 reachable	Draw3	ordinary	p1:7f,+189/-178,sha256:b274e9dc5e7d,paths:inkStrokeModelerTest/draw3/drawing_controller.cpp,inkStrokeModelerTest/draw3/graphics_initialization.cpp,inkStrokeModelerTest/draw3/graphics_initialization.cppm,inkStrokeModelerTest/draw3/ink_prediction.cpp…,hunks:52; focus=export namespace draw3	diff semantics + H0 product source map	H0 tracked counterpart:Inkeys/Inkeys/Drawing/Draw3/Draw3.DrawingController.cpp,Inkeys/Inkeys/Drawing/Draw3/Draw3.GraphicsInitialization.cpp,Inkeys/Inkeys/Drawing/Draw3/Draw3.GraphicsInitialization.cppm,Inkeys/Inkeys/Drawing/Draw3/Draw3.InkPrediction.cpp… (7/7 changed code paths map)	静态未确认该历史差异带来的现存缺陷；生产行为与自动/真机回归由 Draw3 专项验证		静态差异与 H0 路径核对；未运行本批测试	Replace CComPtr with WRL::ComPtr
357	6a032a8c6f12150d3661ed71d40ed861d0d295b6	H0 reachable	Draw3,Draw3-demo	ordinary	p1:8f,+219/-157,sha256:4956e9423ca0,paths:inkStrokeModelerTest/draw3/diagnostics.cpp,inkStrokeModelerTest/draw3/drawing_controller.cpp,inkStrokeModelerTest/draw3/graphics_initialization.cpp,inkStrokeModelerTest/draw3/ink_prediction.cpp…,hunks:76; focus=int main()	diff semantics + H0 product source map	H0 tracked counterpart:Inkeys/Inkeys/Drawing/Draw3/Draw3.Diagnostics.cpp,Inkeys/Inkeys/Drawing/Draw3/Draw3.DrawingController.cpp,Inkeys/Inkeys/Drawing/Draw3/Draw3.GraphicsInitialization.cpp,Inkeys/Inkeys/Drawing/Draw3/Draw3.InkPrediction.cpp… (7/8 changed code paths map)	静态未确认该历史差异带来的现存缺陷；生产行为与自动/真机回归由 Draw3 专项验证		静态差异与 H0 路径核对；未运行本批测试	Improve transparent presentation and rendering stability
358	47f3b4c21e8e6a39195caf6f4f0a57ec72092c33	H0 reachable	Build,Draw3,Draw3-demo	feature	p1:19f,+2835/-3426,sha256:8801cace11d2,paths:inkStrokeModelerTest/draw3/diagnostics.cpp,inkStrokeModelerTest/draw3/diagnostics.cppm,inkStrokeModelerTest/draw3/drawing_controller.cpp,inkStrokeModelerTest/draw3/drawing_controller.cppm…,hunks:25; focus=LRESULT CALLBACK Draw3WndProc(HWND hWnd, UINT msg, WPARAM wParam, LPARAM lP,LRESULT CALLBACK Draw3WndProc(HWND hWnd, UINT msg, WPARAM wParam, LPARAM lP,LRESULT CALLBACK Draw3WndProc(HWND hWnd, UINT msg, WPARAM wParam, LPARAM lP	diff semantics + H0 product source map	H0 tracked counterpart:Inkeys/Inkeys/Drawing/Draw3/Draw3.Diagnostics.cpp,Inkeys/Inkeys/Drawing/Draw3/Draw3.Diagnostics.cppm,Inkeys/Inkeys/Drawing/Draw3/Draw3.DrawingController.cpp,Inkeys/Inkeys/Drawing/Draw3/Draw3.DrawingController.cppm… (14/17 changed code paths map)	静态未确认该历史差异带来的现存缺陷；生产行为与自动/真机回归由 Draw3 专项验证		静态差异与 H0 路径核对；未运行本批测试	Add draw3 rendering and ink prediction modules
359	c00701cb1a1180a131f856fafd058d40ea18d363	H0 reachable	Build	build	p1:1f,+6/-0,sha256:cdc3df423ed9,paths:inkStrokeModelerTest/inkStrokeModelerTest.vcxproj,hunks:6; focus=file-level	diff content (build/resource metadata)	build/resource metadata; product ABI/packaging validation separate	静态未确认工程错误；产物/ABI/资源与多架构构建须单独验证		静态差异与 H0 路径核对；未运行本批测试	Enable module dependency scanning in vcxproj
360	d9f253b65eb65df834c79148b937327ce125c1d3	H0 reachable	Draw3-demo	feature	p1:1f,+253/-13,sha256:43b237605f27,paths:inkStrokeModelerTest/main.cpp,hunks:15; focus=int main()	diff semantics + historical prototype/product mapping	standalone Draw3 source/prototype; product import fc9a8b865cd8; no 1:1 path	历史独立 demo main 非 H0 产品入口；同类设备/呈现合同按 H0 Draw3 模块复核，真机未验证		静态差异与 H0 路径核对；未运行本批测试	Add detailed DXGI/DWM diagnostic logging
361	1129002b034a18d8df2eb128ad59ffc9bb556a8e	H0 reachable	Draw3-demo	revert	p1:1f,+5/-28,sha256:217439e400f0,paths:inkStrokeModelerTest/main.cpp,hunks:3; focus=int main()	paired diff/revert + H0 presenter map	standalone Draw3 source/prototype; product import fc9a8b865cd8; no 1:1 path	历史 DComp prototype 选择与撤回；后续新 presenter 路径重建，H0 DWM 路由见 B2-001	B2-001	静态差异与 H0 路径核对；未运行本批测试	"Revert ""Use DirectComposition and centered half-window"""
362	43513095ea9be87cefeb2e8859ddc830c92b0a1d	H0 reachable	Draw3-demo	ordinary	p1:1f,+28/-5,sha256:6dcdbd272005,paths:inkStrokeModelerTest/main.cpp,hunks:3; focus=int main()	paired diff/revert + H0 presenter map	standalone Draw3 source/prototype; product import fc9a8b865cd8; no 1:1 path	历史 DComp prototype 选择与撤回；后续新 presenter 路径重建，H0 DWM 路由见 B2-001	B2-001	静态差异与 H0 路径核对；未运行本批测试	Use DirectComposition and centered half-window
363	0e1d1d5d48b639240cc03e044d649229b1fba6d7	H0 reachable	Draw3-demo	ordinary	p1:1f,+31/-32,sha256:46d102430f8b,paths:inkStrokeModelerTest/main.cpp,hunks:14; focus=file-level	diff semantics + H0 presenter/fallback path	standalone Draw3 source/prototype; product import fc9a8b865cd8; no 1:1 path	已映射 H0 presenter；FLIP_SEQUENTIAL 保留；自动/强制路径仍可选 DWM，见 B2-001；Win7 device runtime 未验证	B2-001	静态差异与 H0 路径核对；未运行本批测试	Formalize DwmBlurBehind2 present mode
364	fe5af1ad14fe152389493096f5a0db617ff94261	H0 reachable	Draw3-demo	feature	p1:1f,+214/-89,sha256:6546b84b0cd8,paths:inkStrokeModelerTest/main.cpp,hunks:29; focus=LRESULT CALLBACK Draw3WndProc(HWND hWnd, UINT msg, WPARAM wParam, LPARAM lP,LRESULT CALLBACK Draw3WndProc(HWND hWnd, UINT msg, WPARAM wParam, LPARAM lP,LRESULT CALLBACK Draw3WndProc(HWND hWnd, UINT msg, WPARAM wParam, LPARAM lP	diff semantics + H0 presenter/fallback path	standalone Draw3 source/prototype; product import fc9a8b865cd8; no 1:1 path	已映射 H0 presenter；FLIP_SEQUENTIAL 保留；自动/强制路径仍可选 DWM，见 B2-001；Win7 device runtime 未验证	B2-001	静态差异与 H0 路径核对；未运行本批测试	Add DwmBlur2 glass mode and refactor styles
365	a97607b6c208f76d687863708fc354b42f4a699d	H0 reachable	Draw3-demo	ordinary	p1:1f,+13/-4,sha256:ac5712f49907,paths:inkStrokeModelerTest/main.cpp,hunks:3; focus=file-level	diff semantics + H0 presenter/fallback path	standalone Draw3 source/prototype; product import fc9a8b865cd8; no 1:1 path	FLIP_SEQUENTIAL 在当前 H0 presenter 保留，符合用户目标环境实测约束；旧 DWM alpha 重试属后续需禁用路径		静态差异与 H0 路径核对；未运行本批测试	Use flip swapchain and retry unspecified alpha
366	4aaf4a23314ab08237f445a2792451082dd02be1	H0 reachable	Draw3-demo	ordinary	p1:1f,+2/-10,sha256:3ca92af129b5,paths:inkStrokeModelerTest/main.cpp,hunks:1; focus=file-level	diff semantics + historical prototype/product mapping	standalone Draw3 source/prototype; product import fc9a8b865cd8; no 1:1 path	历史独立 demo main 非 H0 产品入口；同类设备/呈现合同按 H0 Draw3 模块复核，真机未验证		静态差异与 H0 路径核对；未运行本批测试	Fail early if premultiplied alpha unsupported
367	0147bde7b2d1ef7cc3e1d200704febae66c22cfe	H0 reachable	Draw3-demo	ordinary	p1:1f,+12/-2,sha256:19592a2249bc,paths:inkStrokeModelerTest/main.cpp,hunks:2; focus=int main()	diff semantics + H0 presenter/fallback path	standalone Draw3 source/prototype; product import fc9a8b865cd8; no 1:1 path	已映射 H0 presenter；FLIP_SEQUENTIAL 保留；自动/强制路径仍可选 DWM，见 B2-001；Win7 device runtime 未验证	B2-001	静态差异与 H0 路径核对；未运行本批测试	Check DComp API before using DComp styles
368	bf287723b812ad01a7659304eb6691e3e52eb3de	H0 reachable	Draw3-demo	feature	p1:2f,+445/-111,sha256:22a13e182240,paths:inkStrokeModelerTest/main.cpp,inkStrokeModelerTest/renderer.h,hunks:20; focus=int main(),public:	diff semantics + H0 presenter/fallback path	standalone Draw3 source/prototype; product import fc9a8b865cd8; no 1:1 path	已映射 H0 presenter；FLIP_SEQUENTIAL 保留；自动/强制路径仍可选 DWM，见 B2-001；Win7 device runtime 未验证	B2-001	静态差异与 H0 路径核对；未运行本批测试	Add transparent present fallback & logging
369	9fff3495445c72e2efbbbe58bd8026d26b455ace	H0 reachable	Draw3-demo	feature	p1:1f,+246/-63,sha256:8e1fe96536fc,paths:inkStrokeModelerTest/main.cpp,hunks:15; focus=LRESULT CALLBACK Draw3WndProc(HWND hWnd, UINT msg, WPARAM wParam, LPARAM lP,LRESULT CALLBACK Draw3WndProc(HWND hWnd, UINT msg, WPARAM wParam, LPARAM lP,LRESULT CALLBACK Draw3WndProc(HWND hWnd, UINT msg, WPARAM wParam, LPARAM lP	diff semantics + H0 presenter/fallback path	standalone Draw3 source/prototype; product import fc9a8b865cd8; no 1:1 path	已映射 H0 presenter；FLIP_SEQUENTIAL 保留；自动/强制路径仍可选 DWM，见 B2-001；Win7 device runtime 未验证	B2-001	静态差异与 H0 路径核对；未运行本批测试	Add DirectComposition visual-tree presenter
370	f017a3811896c5d136553ff9c5642ec695644844	H0 reachable	Draw3-demo	ordinary	p1:1f,+4/-1,sha256:b93220e287ee,paths:inkStrokeModelerTest/main.cpp,hunks:1; focus=void LogFrameTiming(	diff semantics + historical prototype/product mapping	standalone Draw3 source/prototype; product import fc9a8b865cd8; no 1:1 path	历史独立 demo main 非 H0 产品入口；同类设备/呈现合同按 H0 Draw3 模块复核，真机未验证		静态差异与 H0 路径核对；未运行本批测试	Log logic FPS in frame timing output
371	2e2a2586c10820bfcbacf0be61ce9eb8368810da	H0 reachable	Draw3-demo	ordinary	p1:1f,+79/-6,sha256:ec706baab980,paths:inkStrokeModelerTest/main.cpp,hunks:11; focus=LRESULT CALLBACK Draw3WndProc(HWND hWnd, UINT msg, WPARAM wParam, LPARAM lP,LRESULT CALLBACK Draw3WndProc(HWND hWnd, UINT msg, WPARAM wParam, LPARAM lP,int main()	diff semantics + H0 presenter/fallback path	standalone Draw3 source/prototype; product import fc9a8b865cd8; no 1:1 path	已映射 H0 presenter；FLIP_SEQUENTIAL 保留；自动/强制路径仍可选 DWM，见 B2-001；Win7 device runtime 未验证	B2-001	静态差异与 H0 路径核对；未运行本批测试	Handle DWM blur-behind full presents
372	719ef85ea58ae3a1f1e7812a63a816b209364df2	H0 reachable	Draw3-demo	ordinary	p1:2f,+157/-11,sha256:3cd1d4e85297,paths:inkStrokeModelerTest/main.cpp,inkStrokeModelerTest/renderer.h,hunks:14; focus=LRESULT CALLBACK Draw3WndProc(HWND hWnd, UINT msg, WPARAM wParam, LPARAM lP,LRESULT CALLBACK Draw3WndProc(HWND hWnd, UINT msg, WPARAM wParam, LPARAM lP,LRESULT CALLBACK Draw3WndProc(HWND hWnd, UINT msg, WPARAM wParam, LPARAM lP	diff semantics + H0 presenter/fallback path	standalone Draw3 source/prototype; product import fc9a8b865cd8; no 1:1 path	已映射 H0 presenter；FLIP_SEQUENTIAL 保留；自动/强制路径仍可选 DWM，见 B2-001；Win7 device runtime 未验证	B2-001	静态差异与 H0 路径核对；未运行本批测试	支持 Win7 DWM Blur Behind 毛玻璃透明模式
373	fc75b6318d15fe655c567eff72dc4a9446251cc4	H0 reachable	Draw3-demo	ordinary	p1:1f,+262/-21,sha256:7c1a9123c09f,paths:inkStrokeModelerTest/main.cpp,hunks:6; focus=LRESULT CALLBACK Draw3WndProc(HWND hWnd, UINT msg, WPARAM wParam, LPARAM lP	diff semantics + historical prototype/product mapping	standalone Draw3 source/prototype; product import fc9a8b865cd8; no 1:1 path	历史独立 demo main 非 H0 产品入口；同类设备/呈现合同按 H0 Draw3 模块复核，真机未验证		静态差异与 H0 路径核对；未运行本批测试	自定义无边框窗口装饰与命中测试支持
374	3a5aca79c0b4e6c216d86084eb9b573581d1b576	H0 reachable	Draw3-demo	ordinary	p1:2f,+331/-36,sha256:5a9620fdd503,paths:inkStrokeModelerTest/main.cpp,inkStrokeModelerTest/renderer.h,hunks:11; focus=void CompositeLayersToBackBuffer(RECT dirty),int main(),using namespace std;	diff semantics + historical prototype/product mapping	standalone Draw3 source/prototype; product import fc9a8b865cd8; no 1:1 path	历史独立 demo main 非 H0 产品入口；同类设备/呈现合同按 H0 Draw3 模块复核，真机未验证		静态差异与 H0 路径核对；未运行本批测试	支持透明窗口合成与脏区刷新
375	78cda7e9a52515ec280d6471486a53af680110e9	H0 reachable	Draw3-demo	ordinary	p1:1f,+5/-4,sha256:3efb87447760,paths:inkStrokeModelerTest/renderer.h,hunks:1; focus=public:	diff semantics + standalone-source provenance	standalone Draw3 source/prototype; product import fc9a8b865cd8; no 1:1 path	历史独立 Draw3 源码；没有 H0 产品 1:1 文件，需按集成单元确认实际保留语义		静态差异与 H0 路径核对；未运行本批测试	优化画笔混合模式以避免边缘叠加变厚
376	fa09dcfe68ca11a356effa8b4ca5b1979bb7118b	H0 reachable	Draw3-demo	ordinary	p1:2f,+263/-66,sha256:5e66241935a9,paths:inkStrokeModelerTest/main.cpp,inkStrokeModelerTest/renderer.h,hunks:15; focus=RECT RectFromStrokePoints(,void ApplyLiveTipTaper(vector<InkPoint>& points, double liveTipDurationSeco,void ApplyLiveTipTaper(vector<InkPoint>& points, double liveTipDurationSeco	diff semantics + historical prototype/product mapping	standalone Draw3 source/prototype; product import fc9a8b865cd8; no 1:1 path	历史独立 demo main 非 H0 产品入口；同类设备/呈现合同按 H0 Draw3 模块复核，真机未验证		静态差异与 H0 路径核对；未运行本批测试	优化鼠标单指实时绘制循环
377	715b453eae8de9416b3204921e5b80f2dded08cb	H0 reachable	Draw3-demo	ordinary	p1:2f,+176/-41,sha256:6899dd97abdf,paths:inkStrokeModelerTest/main.cpp,inkStrokeModelerTest/renderer.h,hunks:11; focus=LRESULT CALLBACK Draw3WndProc(HWND hWnd, UINT msg, WPARAM wParam, LPARAM lP,int main(),public:	diff semantics + historical prototype/product mapping	standalone Draw3 source/prototype; product import fc9a8b865cd8; no 1:1 path	历史独立 demo main 非 H0 产品入口；同类设备/呈现合同按 H0 Draw3 模块复核，真机未验证		静态差异与 H0 路径核对；未运行本批测试	支持自动设备重建
378	39a7aca0641c52e832ce1759aa931d535fd64bb5	H0 reachable	Draw3-demo	ordinary	p1:1f,+15/-17,sha256:8ca8da955812,paths:inkStrokeModelerTest/main.cpp,hunks:5; focus=RECT ClampRectToCanvas(RECT rect),void CompositeLayersToBackBuffer(RECT dirty),void PresentDirty(IDXGISwapChain1* swapChain, RECT dirty, bool isFirstFrame	diff semantics + historical prototype/product mapping	standalone Draw3 source/prototype; product import fc9a8b865cd8; no 1:1 path	历史独立 demo main 非 H0 产品入口；同类设备/呈现合同按 H0 Draw3 模块复核，真机未验证		静态差异与 H0 路径核对；未运行本批测试	修复脏区错误
379	4a392898d42a0de97be675317062a7d11f2109b5	H0 reachable	Draw3-demo	ordinary	p1:3f,+496/-152,sha256:f1410adae8aa,paths:Inkeys_D3D11_Ink_Renderer_Refactor_Plan_Phase1_Update.md,inkStrokeModelerTest/main.cpp,inkStrokeModelerTest/renderer.h,hunks:18; focus=void UnionRectInPlace(RECT& target, const RECT& add),int main(),public:	diff semantics + historical prototype/product mapping	standalone Draw3 source/prototype; product import fc9a8b865cd8; no 1:1 path	历史独立 demo main 非 H0 产品入口；同类设备/呈现合同按 H0 Draw3 模块复核，真机未验证		静态差异与 H0 路径核对；未运行本批测试	L0 加入 实时笔锋 和 墨迹预测 登场
380	add8c0fc385f9908fe05f54dbf3c2ab395e7066a	H0 reachable	Draw3-demo	ordinary	p1:1f,+99/-13,sha256:036af8370fcb,paths:inkStrokeModelerTest/main.cpp,hunks:4; focus=int main()	diff semantics + historical prototype/product mapping	standalone Draw3 source/prototype; product import fc9a8b865cd8; no 1:1 path	历史独立 demo main 非 H0 产品入口；同类设备/呈现合同按 H0 Draw3 模块复核，真机未验证		静态差异与 H0 路径核对；未运行本批测试	开启手抖修正 + 新增帧率预设档位
381	8cc5f8b837030fcac65b5c10633237be25cceb2b	H0 reachable	Draw3-demo,binary	ordinary	p1:4f,+101/-13,sha256:330831f44e00,paths:inkStrokeModelerTest/inkPixelShader.cso,inkStrokeModelerTest/inkPixelShader.hlsl,inkStrokeModelerTest/main.cpp,inkStrokeModelerTest/renderer.h,hunks:15; focus=float4 main(PS_INPUT input) : SV_Target,int main(),public:	diff semantics + historical prototype/product mapping	H0 tracked counterpart:Inkeys/Inkeys/Drawing/Draw3/Assets/inkPixelShader.hlsl (1/3 changed code paths map)	历史独立 demo main 非 H0 产品入口；同类设备/呈现合同按 H0 Draw3 模块复核，真机未验证		静态差异与 H0 路径核对；未运行本批测试	实现 L1 L2 与 alpha 混合的引入
382	b10ceb2773218aa207b052855643f702a3fcb57a	H0 reachable	Draw3-demo,binary	ordinary	p1:5f,+32/-0,sha256:4cce42b005a4,paths:inkStrokeModelerTest/ink.hlsli,inkStrokeModelerTest/inkPixelShader.cso,inkStrokeModelerTest/inkPixelShader.hlsl,inkStrokeModelerTest/inkVertexShader.cso…,hunks:5; focus=StructuredBuffer<InkPoint> InkData : register(t0);,struct PS_INPUT,float4 main(PS_INPUT input) : SV_Target	diff semantics + H0 product source map	H0 tracked counterpart:Inkeys/Inkeys/Drawing/Draw3/Assets/ink.hlsli,Inkeys/Inkeys/Drawing/Draw3/Assets/inkPixelShader.hlsl,Inkeys/Inkeys/Drawing/Draw3/Assets/inkVertexShader.hlsl (3/3 changed code paths map)	静态未确认该历史差异带来的现存缺陷；生产行为与自动/真机回归由 Draw3 专项验证		静态差异与 H0 路径核对；未运行本批测试	增加了一个着色器透明混合的功能实现
383	08ac58a24a2bf8a17436d23773fdcabcd0c92b0e	H0 reachable	Build,Draw3-demo,binary	merge	p1:8f,+135/-2266,sha256:5dd492626d86,paths:inkStrokeModelerTest/inkPixelShader.cso,inkStrokeModelerTest/inkVertexShader.cso,inkStrokeModelerTest/main.cpp,inkStrokeModelerTest/main.h…,hunks:10 | p2:34f,+2155/-0,sha256:a3ec660361bb,paths:ResTest/DirectInkPresenter/.gitattributes,ResTest/DirectInkPresenter/.gitignore,ResTest/DirectInkPresenter/DirectInkPresenter.sln,ResTest/DirectInkPresenter/DirectInkPresenter/Application.cpp…,hunks:31; focus=int main(),public:	two-parent diffs + combined merge inspection	standalone Draw3 source/prototype; product import fc9a8b865cd8; no 1:1 path	已审合并范围：old demo lineage; combined diff empty, no unique conflict-resolution patch		静态差异与 H0 路径核对；未运行本批测试	Merge branch 'main' of https://github.com/Alan-CRL/Inkeys3-Draw3
384	dd59c51a48b1add1638ffbd1565812277a4945fa	H0 reachable	Draw3-demo	ordinary	p1:6f,+3/-2238,sha256:d4357ef65527,paths:inkStrokeModelerTest/main.cpp,inkStrokeModelerTest/main.h,inkStrokeModelerTest/main2.cpp,inkStrokeModelerTest/main3.cpp…,hunks:6; focus=int main(),public:	diff semantics + historical prototype/product mapping	standalone Draw3 source/prototype; product import fc9a8b865cd8; no 1:1 path	历史独立 demo main 非 H0 产品入口；同类设备/呈现合同按 H0 Draw3 模块复核，真机未验证		静态差异与 H0 路径核对；未运行本批测试	Remove legacy test files; update window size & GPU call
385	19b215016091f75d8fc840d3aa70331d5df51a61	H0 reachable	Draw3-demo,binary	feature	p1:3f,+132/-28,sha256:f2ee1105993b,paths:inkStrokeModelerTest/inkPixelShader.cso,inkStrokeModelerTest/inkVertexShader.cso,inkStrokeModelerTest/main.cpp,hunks:4; focus=int main()	diff semantics + H0 device/input/failure-path inspection	standalone Draw3 source/prototype; product import fc9a8b865cd8; no 1:1 path	静态映射：H0 有 11_1→11_0、HARDWARE→WARP 与输入边界保护；Win7 FL11 有/无真实运行未验证		静态差异与 H0 路径核对；未运行本批测试	Add D3D11 device fallback and diagnostics
386	7151e456186c2e3976e156946d65917cdd33e581	H0 reachable	Build,binary	build	p1:34f,+2155/-0,sha256:a3ec660361bb,paths:ResTest/DirectInkPresenter/.gitattributes,ResTest/DirectInkPresenter/.gitignore,ResTest/DirectInkPresenter/DirectInkPresenter.sln,ResTest/DirectInkPresenter/DirectInkPresenter/Application.cpp…,hunks:31; focus=file-level	diff content (build/resource metadata)	build/resource metadata; product ABI/packaging validation separate	静态未确认工程错误；产物/ABI/资源与多架构构建须单独验证		静态差异与 H0 路径核对；未运行本批测试	20260516 1233 update
387	e1cca0b19edb6b567f73c1eb8505336d7e0c87e0	H0 reachable	Draw3-demo	feature	p1:3f,+117/-22,sha256:4f41c620529b,paths:.gitignore,inkStrokeModelerTest/main.cpp,inkStrokeModelerTest/renderer.h,hunks:14; focus=InkRenderer inkRenderer;,void UnionRectInPlace(RECT& target, const RECT& add),int main()	diff semantics + historical prototype/product mapping	standalone Draw3 source/prototype; product import fc9a8b865cd8; no 1:1 path	历史独立 demo main 非 H0 产品入口；同类设备/呈现合同按 H0 Draw3 模块复核，真机未验证		静态差异与 H0 路径核对；未运行本批测试	Add canvas clear, brush/eraser flags and blends
388	3f45824f0403da31f05723084ee446b9b01ac660	H0 reachable	Draw3-demo	ordinary	p1:1f,+41/-33,sha256:7e64b250bd4c,paths:inkStrokeModelerTest/main.cpp,hunks:5; focus=int main()	diff semantics + historical prototype/product mapping	standalone Draw3 source/prototype; product import fc9a8b865cd8; no 1:1 path	历史独立 demo main 非 H0 产品入口；同类设备/呈现合同按 H0 Draw3 模块复核，真机未验证		静态差异与 H0 路径核对；未运行本批测试	20260207 1530 update
389	df33b96ff417e92ae38e5bb9a647d70ebf44faad	H0 reachable	Draw3-demo	ordinary	p1:2f,+1/-95,sha256:89470fae6253,paths:inkStrokeModelerTest/main.cpp,inkStrokeModelerTest/renderer.h,hunks:5; focus=int main(),public:	diff semantics + historical prototype/product mapping	standalone Draw3 source/prototype; product import fc9a8b865cd8; no 1:1 path	历史独立 demo main 非 H0 产品入口；同类设备/呈现合同按 H0 Draw3 模块复核，真机未验证		静态差异与 H0 路径核对；未运行本批测试	20251212 1758 update
390	3f25676f2407ba1ed3b289226e621628c48b8c0d	H0 reachable	Draw3-demo,binary	ordinary	p1:6f,+245/-21,sha256:6690751cbaee,paths:inkStrokeModelerTest/ink.hlsli,inkStrokeModelerTest/inkPixelShader.cso,inkStrokeModelerTest/inkPixelShader.hlsl,inkStrokeModelerTest/inkVertexShader.cso…,hunks:12; focus=struct InkPoint,float4 main(PS_INPUT input) : SV_Target,InkRenderer inkRenderer;	diff semantics + historical prototype/product mapping	H0 tracked counterpart:Inkeys/Inkeys/Drawing/Draw3/Assets/ink.hlsli,Inkeys/Inkeys/Drawing/Draw3/Assets/inkPixelShader.hlsl (2/4 changed code paths map)	历史独立 demo main 非 H0 产品入口；同类设备/呈现合同按 H0 Draw3 模块复核，真机未验证		静态差异与 H0 路径核对；未运行本批测试	20251212 1748 update
391	60fddfe89f441ccc744cb9102ef6a1f358d726bd	H0 reachable	Build,Draw3-demo,binary	ordinary	p1:8f,+489/-436,sha256:45039cf86c0f,paths:inkStrokeModelerTest/ink.hlsli,inkStrokeModelerTest/inkPixelShader.cso,inkStrokeModelerTest/inkPixelShader.hlsl,inkStrokeModelerTest/inkStrokeModelerTest.vcxproj…,hunks:18; focus=cbuffer ScreenBuffer : register(b0),struct VS_INPUT,struct PS_INPUT	diff semantics + historical prototype/product mapping	H0 tracked counterpart:Inkeys/Inkeys/Drawing/Draw3/Assets/ink.hlsli,Inkeys/Inkeys/Drawing/Draw3/Assets/inkPixelShader.hlsl,Inkeys/Inkeys/Drawing/Draw3/Assets/inkVertexShader.hlsl (3/5 changed code paths map)	历史独立 demo main 非 H0 产品入口；同类设备/呈现合同按 H0 Draw3 模块复核，真机未验证		静态差异与 H0 路径核对；未运行本批测试	20251210 1503 update
392	9c09ba99b1a4cb6e02f1d9cc86ee34c7451e2258	H0 reachable	Draw3-demo,binary	ordinary	p1:3f,+87/-85,sha256:7e193b980c66,paths:inkStrokeModelerTest/inkPixelShader.cso,inkStrokeModelerTest/inkPixelShader.hlsl,inkStrokeModelerTest/renderer.h,hunks:11; focus=float4 main(PS_INPUT input) : SV_Target,inline uint32_t PackColor(const XMFLOAT4& color),struct InkVertex	diff semantics + H0 product source map	H0 tracked counterpart:Inkeys/Inkeys/Drawing/Draw3/Assets/inkPixelShader.hlsl (1/2 changed code paths map)	静态未确认该历史差异带来的现存缺陷；生产行为与自动/真机回归由 Draw3 专项验证		静态差异与 H0 路径核对；未运行本批测试	20251208 1322 update
393	205f9f524cdfb50f82b24fa886273b0ea64a1712	H0 reachable	Draw3-demo,binary	ordinary	p1:8f,+466/-983,sha256:368ac75b4d4f,paths:inkStrokeModelerTest/ink.hlsli,inkStrokeModelerTest/inkPixelShader.cso,inkStrokeModelerTest/inkPixelShader.hlsl,inkStrokeModelerTest/inkVertexShader.cso…,hunks:16; focus=cbuffer ScreenBuffer : register(b0),struct VS_INPUT,struct PS_INPUT	diff semantics + historical prototype/product mapping	H0 tracked counterpart:Inkeys/Inkeys/Drawing/Draw3/Assets/ink.hlsli,Inkeys/Inkeys/Drawing/Draw3/Assets/inkPixelShader.hlsl,Inkeys/Inkeys/Drawing/Draw3/Assets/inkVertexShader.hlsl (3/6 changed code paths map)	历史独立 demo main 非 H0 产品入口；同类设备/呈现合同按 H0 Draw3 模块复核，真机未验证		静态差异与 H0 路径核对；未运行本批测试	20251208 1201 update
394	4f049a2f0927de0e944b1d481b345dcad94994a7	H0 reachable	Draw3-demo,binary	ordinary	p1:5f,+195/-234,sha256:c588e11ea235,paths:inkStrokeModelerTest/ink.hlsli,inkStrokeModelerTest/inkPixelShader.hlsl,inkStrokeModelerTest/inkVertexShader.cso,inkStrokeModelerTest/inkVertexShader.hlsl…,hunks:12; focus=cbuffer ScreenBuffer : register(b0),struct VS_INPUT,struct PS_INPUT	diff semantics + H0 product source map	H0 tracked counterpart:Inkeys/Inkeys/Drawing/Draw3/Assets/ink.hlsli,Inkeys/Inkeys/Drawing/Draw3/Assets/inkPixelShader.hlsl,Inkeys/Inkeys/Drawing/Draw3/Assets/inkVertexShader.hlsl (3/4 changed code paths map)	静态未确认该历史差异带来的现存缺陷；生产行为与自动/真机回归由 Draw3 专项验证		静态差异与 H0 路径核对；未运行本批测试	20251201 1333 update
395	e467affe2666ac4dc4edeed1f9670b3b166e4d8c	H0 reachable	Build,Draw3-demo,binary	ordinary	p1:11f,+98/-97,sha256:1439b6b7d9d9,paths:inkStrokeModelerTest/inkPixelShader.cso,inkStrokeModelerTest/inkPixelShader.hlsl,inkStrokeModelerTest/inkStrokeModelerTest.vcxproj,inkStrokeModelerTest/lib/lib32/ink_stroke_modeler_combined.lib…,hunks:14; focus=float sdUnevenCapsule_Vertical(float2 p, float r1, float r2, float h),int main(),struct InkVertex	diff semantics + historical prototype/product mapping	H0 tracked counterpart:Inkeys/Inkeys/Drawing/Draw3/Assets/inkPixelShader.hlsl (1/4 changed code paths map)	历史独立 demo main 非 H0 产品入口；同类设备/呈现合同按 H0 Draw3 模块复核，真机未验证		静态差异与 H0 路径核对；未运行本批测试	20251129 2253 update
396	632395c66c7ac66fe708f6db216a630cfd4baa0c	H0 reachable	Build,Draw3-demo	ordinary	p1:4f,+1005/-9,sha256:72dbe13ec9a2,paths:inkStrokeModelerTest/inkStrokeModelerTest.vcxproj,inkStrokeModelerTest/main.cpp,inkStrokeModelerTest/main.h,inkStrokeModelerTest/renderer.h,hunks:14; focus=int main(),CComPtr<ID3D11Device> d3dDevice_HARDWARE;,public:	diff semantics + historical prototype/product mapping	standalone Draw3 source/prototype; product import fc9a8b865cd8; no 1:1 path	历史独立 demo main 非 H0 产品入口；同类设备/呈现合同按 H0 Draw3 模块复核，真机未验证		静态差异与 H0 路径核对；未运行本批测试	20251125 2200 update
397	f3070dd508be58df022774d4932655cd3ff67be5	H0 reachable	Draw3-demo	ordinary	p1:2f,+4/-0,sha256:ef84da3d6f3a,paths:README.md,inkStrokeModelerTest/main.cpp,hunks:2; focus=int main()	diff semantics + historical prototype/product mapping	standalone Draw3 source/prototype; product import fc9a8b865cd8; no 1:1 path	历史独立 demo main 非 H0 产品入口；同类设备/呈现合同按 H0 Draw3 模块复核，真机未验证		静态差异与 H0 路径核对；未运行本批测试	20251122 1552 update
398	064e13db7254e1a1ffa7d6ddfc4a742cffe4455e	H0 reachable	Build,Draw3-demo	ordinary	p1:9f,+831/-365,sha256:72b7131dd682,paths:inkStrokeModelerTest/ink.hlsli,inkStrokeModelerTest/inkPixelShader.hlsl,inkStrokeModelerTest/inkStrokeModelerTest.vcxproj,inkStrokeModelerTest/inkStrokeModelerTest.vcxproj.filters…,hunks:18; focus=cbuffer ScreenBuffer : register(b0),struct VS_INPUT,float sdUnevenCapsule_Vertical(float2 p, float r1, float r2, float h)	diff semantics + historical prototype/product mapping	H0 tracked counterpart:Inkeys/Inkeys/Drawing/Draw3/Assets/ink.hlsli,Inkeys/Inkeys/Drawing/Draw3/Assets/inkPixelShader.hlsl,Inkeys/Inkeys/Drawing/Draw3/Assets/inkVertexShader.hlsl (3/7 changed code paths map)	历史独立 demo main 非 H0 产品入口；同类设备/呈现合同按 H0 Draw3 模块复核，真机未验证		静态差异与 H0 路径核对；未运行本批测试	20251122 1238 update
399	ca1231e98670fd7bd9276578565e2b9aec37f039	H0 reachable	Draw3-demo	ordinary	p1:2f,+17/-25,sha256:a51e38f74ca1,paths:inkStrokeModelerTest/main.cpp,inkStrokeModelerTest/renderer.h,hunks:6; focus=int main(),public:	diff semantics + historical prototype/product mapping	standalone Draw3 source/prototype; product import fc9a8b865cd8; no 1:1 path	历史独立 demo main 非 H0 产品入口；同类设备/呈现合同按 H0 Draw3 模块复核，真机未验证		静态差异与 H0 路径核对；未运行本批测试	20251121 1702 update
400	fc20c092be8b819eaca191e5fe0c9d9694507ec2	H0 reachable	Draw3-demo	ordinary	p1:4f,+464/-22,sha256:b2ec262e6636,paths:inkStrokeModelerTest/inkPixelShader.hlsl,inkStrokeModelerTest/main.cpp,inkStrokeModelerTest/main.h,inkStrokeModelerTest/renderer.h,hunks:16; focus=float4 main(PS_INPUT input) : SV_Target,int main(),extern WindowInfoClass windowInfo;	diff semantics + historical prototype/product mapping	H0 tracked counterpart:Inkeys/Inkeys/Drawing/Draw3/Assets/inkPixelShader.hlsl (1/4 changed code paths map)	历史独立 demo main 非 H0 产品入口；同类设备/呈现合同按 H0 Draw3 模块复核，真机未验证		静态差异与 H0 路径核对；未运行本批测试	20251121 1631 update
